{
  "type": "FeatureCollection",
  "name": "unr_igs20_midas_IN_rotated_180",
  "crs": {
    "type": "name",
    "properties": {
      "name": "urn:ogc:def:crs:OGC:1.3:CRS84"
    }
  },
  "metadata": {
    "source_url": "https://geodesy.unr.edu/gps_timeseries/IGS20/midas/midas.IN.txt",
    "source_readme": "https://geodesy.unr.edu/velocities/midas.readme.txt",
    "reference_frame": "Indian plate (IN)",
    "velocity_units_original": "m/year",
    "velocity_units_added": "mm/year",
    "horizontal_vector_rotation_degrees": 180,
    "rotation_note": "Horizontal GPS arrows were rotated 180 degrees for display by negating east/north velocity components; original east/north components and azimuth are preserved in original_* properties.",
    "longitude_note": "UNR longitudes outside [-180, 180] were normalized for GeoJSON coordinates; original value kept as raw_longitude."
  },
  "features": [
    {
      "type": "Feature",
      "geometry": {
        "type": "Point",
        "coordinates": [
          80.4099538374,
          8.3289973109,
          -8.4337
        ]
      },
      "properties": {
        "station": "AA03",
        "method": "MIDAS5",
        "reference_frame": "IN",
        "source": "UNR NGL IGS20 MIDAS",
        "first_epoch": 2014.6886,
        "last_epoch": 2022.7105,
        "duration_years": 8.0219,
        "n_east": 18,
        "n_north": 18,
        "n_up": 22,
        "east_velocity_m_per_yr": -0.002928,
        "north_velocity_m_per_yr": -0.000811,
        "up_velocity_m_per_yr": -0.010753,
        "east_velocity_mm_per_yr": -2.928,
        "north_velocity_mm_per_yr": -0.8109999999999999,
        "up_velocity_mm_per_yr": -10.753,
        "horizontal_speed_mm_per_yr": 3.0382404447311275,
        "azimuth_degrees_clockwise_from_north": 254.5182861966482,
        "horizontal_vector_rotation_degrees": 180,
        "original_east_velocity_m_per_yr": 0.002928,
        "original_north_velocity_m_per_yr": 0.000811,
        "original_east_velocity_mm_per_yr": 2.928,
        "original_north_velocity_mm_per_yr": 0.8109999999999999,
        "original_azimuth_degrees_clockwise_from_north": 74.5182861966482,
        "east_uncertainty_m_per_yr": 0.000168,
        "north_uncertainty_m_per_yr": 0.000725,
        "up_uncertainty_m_per_yr": 0.00175,
        "east_uncertainty_mm_per_yr": 0.16799999999999998,
        "north_uncertainty_mm_per_yr": 0.725,
        "up_uncertainty_mm_per_yr": 1.75,
        "east_offset": 1096.4004,
        "north_offset": 921037.6848,
        "up_offset": -8.3575,
        "east_outlier_fraction": 0.364,
        "north_outlier_fraction": 0.182,
        "up_outlier_fraction": 0.364,
        "east_pair_std_m_per_yr": 0.000083,
        "north_pair_std_m_per_yr": 0.000409,
        "up_pair_std_m_per_yr": 0.000871,
        "assumed_steps": 0,
        "latitude": 8.3289973109,
        "longitude": 80.4099538374,
        "raw_longitude": -279.5900461626,
        "height_m": -8.4337
      }
    },
    {
      "type": "Feature",
      "geometry": {
        "type": "Point",
        "coordinates": [
          81.22960589360002,
          8.5705144193,
          -85.52402
        ]
      },
      "properties": {
        "station": "AA05",
        "method": "MIDAS5",
        "reference_frame": "IN",
        "source": "UNR NGL IGS20 MIDAS",
        "first_epoch": 2015.6797,
        "last_epoch": 2022.705,
        "duration_years": 7.0253,
        "n_east": 10,
        "n_north": 10,
        "n_up": 10,
        "east_velocity_m_per_yr": -0.000662,
        "north_velocity_m_per_yr": -0.001591,
        "up_velocity_m_per_yr": -0.003483,
        "east_velocity_mm_per_yr": -0.662,
        "north_velocity_mm_per_yr": -1.591,
        "up_velocity_mm_per_yr": -3.483,
        "horizontal_speed_mm_per_yr": 1.7232309769731973,
        "azimuth_degrees_clockwise_from_north": 202.5917311419521,
        "horizontal_vector_rotation_degrees": 180,
        "original_east_velocity_m_per_yr": 0.000662,
        "original_north_velocity_m_per_yr": 0.001591,
        "original_east_velocity_mm_per_yr": 0.662,
        "original_north_velocity_mm_per_yr": 1.591,
        "original_azimuth_degrees_clockwise_from_north": 22.591731141952096,
        "east_uncertainty_m_per_yr": 0.001121,
        "north_uncertainty_m_per_yr": 0.000727,
        "up_uncertainty_m_per_yr": 0.001389,
        "east_uncertainty_mm_per_yr": 1.121,
        "north_uncertainty_mm_per_yr": 0.727,
        "up_uncertainty_mm_per_yr": 1.389,
        "east_offset": 3259.1506,
        "north_offset": 947749.0906,
        "up_offset": -85.5113,
        "east_outlier_fraction": 0.1,
        "north_outlier_fraction": 0,
        "up_outlier_fraction": 0.1,
        "east_pair_std_m_per_yr": 0.000447,
        "north_pair_std_m_per_yr": 0.000306,
        "up_pair_std_m_per_yr": 0.000554,
        "assumed_steps": 0,
        "latitude": 8.5705144193,
        "longitude": 81.22960589360002,
        "raw_longitude": -278.7703941064,
        "height_m": -85.52402
      }
    },
    {
      "type": "Feature",
      "geometry": {
        "type": "Point",
        "coordinates": [
          80.54462081269997,
          5.9567426425,
          -89.32758
        ]
      },
      "properties": {
        "station": "AA09",
        "method": "MIDAS5",
        "reference_frame": "IN",
        "source": "UNR NGL IGS20 MIDAS",
        "first_epoch": 2014.6858,
        "last_epoch": 2022.7023,
        "duration_years": 8.0165,
        "n_east": 15,
        "n_north": 15,
        "n_up": 20,
        "east_velocity_m_per_yr": -0.002771,
        "north_velocity_m_per_yr": -0.003885,
        "up_velocity_m_per_yr": -0.00003,
        "east_velocity_mm_per_yr": -2.771,
        "north_velocity_mm_per_yr": -3.885,
        "up_velocity_mm_per_yr": -0.030000000000000002,
        "horizontal_speed_mm_per_yr": 4.771966680520726,
        "azimuth_degrees_clockwise_from_north": 215.49859663295933,
        "horizontal_vector_rotation_degrees": 180,
        "original_east_velocity_m_per_yr": 0.002771,
        "original_north_velocity_m_per_yr": 0.003885,
        "original_east_velocity_mm_per_yr": 2.771,
        "original_north_velocity_mm_per_yr": 3.885,
        "original_azimuth_degrees_clockwise_from_north": 35.498596632959334,
        "east_uncertainty_m_per_yr": 0.000397,
        "north_uncertainty_m_per_yr": 0.010391,
        "up_uncertainty_m_per_yr": 0.003429,
        "east_uncertainty_mm_per_yr": 0.397,
        "north_uncertainty_mm_per_yr": 10.391,
        "up_uncertainty_mm_per_yr": 3.4290000000000003,
        "east_offset": 4940.4796,
        "north_offset": 658686.2428,
        "up_offset": -89.3276,
        "east_outlier_fraction": 0.3,
        "north_outlier_fraction": 0,
        "up_outlier_fraction": 0.4,
        "east_pair_std_m_per_yr": 0.000198,
        "north_pair_std_m_per_yr": 0.00618,
        "up_pair_std_m_per_yr": 0.00158,
        "assumed_steps": 0,
        "latitude": 5.9567426425,
        "longitude": 80.54462081269997,
        "raw_longitude": -279.4553791873,
        "height_m": -89.32758
      }
    },
    {
      "type": "Feature",
      "geometry": {
        "type": "Point",
        "coordinates": [
          91.73943262670002,
          26.3159435177,
          5.92319
        ]
      },
      "properties": {
        "station": "ABNG",
        "method": "MIDAS5",
        "reference_frame": "IN",
        "source": "UNR NGL IGS20 MIDAS",
        "first_epoch": 2012.6297,
        "last_epoch": 2016.0411,
        "duration_years": 3.4114,
        "n_east": 243,
        "n_north": 54,
        "n_up": 54,
        "east_velocity_m_per_yr": 0.00005,
        "north_velocity_m_per_yr": 0.006196,
        "up_velocity_m_per_yr": 0.004434,
        "east_velocity_mm_per_yr": 0.05,
        "north_velocity_mm_per_yr": 6.196,
        "up_velocity_mm_per_yr": 4.433999999999999,
        "horizontal_speed_mm_per_yr": 6.196201739775747,
        "azimuth_degrees_clockwise_from_north": 0.4623509994615347,
        "horizontal_vector_rotation_degrees": 180,
        "original_east_velocity_m_per_yr": -0.00005,
        "original_north_velocity_m_per_yr": -0.006196,
        "original_east_velocity_mm_per_yr": -0.05,
        "original_north_velocity_mm_per_yr": -6.196,
        "original_azimuth_degrees_clockwise_from_north": 180.46235099946153,
        "east_uncertainty_m_per_yr": 0.001613,
        "north_uncertainty_m_per_yr": 0.000955,
        "up_uncertainty_m_per_yr": 0.004022,
        "east_uncertainty_mm_per_yr": 1.613,
        "north_uncertainty_mm_per_yr": 0.955,
        "up_uncertainty_mm_per_yr": 4.022,
        "east_offset": 3937.1773,
        "north_offset": 2911838.0126,
        "up_offset": 5.9121,
        "east_outlier_fraction": 0.019,
        "north_outlier_fraction": 0.019,
        "up_outlier_fraction": 0.093,
        "east_pair_std_m_per_yr": 0.001561,
        "north_pair_std_m_per_yr": 0.000925,
        "up_pair_std_m_per_yr": 0.003744,
        "assumed_steps": 3,
        "latitude": 26.3159435177,
        "longitude": 91.73943262670002,
        "raw_longitude": -268.2605673733,
        "height_m": 5.92319
      }
    },
    {
      "type": "Feature",
      "geometry": {
        "type": "Point",
        "coordinates": [
          73.15014823169997,
          -0.6905889894,
          -89.12623
        ]
      },
      "properties": {
        "station": "ADDU",
        "method": "MIDAS5",
        "reference_frame": "IN",
        "source": "UNR NGL IGS20 MIDAS",
        "first_epoch": 2012.7009,
        "last_epoch": 2026.3901,
        "duration_years": 13.6892,
        "n_east": 633,
        "n_north": 633,
        "n_up": 907,
        "east_velocity_m_per_yr": -0.001014,
        "north_velocity_m_per_yr": 0.000137,
        "up_velocity_m_per_yr": -0.00133,
        "east_velocity_mm_per_yr": -1.014,
        "north_velocity_mm_per_yr": 0.13699999999999998,
        "up_velocity_mm_per_yr": -1.33,
        "horizontal_speed_mm_per_yr": 1.0232130765388017,
        "azimuth_degrees_clockwise_from_north": 277.694551950284,
        "horizontal_vector_rotation_degrees": 180,
        "original_east_velocity_m_per_yr": 0.001014,
        "original_north_velocity_m_per_yr": -0.000137,
        "original_east_velocity_mm_per_yr": 1.014,
        "original_north_velocity_mm_per_yr": -0.13699999999999998,
        "original_azimuth_degrees_clockwise_from_north": 97.694551950284,
        "east_uncertainty_m_per_yr": 0.000183,
        "north_uncertainty_m_per_yr": 0.000126,
        "up_uncertainty_m_per_yr": 0.0006,
        "east_uncertainty_mm_per_yr": 0.183,
        "north_uncertainty_mm_per_yr": 0.126,
        "up_uncertainty_mm_per_yr": 0.6,
        "east_offset": -5549.6449,
        "north_offset": -76361.8569,
        "up_offset": -89.1114,
        "east_outlier_fraction": 0.228,
        "north_outlier_fraction": 0.175,
        "up_outlier_fraction": 0.23,
        "east_pair_std_m_per_yr": 0.000645,
        "north_pair_std_m_per_yr": 0.000458,
        "up_pair_std_m_per_yr": 0.002108,
        "assumed_steps": 0,
        "latitude": -0.6905889894,
        "longitude": 73.15014823169997,
        "raw_longitude": -286.8498517683,
        "height_m": -89.12623
      }
    },
    {
      "type": "Feature",
      "geometry": {
        "type": "Point",
        "coordinates": [
          87.4498210438,
          26.1185807768,
          -7.15136
        ]
      },
      "properties": {
        "station": "ARA3",
        "method": "MIDAS5",
        "reference_frame": "IN",
        "source": "UNR NGL IGS20 MIDAS",
        "first_epoch": 2015.4798,
        "last_epoch": 2018.3354,
        "duration_years": 2.8556,
        "n_east": 862,
        "n_north": 862,
        "n_up": 1121,
        "east_velocity_m_per_yr": 0.000627,
        "north_velocity_m_per_yr": 0.001318,
        "up_velocity_m_per_yr": 0.00068,
        "east_velocity_mm_per_yr": 0.627,
        "north_velocity_mm_per_yr": 1.3179999999999998,
        "up_velocity_mm_per_yr": 0.68,
        "horizontal_speed_mm_per_yr": 1.4595386257307479,
        "azimuth_degrees_clockwise_from_north": 25.441404296664246,
        "horizontal_vector_rotation_degrees": 180,
        "original_east_velocity_m_per_yr": -0.000627,
        "original_north_velocity_m_per_yr": -0.001318,
        "original_east_velocity_mm_per_yr": -0.627,
        "original_north_velocity_mm_per_yr": -1.3179999999999998,
        "original_azimuth_degrees_clockwise_from_north": 205.44140429666422,
        "east_uncertainty_m_per_yr": 0.00037,
        "north_uncertainty_m_per_yr": 0.000358,
        "up_uncertainty_m_per_yr": 0.001428,
        "east_uncertainty_mm_per_yr": 0.37,
        "north_uncertainty_mm_per_yr": 0.358,
        "up_uncertainty_mm_per_yr": 1.428,
        "east_offset": 4982.8969,
        "north_offset": 2889971.9594,
        "up_offset": -7.1523,
        "east_outlier_fraction": 0.075,
        "north_outlier_fraction": 0.069,
        "up_outlier_fraction": 0.076,
        "east_pair_std_m_per_yr": 0.001583,
        "north_pair_std_m_per_yr": 0.001536,
        "up_pair_std_m_per_yr": 0.006114,
        "assumed_steps": 0,
        "latitude": 26.1185807768,
        "longitude": 87.4498210438,
        "raw_longitude": -272.5501789562,
        "height_m": -7.15136
      }
    },
    {
      "type": "Feature",
      "geometry": {
        "type": "Point",
        "coordinates": [
          73.76796918849999,
          17.2884442618,
          790.35297
        ]
      },
      "properties": {
        "station": "ATOL",
        "method": "MIDAS5",
        "reference_frame": "IN",
        "source": "UNR NGL IGS20 MIDAS",
        "first_epoch": 2013.0513,
        "last_epoch": 2022.1739,
        "duration_years": 9.1226,
        "n_east": 2372,
        "n_north": 2372,
        "n_up": 4130,
        "east_velocity_m_per_yr": 0.000295,
        "north_velocity_m_per_yr": 0.000893,
        "up_velocity_m_per_yr": 0.000334,
        "east_velocity_mm_per_yr": 0.29500000000000004,
        "north_velocity_mm_per_yr": 0.893,
        "up_velocity_mm_per_yr": 0.33399999999999996,
        "horizontal_speed_mm_per_yr": 0.9404647787131638,
        "azimuth_degrees_clockwise_from_north": 18.280824703711687,
        "horizontal_vector_rotation_degrees": 180,
        "original_east_velocity_m_per_yr": -0.000295,
        "original_north_velocity_m_per_yr": -0.000893,
        "original_east_velocity_mm_per_yr": -0.29500000000000004,
        "original_north_velocity_mm_per_yr": -0.893,
        "original_azimuth_degrees_clockwise_from_north": 198.28082470371172,
        "east_uncertainty_m_per_yr": 0.000223,
        "north_uncertainty_m_per_yr": 0.00024,
        "up_uncertainty_m_per_yr": 0.000849,
        "east_uncertainty_mm_per_yr": 0.223,
        "north_uncertainty_mm_per_yr": 0.24000000000000002,
        "up_uncertainty_mm_per_yr": 0.8490000000000001,
        "east_offset": -3405.7376,
        "north_offset": 1912229.3798,
        "up_offset": 790.3517,
        "east_outlier_fraction": 0.096,
        "north_outlier_fraction": 0.078,
        "up_outlier_fraction": 0.084,
        "east_pair_std_m_per_yr": 0.001812,
        "north_pair_std_m_per_yr": 0.001973,
        "up_pair_std_m_per_yr": 0.006943,
        "assumed_steps": 0,
        "latitude": 17.2884442618,
        "longitude": 73.76796918849999,
        "raw_longitude": -286.2320308115,
        "height_m": 790.35297
      }
    },
    {
      "type": "Feature",
      "geometry": {
        "type": "Point",
        "coordinates": [
          80.20449711409998,
          6.9576734876,
          -49.86504
        ]
      },
      "properties": {
        "station": "AWIS",
        "method": "MIDAS5",
        "reference_frame": "IN",
        "source": "UNR NGL IGS20 MIDAS",
        "first_epoch": 2016.7146,
        "last_epoch": 2022.7105,
        "duration_years": 5.9959,
        "n_east": 13,
        "n_north": 13,
        "n_up": 13,
        "east_velocity_m_per_yr": -0.001939,
        "north_velocity_m_per_yr": 0.000053,
        "up_velocity_m_per_yr": -0.002251,
        "east_velocity_mm_per_yr": -1.939,
        "north_velocity_mm_per_yr": 0.053,
        "up_velocity_mm_per_yr": -2.251,
        "horizontal_speed_mm_per_yr": 1.9397242072006011,
        "azimuth_degrees_clockwise_from_north": 271.5657144864012,
        "horizontal_vector_rotation_degrees": 180,
        "original_east_velocity_m_per_yr": 0.001939,
        "original_north_velocity_m_per_yr": -0.000053,
        "original_east_velocity_mm_per_yr": 1.939,
        "original_north_velocity_mm_per_yr": -0.053,
        "original_azimuth_degrees_clockwise_from_north": 91.56571448640119,
        "east_uncertainty_m_per_yr": 0.000225,
        "north_uncertainty_m_per_yr": 0.001631,
        "up_uncertainty_m_per_yr": 0.003483,
        "east_uncertainty_mm_per_yr": 0.225,
        "north_uncertainty_mm_per_yr": 1.631,
        "up_uncertainty_mm_per_yr": 3.483,
        "east_offset": 496.9517,
        "north_offset": 769377.3613,
        "up_offset": -49.857,
        "east_outlier_fraction": 0.231,
        "north_outlier_fraction": 0,
        "up_outlier_fraction": 0.077,
        "east_pair_std_m_per_yr": 0.000094,
        "north_pair_std_m_per_yr": 0.000782,
        "up_pair_std_m_per_yr": 0.001605,
        "assumed_steps": 0,
        "latitude": 6.9576734876,
        "longitude": 80.20449711409998,
        "raw_longitude": -279.7955028859,
        "height_m": -49.86504
      }
    },
    {
      "type": "Feature",
      "geometry": {
        "type": "Point",
        "coordinates": [
          92.19185881840002,
          23.161652304,
          -10.21926
        ]
      },
      "properties": {
        "station": "BAGH",
        "method": "MIDAS5",
        "reference_frame": "IN",
        "source": "UNR NGL IGS20 MIDAS",
        "first_epoch": 2007.154,
        "last_epoch": 2016.961,
        "duration_years": 9.807,
        "n_east": 2923,
        "n_north": 1877,
        "n_up": 2179,
        "east_velocity_m_per_yr": 0.00527,
        "north_velocity_m_per_yr": 0.002295,
        "up_velocity_m_per_yr": -0.000208,
        "east_velocity_mm_per_yr": 5.2700000000000005,
        "north_velocity_mm_per_yr": 2.2950000000000004,
        "up_velocity_mm_per_yr": -0.208,
        "horizontal_speed_mm_per_yr": 5.748036621316882,
        "azimuth_degrees_clockwise_from_north": 66.46765143909897,
        "horizontal_vector_rotation_degrees": 180,
        "original_east_velocity_m_per_yr": -0.00527,
        "original_north_velocity_m_per_yr": -0.002295,
        "original_east_velocity_mm_per_yr": -5.2700000000000005,
        "original_north_velocity_mm_per_yr": -2.2950000000000004,
        "original_azimuth_degrees_clockwise_from_north": 246.46765143909897,
        "east_uncertainty_m_per_yr": 0.000307,
        "north_uncertainty_m_per_yr": 0.000302,
        "up_uncertainty_m_per_yr": 0.001254,
        "east_uncertainty_mm_per_yr": 0.307,
        "north_uncertainty_mm_per_yr": 0.30200000000000005,
        "up_uncertainty_mm_per_yr": 1.254,
        "east_offset": -833.7805,
        "north_offset": 2562439.6739,
        "up_offset": -10.2189,
        "east_outlier_fraction": 0.063,
        "north_outlier_fraction": 0.053,
        "up_outlier_fraction": 0.196,
        "east_pair_std_m_per_yr": 0.001847,
        "north_pair_std_m_per_yr": 0.001826,
        "up_pair_std_m_per_yr": 0.006979,
        "assumed_steps": 8,
        "latitude": 23.161652304,
        "longitude": 92.19185881840002,
        "raw_longitude": -267.8081411816,
        "height_m": -10.21926
      }
    },
    {
      "type": "Feature",
      "geometry": {
        "type": "Point",
        "coordinates": [
          77.51161817309998,
          13.0343196425,
          831.87629
        ]
      },
      "properties": {
        "station": "BAN2",
        "method": "MIDAS5",
        "reference_frame": "IN",
        "source": "UNR NGL IGS20 MIDAS",
        "first_epoch": 2002.924,
        "last_epoch": 2013.0376,
        "duration_years": 10.1136,
        "n_east": 3186,
        "n_north": 2815,
        "n_up": 4380,
        "east_velocity_m_per_yr": -0.001149,
        "north_velocity_m_per_yr": 0.000118,
        "up_velocity_m_per_yr": -0.001717,
        "east_velocity_mm_per_yr": -1.149,
        "north_velocity_mm_per_yr": 0.118,
        "up_velocity_mm_per_yr": -1.717,
        "horizontal_speed_mm_per_yr": 1.155043289232053,
        "azimuth_degrees_clockwise_from_north": 275.8636052793332,
        "horizontal_vector_rotation_degrees": 180,
        "original_east_velocity_m_per_yr": 0.001149,
        "original_north_velocity_m_per_yr": -0.000118,
        "original_east_velocity_mm_per_yr": 1.149,
        "original_north_velocity_mm_per_yr": -0.118,
        "original_azimuth_degrees_clockwise_from_north": 95.86360527933323,
        "east_uncertainty_m_per_yr": 0.000431,
        "north_uncertainty_m_per_yr": 0.000298,
        "up_uncertainty_m_per_yr": 0.001147,
        "east_uncertainty_mm_per_yr": 0.431,
        "north_uncertainty_mm_per_yr": 0.298,
        "up_uncertainty_mm_per_yr": 1.147,
        "east_offset": 1260.012,
        "north_offset": 1441507.4388,
        "up_offset": 831.8842,
        "east_outlier_fraction": 0.057,
        "north_outlier_fraction": 0.049,
        "up_outlier_fraction": 0.052,
        "east_pair_std_m_per_yr": 0.003681,
        "north_pair_std_m_per_yr": 0.002556,
        "up_pair_std_m_per_yr": 0.009824,
        "assumed_steps": 3,
        "latitude": 13.0343196425,
        "longitude": 77.51161817309998,
        "raw_longitude": -282.4883818269,
        "height_m": 831.87629
      }
    },
    {
      "type": "Feature",
      "geometry": {
        "type": "Point",
        "coordinates": [
          77.62299605769999,
          12.9254006239,
          813.45642
        ]
      },
      "properties": {
        "station": "BANG",
        "method": "MIDAS5",
        "reference_frame": "IN",
        "source": "UNR NGL IGS20 MIDAS",
        "first_epoch": 2022.694,
        "last_epoch": 2025.7002,
        "duration_years": 3.0062,
        "n_east": 21,
        "n_north": 21,
        "n_up": 27,
        "east_velocity_m_per_yr": -0.001319,
        "north_velocity_m_per_yr": 0.000737,
        "up_velocity_m_per_yr": -0.001597,
        "east_velocity_mm_per_yr": -1.3190000000000002,
        "north_velocity_mm_per_yr": 0.737,
        "up_velocity_mm_per_yr": -1.597,
        "horizontal_speed_mm_per_yr": 1.510936795501387,
        "azimuth_degrees_clockwise_from_north": 299.19456522602695,
        "horizontal_vector_rotation_degrees": 180,
        "original_east_velocity_m_per_yr": 0.001319,
        "original_north_velocity_m_per_yr": -0.000737,
        "original_east_velocity_mm_per_yr": 1.3190000000000002,
        "original_north_velocity_mm_per_yr": -0.737,
        "original_azimuth_degrees_clockwise_from_north": 119.19456522602695,
        "east_uncertainty_m_per_yr": 0.001673,
        "north_uncertainty_m_per_yr": 0.002055,
        "up_uncertainty_m_per_yr": 0.010615,
        "east_uncertainty_mm_per_yr": 1.673,
        "north_uncertainty_mm_per_yr": 2.055,
        "up_uncertainty_mm_per_yr": 10.615,
        "east_offset": 2495.4216,
        "north_offset": 1429457.8304,
        "up_offset": 813.4597,
        "east_outlier_fraction": 0.037,
        "north_outlier_fraction": 0,
        "up_outlier_fraction": 0,
        "east_pair_std_m_per_yr": 0.001134,
        "north_pair_std_m_per_yr": 0.00142,
        "up_pair_std_m_per_yr": 0.007335,
        "assumed_steps": 0,
        "latitude": 12.9254006239,
        "longitude": 77.62299605769999,
        "raw_longitude": -282.3770039423,
        "height_m": 813.45642
      }
    },
    {
      "type": "Feature",
      "geometry": {
        "type": "Point",
        "coordinates": [
          92.37526740380002,
          22.725562273,
          23.74502
        ]
      },
      "properties": {
        "station": "BARK",
        "method": "MIDAS5",
        "reference_frame": "IN",
        "source": "UNR NGL IGS20 MIDAS",
        "first_epoch": 2007.1485,
        "last_epoch": 2015.9179,
        "duration_years": 8.7694,
        "n_east": 1564,
        "n_north": 716,
        "n_up": 765,
        "east_velocity_m_per_yr": 0.002396,
        "north_velocity_m_per_yr": 0.006889,
        "up_velocity_m_per_yr": 0.01293,
        "east_velocity_mm_per_yr": 2.396,
        "north_velocity_mm_per_yr": 6.889,
        "up_velocity_mm_per_yr": 12.93,
        "horizontal_speed_mm_per_yr": 7.293773851717642,
        "azimuth_degrees_clockwise_from_north": 19.177717689307542,
        "horizontal_vector_rotation_degrees": 180,
        "original_east_velocity_m_per_yr": -0.002396,
        "original_north_velocity_m_per_yr": -0.006889,
        "original_east_velocity_mm_per_yr": -2.396,
        "original_north_velocity_mm_per_yr": -6.889,
        "original_azimuth_degrees_clockwise_from_north": 199.1777176893075,
        "east_uncertainty_m_per_yr": 0.001012,
        "north_uncertainty_m_per_yr": 0.000604,
        "up_uncertainty_m_per_yr": 0.00528,
        "east_uncertainty_mm_per_yr": 1.012,
        "north_uncertainty_mm_per_yr": 0.6040000000000001,
        "up_uncertainty_mm_per_yr": 5.28,
        "east_offset": -2540.86,
        "north_offset": 2514145.6883,
        "up_offset": 23.708,
        "east_outlier_fraction": 0.067,
        "north_outlier_fraction": 0.111,
        "up_outlier_fraction": 0.106,
        "east_pair_std_m_per_yr": 0.003597,
        "north_pair_std_m_per_yr": 0.002093,
        "up_pair_std_m_per_yr": 0.018364,
        "assumed_steps": 6,
        "latitude": 22.725562273,
        "longitude": 92.37526740380002,
        "raw_longitude": -267.6247325962,
        "height_m": 23.74502
      }
    },
    {
      "type": "Feature",
      "geometry": {
        "type": "Point",
        "coordinates": [
          83.82572237250002,
          27.4573641144,
          54.25082
        ]
      },
      "properties": {
        "station": "BELT",
        "method": "MIDAS5",
        "reference_frame": "IN",
        "source": "UNR NGL IGS20 MIDAS",
        "first_epoch": 2008.512,
        "last_epoch": 2017.0924,
        "duration_years": 8.5804,
        "n_east": 1524,
        "n_north": 787,
        "n_up": 826,
        "east_velocity_m_per_yr": 0.002019,
        "north_velocity_m_per_yr": -0.000075,
        "up_velocity_m_per_yr": -0.002504,
        "east_velocity_mm_per_yr": 2.019,
        "north_velocity_mm_per_yr": -0.075,
        "up_velocity_mm_per_yr": -2.504,
        "horizontal_speed_mm_per_yr": 2.0203925361176727,
        "azimuth_degrees_clockwise_from_north": 92.12739402023612,
        "horizontal_vector_rotation_degrees": 180,
        "original_east_velocity_m_per_yr": -0.002019,
        "original_north_velocity_m_per_yr": 0.000075,
        "original_east_velocity_mm_per_yr": -2.019,
        "original_north_velocity_mm_per_yr": 0.075,
        "original_azimuth_degrees_clockwise_from_north": 272.1273940202361,
        "east_uncertainty_m_per_yr": 0.000418,
        "north_uncertainty_m_per_yr": 0.000497,
        "up_uncertainty_m_per_yr": 0.002056,
        "east_uncertainty_mm_per_yr": 0.41800000000000004,
        "north_uncertainty_mm_per_yr": 0.49700000000000005,
        "up_uncertainty_mm_per_yr": 2.056,
        "east_offset": 2542.5858,
        "north_offset": 3038309.4218,
        "up_offset": 54.258,
        "east_outlier_fraction": 0.054,
        "north_outlier_fraction": 0.036,
        "up_outlier_fraction": 0.041,
        "east_pair_std_m_per_yr": 0.001555,
        "north_pair_std_m_per_yr": 0.001865,
        "up_pair_std_m_per_yr": 0.007695,
        "assumed_steps": 8,
        "latitude": 27.4573641144,
        "longitude": 83.82572237250002,
        "raw_longitude": -276.1742776275,
        "height_m": 54.25082
      }
    },
    {
      "type": "Feature",
      "geometry": {
        "type": "Point",
        "coordinates": [
          84.3796695936,
          28.2286090664,
          738.0407
        ]
      },
      "properties": {
        "station": "BESI",
        "method": "MIDAS5",
        "reference_frame": "IN",
        "source": "UNR NGL IGS20 MIDAS",
        "first_epoch": 2008.4901,
        "last_epoch": 2019.5072,
        "duration_years": 11.0171,
        "n_east": 2497,
        "n_north": 1880,
        "n_up": 2775,
        "east_velocity_m_per_yr": 0.003128,
        "north_velocity_m_per_yr": 0.00583,
        "up_velocity_m_per_yr": 0.001726,
        "east_velocity_mm_per_yr": 3.128,
        "north_velocity_mm_per_yr": 5.83,
        "up_velocity_mm_per_yr": 1.7260000000000002,
        "horizontal_speed_mm_per_yr": 6.616138148497202,
        "azimuth_degrees_clockwise_from_north": 28.21512243492259,
        "horizontal_vector_rotation_degrees": 180,
        "original_east_velocity_m_per_yr": -0.003128,
        "original_north_velocity_m_per_yr": -0.00583,
        "original_east_velocity_mm_per_yr": -3.128,
        "original_north_velocity_mm_per_yr": -5.83,
        "original_azimuth_degrees_clockwise_from_north": 208.21512243492262,
        "east_uncertainty_m_per_yr": 0.00034,
        "north_uncertainty_m_per_yr": 0.000338,
        "up_uncertainty_m_per_yr": 0.001178,
        "east_uncertainty_mm_per_yr": 0.34,
        "north_uncertainty_mm_per_yr": 0.33799999999999997,
        "up_uncertainty_mm_per_yr": 1.178,
        "east_offset": -1995.8022,
        "north_offset": 3123776.2532,
        "up_offset": 738.0291,
        "east_outlier_fraction": 0.047,
        "north_outlier_fraction": 0.065,
        "up_outlier_fraction": 0.063,
        "east_pair_std_m_per_yr": 0.002327,
        "north_pair_std_m_per_yr": 0.002291,
        "up_pair_std_m_per_yr": 0.007992,
        "assumed_steps": 9,
        "latitude": 28.2286090664,
        "longitude": 84.3796695936,
        "raw_longitude": -275.6203304064,
        "height_m": 738.0407
      }
    },
    {
      "type": "Feature",
      "geometry": {
        "type": "Point",
        "coordinates": [
          84.85271084060003,
          27.0236774491,
          18.8875
        ]
      },
      "properties": {
        "station": "BGNJ",
        "method": "MIDAS5",
        "reference_frame": "IN",
        "source": "UNR NGL IGS20 MIDAS",
        "first_epoch": 2015.4798,
        "last_epoch": 2016.6899,
        "duration_years": 1.2101,
        "n_east": 128,
        "n_north": 79,
        "n_up": 79,
        "east_velocity_m_per_yr": 0.001315,
        "north_velocity_m_per_yr": 0.001319,
        "up_velocity_m_per_yr": -0.015829,
        "east_velocity_mm_per_yr": 1.315,
        "north_velocity_mm_per_yr": 1.3190000000000002,
        "up_velocity_mm_per_yr": -15.828999999999999,
        "horizontal_speed_mm_per_yr": 1.8625214092729243,
        "azimuth_degrees_clockwise_from_north": 44.91299053079899,
        "horizontal_vector_rotation_degrees": 180,
        "original_east_velocity_m_per_yr": -0.001315,
        "original_north_velocity_m_per_yr": -0.001319,
        "original_east_velocity_mm_per_yr": -1.315,
        "original_north_velocity_mm_per_yr": -1.3190000000000002,
        "original_azimuth_degrees_clockwise_from_north": 224.91299053079902,
        "east_uncertainty_m_per_yr": 0.000971,
        "north_uncertainty_m_per_yr": 0.000913,
        "up_uncertainty_m_per_yr": 0.003932,
        "east_uncertainty_mm_per_yr": 0.971,
        "north_uncertainty_mm_per_yr": 0.9129999999999999,
        "up_uncertainty_mm_per_yr": 3.932,
        "east_offset": -4692.7387,
        "north_offset": 2990253.8066,
        "up_offset": 18.9054,
        "east_outlier_fraction": 0.063,
        "north_outlier_fraction": 0.101,
        "up_outlier_fraction": 0.114,
        "east_pair_std_m_per_yr": 0.001111,
        "north_pair_std_m_per_yr": 0.001023,
        "up_pair_std_m_per_yr": 0.004375,
        "assumed_steps": 0,
        "latitude": 27.0236774491,
        "longitude": 84.85271084060003,
        "raw_longitude": -275.1472891594,
        "height_m": 18.8875
      }
    },
    {
      "type": "Feature",
      "geometry": {
        "type": "Point",
        "coordinates": [
          87.04773686879997,
          25.2263632217,
          -21.67982
        ]
      },
      "properties": {
        "station": "BHGP",
        "method": "MIDAS5",
        "reference_frame": "IN",
        "source": "UNR NGL IGS20 MIDAS",
        "first_epoch": 2015.1184,
        "last_epoch": 2022.4531,
        "duration_years": 7.3347,
        "n_east": 673,
        "n_north": 587,
        "n_up": 651,
        "east_velocity_m_per_yr": 0.001302,
        "north_velocity_m_per_yr": 0.000309,
        "up_velocity_m_per_yr": -0.001051,
        "east_velocity_mm_per_yr": 1.302,
        "north_velocity_mm_per_yr": 0.309,
        "up_velocity_mm_per_yr": -1.0510000000000002,
        "horizontal_speed_mm_per_yr": 1.3381647880586307,
        "azimuth_degrees_clockwise_from_north": 76.64915458667247,
        "horizontal_vector_rotation_degrees": 180,
        "original_east_velocity_m_per_yr": -0.001302,
        "original_north_velocity_m_per_yr": -0.000309,
        "original_east_velocity_mm_per_yr": -1.302,
        "original_north_velocity_mm_per_yr": -0.309,
        "original_azimuth_degrees_clockwise_from_north": 256.64915458667247,
        "east_uncertainty_m_per_yr": 0.000101,
        "north_uncertainty_m_per_yr": 0.000154,
        "up_uncertainty_m_per_yr": 0.000879,
        "east_uncertainty_mm_per_yr": 0.101,
        "north_uncertainty_mm_per_yr": 0.154,
        "up_uncertainty_mm_per_yr": 0.879,
        "east_offset": 4810.1333,
        "north_offset": 2791129.4225,
        "up_offset": -21.6769,
        "east_outlier_fraction": 0.181,
        "north_outlier_fraction": 0.077,
        "up_outlier_fraction": 0.084,
        "east_pair_std_m_per_yr": 0.000309,
        "north_pair_std_m_per_yr": 0.000501,
        "up_pair_std_m_per_yr": 0.002855,
        "assumed_steps": 3,
        "latitude": 25.2263632217,
        "longitude": 87.04773686879997,
        "raw_longitude": -272.9522631312,
        "height_m": -21.67982
      }
    },
    {
      "type": "Feature",
      "geometry": {
        "type": "Point",
        "coordinates": [
          73.2583064081,
          28.0335591241,
          178.03152
        ]
      },
      "properties": {
        "station": "BIKA",
        "method": "MIDAS5",
        "reference_frame": "IN",
        "source": "UNR NGL IGS20 MIDAS",
        "first_epoch": 2013.9138,
        "last_epoch": 2019.9179,
        "duration_years": 6.0041,
        "n_east": 1791,
        "n_north": 1575,
        "n_up": 2354,
        "east_velocity_m_per_yr": 0.002537,
        "north_velocity_m_per_yr": 0.002189,
        "up_velocity_m_per_yr": 0.001208,
        "east_velocity_mm_per_yr": 2.5370000000000004,
        "north_velocity_mm_per_yr": 2.189,
        "up_velocity_mm_per_yr": 1.2080000000000002,
        "horizontal_speed_mm_per_yr": 3.350834224487986,
        "azimuth_degrees_clockwise_from_north": 49.21138612044365,
        "horizontal_vector_rotation_degrees": 180,
        "original_east_velocity_m_per_yr": -0.002537,
        "original_north_velocity_m_per_yr": -0.002189,
        "original_east_velocity_mm_per_yr": -2.5370000000000004,
        "original_north_velocity_mm_per_yr": -2.189,
        "original_azimuth_degrees_clockwise_from_north": 229.21138612044368,
        "east_uncertainty_m_per_yr": 0.000226,
        "north_uncertainty_m_per_yr": 0.000251,
        "up_uncertainty_m_per_yr": 0.000879,
        "east_uncertainty_mm_per_yr": 0.22599999999999998,
        "north_uncertainty_mm_per_yr": 0.251,
        "up_uncertainty_mm_per_yr": 0.879,
        "east_offset": -4099.9043,
        "north_offset": 3102160.6457,
        "up_offset": 178.0275,
        "east_outlier_fraction": 0.056,
        "north_outlier_fraction": 0.049,
        "up_outlier_fraction": 0.076,
        "east_pair_std_m_per_yr": 0.001418,
        "north_pair_std_m_per_yr": 0.001579,
        "up_pair_std_m_per_yr": 0.005454,
        "assumed_steps": 1,
        "latitude": 28.0335591241,
        "longitude": 73.2583064081,
        "raw_longitude": -286.7416935919,
        "height_m": 178.03152
      }
    },
    {
      "type": "Feature",
      "geometry": {
        "type": "Point",
        "coordinates": [
          87.26702703820001,
          26.4838001214,
          13.2159
        ]
      },
      "properties": {
        "station": "BIRP",
        "method": "MIDAS5",
        "reference_frame": "IN",
        "source": "UNR NGL IGS20 MIDAS",
        "first_epoch": 1996.9418,
        "last_epoch": 2001.8097,
        "duration_years": 4.8679,
        "n_east": 644,
        "n_north": 639,
        "n_up": 782,
        "east_velocity_m_per_yr": 0.001157,
        "north_velocity_m_per_yr": -0.00065,
        "up_velocity_m_per_yr": -0.001289,
        "east_velocity_mm_per_yr": 1.157,
        "north_velocity_mm_per_yr": -0.65,
        "up_velocity_mm_per_yr": -1.289,
        "horizontal_speed_mm_per_yr": 1.327082891156389,
        "azimuth_degrees_clockwise_from_north": 119.32717949045679,
        "horizontal_vector_rotation_degrees": 180,
        "original_east_velocity_m_per_yr": -0.001157,
        "original_north_velocity_m_per_yr": 0.00065,
        "original_east_velocity_mm_per_yr": -1.157,
        "original_north_velocity_mm_per_yr": 0.65,
        "original_azimuth_degrees_clockwise_from_north": 299.3271794904568,
        "east_uncertainty_m_per_yr": 0.00096,
        "north_uncertainty_m_per_yr": 0.001063,
        "up_uncertainty_m_per_yr": 0.003824,
        "east_uncertainty_mm_per_yr": 0.9600000000000001,
        "north_uncertainty_mm_per_yr": 1.063,
        "up_uncertainty_mm_per_yr": 3.8240000000000003,
        "east_offset": -3287.5935,
        "north_offset": 2930435.5675,
        "up_offset": 13.2175,
        "east_outlier_fraction": 0.113,
        "north_outlier_fraction": 0.058,
        "up_outlier_fraction": 0.083,
        "east_pair_std_m_per_yr": 0.003362,
        "north_pair_std_m_per_yr": 0.003838,
        "up_pair_std_m_per_yr": 0.013616,
        "assumed_steps": 1,
        "latitude": 26.4838001214,
        "longitude": 87.26702703820001,
        "raw_longitude": -272.7329729618,
        "height_m": 13.2159
      }
    },
    {
      "type": "Feature",
      "geometry": {
        "type": "Point",
        "coordinates": [
          81.7143624304,
          28.6558195621,
          2240.83092
        ]
      },
      "properties": {
        "station": "BMCL",
        "method": "MIDAS5",
        "reference_frame": "IN",
        "source": "UNR NGL IGS20 MIDAS",
        "first_epoch": 2007.2088,
        "last_epoch": 2016.4846,
        "duration_years": 9.2758,
        "n_east": 3114,
        "n_north": 2151,
        "n_up": 2520,
        "east_velocity_m_per_yr": 0.001524,
        "north_velocity_m_per_yr": 0.001568,
        "up_velocity_m_per_yr": 0.000196,
        "east_velocity_mm_per_yr": 1.524,
        "north_velocity_mm_per_yr": 1.568,
        "up_velocity_mm_per_yr": 0.196,
        "horizontal_speed_mm_per_yr": 2.186595527298087,
        "azimuth_degrees_clockwise_from_north": 44.18472052061702,
        "horizontal_vector_rotation_degrees": 180,
        "original_east_velocity_m_per_yr": -0.001524,
        "original_north_velocity_m_per_yr": -0.001568,
        "original_east_velocity_mm_per_yr": -1.524,
        "original_north_velocity_mm_per_yr": -1.568,
        "original_azimuth_degrees_clockwise_from_north": 224.18472052061702,
        "east_uncertainty_m_per_yr": 0.000461,
        "north_uncertainty_m_per_yr": 0.000345,
        "up_uncertainty_m_per_yr": 0.001394,
        "east_uncertainty_mm_per_yr": 0.46099999999999997,
        "north_uncertainty_mm_per_yr": 0.345,
        "up_uncertainty_mm_per_yr": 1.3940000000000001,
        "east_offset": 1403.9207,
        "north_offset": 3171122.6567,
        "up_offset": 2240.8303,
        "east_outlier_fraction": 0.059,
        "north_outlier_fraction": 0.062,
        "up_outlier_fraction": 0.124,
        "east_pair_std_m_per_yr": 0.002986,
        "north_pair_std_m_per_yr": 0.002231,
        "up_pair_std_m_per_yr": 0.00871,
        "assumed_steps": 6,
        "latitude": 28.6558195621,
        "longitude": 81.7143624304,
        "raw_longitude": -278.2856375696,
        "height_m": 2240.83092
      }
    },
    {
      "type": "Feature",
      "geometry": {
        "type": "Point",
        "coordinates": [
          84.39508078749998,
          27.9494650574,
          775.22127
        ]
      },
      "properties": {
        "station": "BNDP",
        "method": "MIDAS5",
        "reference_frame": "IN",
        "source": "UNR NGL IGS20 MIDAS",
        "first_epoch": 2015.332,
        "last_epoch": 2016.5394,
        "duration_years": 1.2074,
        "n_east": 317,
        "n_north": 114,
        "n_up": 114,
        "east_velocity_m_per_yr": 0.001502,
        "north_velocity_m_per_yr": 0.001411,
        "up_velocity_m_per_yr": 0.004356,
        "east_velocity_mm_per_yr": 1.502,
        "north_velocity_mm_per_yr": 1.411,
        "up_velocity_mm_per_yr": 4.356,
        "horizontal_speed_mm_per_yr": 2.0608068808114943,
        "azimuth_degrees_clockwise_from_north": 46.78929655164245,
        "horizontal_vector_rotation_degrees": 180,
        "original_east_velocity_m_per_yr": -0.001502,
        "original_north_velocity_m_per_yr": -0.001411,
        "original_east_velocity_mm_per_yr": -1.502,
        "original_north_velocity_mm_per_yr": -1.411,
        "original_azimuth_degrees_clockwise_from_north": 226.78929655164248,
        "east_uncertainty_m_per_yr": 0.001723,
        "north_uncertainty_m_per_yr": 0.001577,
        "up_uncertainty_m_per_yr": 0.006709,
        "east_uncertainty_mm_per_yr": 1.7229999999999999,
        "north_uncertainty_mm_per_yr": 1.577,
        "up_uncertainty_mm_per_yr": 6.709,
        "east_offset": -484.1268,
        "north_offset": 3092841.4788,
        "up_offset": 775.2191,
        "east_outlier_fraction": 0.009,
        "north_outlier_fraction": 0.026,
        "up_outlier_fraction": 0.018,
        "east_pair_std_m_per_yr": 0.002436,
        "north_pair_std_m_per_yr": 0.002209,
        "up_pair_std_m_per_yr": 0.009442,
        "assumed_steps": 1,
        "latitude": 27.9494650574,
        "longitude": 84.39508078749998,
        "raw_longitude": -275.6049192125,
        "height_m": 775.22127
      }
    },
    {
      "type": "Feature",
      "geometry": {
        "type": "Point",
        "coordinates": [
          89.66478958789997,
          26.1191539511,
          -6.57544
        ]
      },
      "properties": {
        "station": "BNGM",
        "method": "MIDAS5",
        "reference_frame": "IN",
        "source": "UNR NGL IGS20 MIDAS",
        "first_epoch": 2012.8104,
        "last_epoch": 2018.6393,
        "duration_years": 5.8289,
        "n_east": 1409,
        "n_north": 1391,
        "n_up": 1683,
        "east_velocity_m_per_yr": 0.000405,
        "north_velocity_m_per_yr": 0.001958,
        "up_velocity_m_per_yr": -0.003901,
        "east_velocity_mm_per_yr": 0.40499999999999997,
        "north_velocity_mm_per_yr": 1.9580000000000002,
        "up_velocity_mm_per_yr": -3.901,
        "horizontal_speed_mm_per_yr": 1.999447173595742,
        "azimuth_degrees_clockwise_from_north": 11.686466261529972,
        "horizontal_vector_rotation_degrees": 180,
        "original_east_velocity_m_per_yr": -0.000405,
        "original_north_velocity_m_per_yr": -0.001958,
        "original_east_velocity_mm_per_yr": -0.40499999999999997,
        "original_north_velocity_mm_per_yr": -1.9580000000000002,
        "original_azimuth_degrees_clockwise_from_north": 191.68646626152994,
        "east_uncertainty_m_per_yr": 0.000328,
        "north_uncertainty_m_per_yr": 0.000413,
        "up_uncertainty_m_per_yr": 0.001867,
        "east_uncertainty_mm_per_yr": 0.328,
        "north_uncertainty_mm_per_yr": 0.41300000000000003,
        "up_uncertainty_mm_per_yr": 1.867,
        "east_offset": -3521.74,
        "north_offset": 2890035.4122,
        "up_offset": -6.5654,
        "east_outlier_fraction": 0.09,
        "north_outlier_fraction": 0.082,
        "up_outlier_fraction": 0.062,
        "east_pair_std_m_per_yr": 0.001708,
        "north_pair_std_m_per_yr": 0.002161,
        "up_pair_std_m_per_yr": 0.009862,
        "assumed_steps": 2,
        "latitude": 26.1191539511,
        "longitude": 89.66478958789997,
        "raw_longitude": -270.3352104121,
        "height_m": -6.57544
      }
    },
    {
      "type": "Feature",
      "geometry": {
        "type": "Point",
        "coordinates": [
          89.23009810939999,
          22.4981372333,
          -40.09459
        ]
      },
      "properties": {
        "station": "BNTL",
        "method": "MIDAS5",
        "reference_frame": "IN",
        "source": "UNR NGL IGS20 MIDAS",
        "first_epoch": 2019.5647,
        "last_epoch": 2026.1492,
        "duration_years": 6.5845,
        "n_east": 1979,
        "n_north": 1645,
        "n_up": 2615,
        "east_velocity_m_per_yr": -0.000548,
        "north_velocity_m_per_yr": 0.000328,
        "up_velocity_m_per_yr": -0.007168,
        "east_velocity_mm_per_yr": -0.5479999999999999,
        "north_velocity_mm_per_yr": 0.328,
        "up_velocity_mm_per_yr": -7.168,
        "horizontal_speed_mm_per_yr": 0.6386610994886097,
        "azimuth_degrees_clockwise_from_north": 300.90221436507176,
        "horizontal_vector_rotation_degrees": 180,
        "original_east_velocity_m_per_yr": 0.000548,
        "original_north_velocity_m_per_yr": -0.000328,
        "original_east_velocity_mm_per_yr": 0.5479999999999999,
        "original_north_velocity_mm_per_yr": -0.328,
        "original_azimuth_degrees_clockwise_from_north": 120.90221436507176,
        "east_uncertainty_m_per_yr": 0.000264,
        "north_uncertainty_m_per_yr": 0.000275,
        "up_uncertainty_m_per_yr": 0.000772,
        "east_uncertainty_mm_per_yr": 0.264,
        "north_uncertainty_mm_per_yr": 0.275,
        "up_uncertainty_mm_per_yr": 0.772,
        "east_offset": 3096.9118,
        "north_offset": 2488960.9442,
        "up_offset": -40.0732,
        "east_outlier_fraction": 0.106,
        "north_outlier_fraction": 0.133,
        "up_outlier_fraction": 0.063,
        "east_pair_std_m_per_yr": 0.001697,
        "north_pair_std_m_per_yr": 0.00174,
        "up_pair_std_m_per_yr": 0.005083,
        "assumed_steps": 1,
        "latitude": 22.4981372333,
        "longitude": 89.23009810939999,
        "raw_longitude": -270.7699018906,
        "height_m": -40.09459
      }
    },
    {
      "type": "Feature",
      "geometry": {
        "type": "Point",
        "coordinates": [
          87.2721923213,
          26.5197132718,
          19.93999
        ]
      },
      "properties": {
        "station": "BRN2",
        "method": "MIDAS5",
        "reference_frame": "IN",
        "source": "UNR NGL IGS20 MIDAS",
        "first_epoch": 2009.3854,
        "last_epoch": 2020.4408,
        "duration_years": 11.0554,
        "n_east": 3548,
        "n_north": 3135,
        "n_up": 4606,
        "east_velocity_m_per_yr": 0.001022,
        "north_velocity_m_per_yr": 0.001143,
        "up_velocity_m_per_yr": -0.002114,
        "east_velocity_mm_per_yr": 1.0219999999999998,
        "north_velocity_mm_per_yr": 1.143,
        "up_velocity_mm_per_yr": -2.114,
        "horizontal_speed_mm_per_yr": 1.533275252523173,
        "azimuth_degrees_clockwise_from_north": 41.80111574731205,
        "horizontal_vector_rotation_degrees": 180,
        "original_east_velocity_m_per_yr": -0.001022,
        "original_north_velocity_m_per_yr": -0.001143,
        "original_east_velocity_mm_per_yr": -1.0219999999999998,
        "original_north_velocity_mm_per_yr": -1.143,
        "original_azimuth_degrees_clockwise_from_north": 221.80111574731205,
        "east_uncertainty_m_per_yr": 0.000193,
        "north_uncertainty_m_per_yr": 0.000249,
        "up_uncertainty_m_per_yr": 0.00074,
        "east_uncertainty_mm_per_yr": 0.193,
        "north_uncertainty_mm_per_yr": 0.24899999999999997,
        "up_uncertainty_mm_per_yr": 0.74,
        "east_offset": -2771.9398,
        "north_offset": 2934414.4132,
        "up_offset": 19.9536,
        "east_outlier_fraction": 0.054,
        "north_outlier_fraction": 0.037,
        "up_outlier_fraction": 0.068,
        "east_pair_std_m_per_yr": 0.001697,
        "north_pair_std_m_per_yr": 0.002206,
        "up_pair_std_m_per_yr": 0.006446,
        "assumed_steps": 6,
        "latitude": 26.5197132718,
        "longitude": 87.2721923213,
        "raw_longitude": -272.7278076787,
        "height_m": 19.93999
      }
    },
    {
      "type": "Feature",
      "geometry": {
        "type": "Point",
        "coordinates": [
          87.28125405930001,
          26.4386702572,
          9.01074
        ]
      },
      "properties": {
        "station": "BRNG",
        "method": "MIDAS5",
        "reference_frame": "IN",
        "source": "UNR NGL IGS20 MIDAS",
        "first_epoch": 2004.1999,
        "last_epoch": 2009.3771,
        "duration_years": 5.1772,
        "n_east": 825,
        "n_north": 564,
        "n_up": 701,
        "east_velocity_m_per_yr": 0.001013,
        "north_velocity_m_per_yr": 0.000959,
        "up_velocity_m_per_yr": -0.00026,
        "east_velocity_mm_per_yr": 1.013,
        "north_velocity_mm_per_yr": 0.959,
        "up_velocity_mm_per_yr": -0.25999999999999995,
        "horizontal_speed_mm_per_yr": 1.3949372745754556,
        "azimuth_degrees_clockwise_from_north": 46.56855938355409,
        "horizontal_vector_rotation_degrees": 180,
        "original_east_velocity_m_per_yr": -0.001013,
        "original_north_velocity_m_per_yr": -0.000959,
        "original_east_velocity_mm_per_yr": -1.013,
        "original_north_velocity_mm_per_yr": -0.959,
        "original_azimuth_degrees_clockwise_from_north": 226.56855938355412,
        "east_uncertainty_m_per_yr": 0.000466,
        "north_uncertainty_m_per_yr": 0.000353,
        "up_uncertainty_m_per_yr": 0.002136,
        "east_uncertainty_mm_per_yr": 0.46599999999999997,
        "north_uncertainty_mm_per_yr": 0.35300000000000004,
        "up_uncertainty_mm_per_yr": 2.1359999999999997,
        "east_offset": -1869.8535,
        "north_offset": 2925435.3813,
        "up_offset": 9.0114,
        "east_outlier_fraction": 0.111,
        "north_outlier_fraction": 0.11,
        "up_outlier_fraction": 0.06,
        "east_pair_std_m_per_yr": 0.001546,
        "north_pair_std_m_per_yr": 0.001172,
        "up_pair_std_m_per_yr": 0.007291,
        "assumed_steps": 2,
        "latitude": 26.4386702572,
        "longitude": 87.28125405930001,
        "raw_longitude": -272.7187459407,
        "height_m": 9.01074
      }
    },
    {
      "type": "Feature",
      "geometry": {
        "type": "Point",
        "coordinates": [
          85.4194280639,
          27.3796693588,
          1020.71224
        ]
      },
      "properties": {
        "station": "BTNI",
        "method": "MIDAS5",
        "reference_frame": "IN",
        "source": "UNR NGL IGS20 MIDAS",
        "first_epoch": 2015.4442,
        "last_epoch": 2016.8296,
        "duration_years": 1.3854,
        "n_east": 501,
        "n_north": 281,
        "n_up": 281,
        "east_velocity_m_per_yr": -0.000995,
        "north_velocity_m_per_yr": 0.003095,
        "up_velocity_m_per_yr": 0.002808,
        "east_velocity_mm_per_yr": -0.995,
        "north_velocity_mm_per_yr": 3.095,
        "up_velocity_mm_per_yr": 2.8080000000000003,
        "horizontal_speed_mm_per_yr": 3.251007536133991,
        "azimuth_degrees_clockwise_from_north": 342.1781149144026,
        "horizontal_vector_rotation_degrees": 180,
        "original_east_velocity_m_per_yr": 0.000995,
        "original_north_velocity_m_per_yr": -0.003095,
        "original_east_velocity_mm_per_yr": 0.995,
        "original_north_velocity_mm_per_yr": -3.095,
        "original_azimuth_degrees_clockwise_from_north": 162.1781149144026,
        "east_uncertainty_m_per_yr": 0.000877,
        "north_uncertainty_m_per_yr": 0.000851,
        "up_uncertainty_m_per_yr": 0.002924,
        "east_uncertainty_mm_per_yr": 0.877,
        "north_uncertainty_mm_per_yr": 0.851,
        "up_uncertainty_mm_per_yr": 2.924,
        "east_offset": 1921.7962,
        "north_offset": 3029700.1195,
        "up_offset": 1020.7102,
        "east_outlier_fraction": 0.093,
        "north_outlier_fraction": 0.149,
        "up_outlier_fraction": 0.114,
        "east_pair_std_m_per_yr": 0.001863,
        "north_pair_std_m_per_yr": 0.001749,
        "up_pair_std_m_per_yr": 0.006135,
        "assumed_steps": 0,
        "latitude": 27.3796693588,
        "longitude": 85.4194280639,
        "raw_longitude": -274.5805719361,
        "height_m": 1020.71224
      }
    },
    {
      "type": "Feature",
      "geometry": {
        "type": "Point",
        "coordinates": [
          90.3626132636,
          22.6604114764,
          -28.77069
        ]
      },
      "properties": {
        "station": "BUG1",
        "method": "MIDAS5",
        "reference_frame": "IN",
        "source": "UNR NGL IGS20 MIDAS",
        "first_epoch": 2022.256,
        "last_epoch": 2026.3901,
        "duration_years": 4.1341,
        "n_east": 524,
        "n_north": 121,
        "n_up": 121,
        "east_velocity_m_per_yr": 0.002477,
        "north_velocity_m_per_yr": 0.001888,
        "up_velocity_m_per_yr": -0.001329,
        "east_velocity_mm_per_yr": 2.477,
        "north_velocity_mm_per_yr": 1.888,
        "up_velocity_mm_per_yr": -1.3290000000000002,
        "horizontal_speed_mm_per_yr": 3.1144940199011457,
        "azimuth_degrees_clockwise_from_north": 52.684902649828814,
        "horizontal_vector_rotation_degrees": 180,
        "original_east_velocity_m_per_yr": -0.002477,
        "original_north_velocity_m_per_yr": -0.001888,
        "original_east_velocity_mm_per_yr": -2.477,
        "original_north_velocity_mm_per_yr": -1.888,
        "original_azimuth_degrees_clockwise_from_north": 232.68490264982879,
        "east_uncertainty_m_per_yr": 0.001274,
        "north_uncertainty_m_per_yr": 0.001493,
        "up_uncertainty_m_per_yr": 0.003072,
        "east_uncertainty_mm_per_yr": 1.274,
        "north_uncertainty_mm_per_yr": 1.4929999999999999,
        "up_uncertainty_mm_per_yr": 3.072,
        "east_offset": -3842.5441,
        "north_offset": 2506930.9536,
        "up_offset": -28.7699,
        "east_outlier_fraction": 0,
        "north_outlier_fraction": 0,
        "up_outlier_fraction": 0.099,
        "east_pair_std_m_per_yr": 0.001863,
        "north_pair_std_m_per_yr": 0.002185,
        "up_pair_std_m_per_yr": 0.004265,
        "assumed_steps": 3,
        "latitude": 22.6604114764,
        "longitude": 90.3626132636,
        "raw_longitude": -269.6373867364,
        "height_m": -28.77069
      }
    },
    {
      "type": "Feature",
      "geometry": {
        "type": "Point",
        "coordinates": [
          90.72285881530001,
          27.5447070362,
          2873.58722
        ]
      },
      "properties": {
        "station": "BUMT",
        "method": "MIDAS5",
        "reference_frame": "IN",
        "source": "UNR NGL IGS20 MIDAS",
        "first_epoch": 2012.6954,
        "last_epoch": 2025.7029,
        "duration_years": 13.0075,
        "n_east": 521,
        "n_north": 513,
        "n_up": 516,
        "east_velocity_m_per_yr": -0.000982,
        "north_velocity_m_per_yr": 0.006466,
        "up_velocity_m_per_yr": -0.000436,
        "east_velocity_mm_per_yr": -0.982,
        "north_velocity_mm_per_yr": 6.466,
        "up_velocity_mm_per_yr": -0.43600000000000005,
        "horizontal_speed_mm_per_yr": 6.540143729307484,
        "azimuth_degrees_clockwise_from_north": 351.3644034949614,
        "horizontal_vector_rotation_degrees": 180,
        "original_east_velocity_m_per_yr": 0.000982,
        "original_north_velocity_m_per_yr": -0.006466,
        "original_east_velocity_mm_per_yr": 0.982,
        "original_north_velocity_mm_per_yr": -6.466,
        "original_azimuth_degrees_clockwise_from_north": 171.36440349496138,
        "east_uncertainty_m_per_yr": 0.000813,
        "north_uncertainty_m_per_yr": 0.00064,
        "up_uncertainty_m_per_yr": 0.003368,
        "east_uncertainty_mm_per_yr": 0.8130000000000001,
        "north_uncertainty_mm_per_yr": 0.64,
        "up_uncertainty_mm_per_yr": 3.368,
        "east_offset": 2257.7854,
        "north_offset": 3047988.0755,
        "up_offset": 2873.5874,
        "east_outlier_fraction": 0.043,
        "north_outlier_fraction": 0.048,
        "up_outlier_fraction": 0.333,
        "east_pair_std_m_per_yr": 0.002403,
        "north_pair_std_m_per_yr": 0.001886,
        "up_pair_std_m_per_yr": 0.008307,
        "assumed_steps": 4,
        "latitude": 27.5447070362,
        "longitude": 90.72285881530001,
        "raw_longitude": -269.2771411847,
        "height_m": 2873.58722
      }
    },
    {
      "type": "Feature",
      "geometry": {
        "type": "Point",
        "coordinates": [
          81.2006941811,
          29.4741725867,
          3010.03969
        ]
      },
      "properties": {
        "station": "BYNA",
        "method": "MIDAS5",
        "reference_frame": "IN",
        "source": "UNR NGL IGS20 MIDAS",
        "first_epoch": 2009.295,
        "last_epoch": 2012.4901,
        "duration_years": 3.1951,
        "n_east": 1098,
        "n_north": 811,
        "n_up": 811,
        "east_velocity_m_per_yr": 0.005534,
        "north_velocity_m_per_yr": 0.010443,
        "up_velocity_m_per_yr": 0.003209,
        "east_velocity_mm_per_yr": 5.534,
        "north_velocity_mm_per_yr": 10.443,
        "up_velocity_mm_per_yr": 3.209,
        "horizontal_speed_mm_per_yr": 11.818688802062605,
        "azimuth_degrees_clockwise_from_north": 27.920205773894054,
        "horizontal_vector_rotation_degrees": 180,
        "original_east_velocity_m_per_yr": -0.005534,
        "original_north_velocity_m_per_yr": -0.010443,
        "original_east_velocity_mm_per_yr": -5.534,
        "original_north_velocity_mm_per_yr": -10.443,
        "original_azimuth_degrees_clockwise_from_north": 207.92020577389405,
        "east_uncertainty_m_per_yr": 0.000565,
        "north_uncertainty_m_per_yr": 0.000434,
        "up_uncertainty_m_per_yr": 0.001447,
        "east_uncertainty_mm_per_yr": 0.565,
        "north_uncertainty_mm_per_yr": 0.434,
        "up_uncertainty_mm_per_yr": 1.4469999999999998,
        "east_offset": 67.2928,
        "north_offset": 3261826.436,
        "up_offset": 3010.0355,
        "east_outlier_fraction": 0.102,
        "north_outlier_fraction": 0.091,
        "up_outlier_fraction": 0.057,
        "east_pair_std_m_per_yr": 0.002029,
        "north_pair_std_m_per_yr": 0.001568,
        "up_pair_std_m_per_yr": 0.005322,
        "assumed_steps": 1,
        "latitude": 29.4741725867,
        "longitude": 81.2006941811,
        "raw_longitude": -278.7993058189,
        "height_m": 3010.03969
      }
    },
    {
      "type": "Feature",
      "geometry": {
        "type": "Point",
        "coordinates": [
          92.7195501974,
          11.6141859718,
          -1.78137
        ]
      },
      "properties": {
        "station": "CARI",
        "method": "MIDAS5",
        "reference_frame": "IN",
        "source": "UNR NGL IGS20 MIDAS",
        "first_epoch": 2005.0541,
        "last_epoch": 2016.6762,
        "duration_years": 11.6221,
        "n_east": 2828,
        "n_north": 1272,
        "n_up": 1867,
        "east_velocity_m_per_yr": 0.037391,
        "north_velocity_m_per_yr": 0.017121,
        "up_velocity_m_per_yr": 0.021949,
        "east_velocity_mm_per_yr": 37.391,
        "north_velocity_mm_per_yr": 17.121000000000002,
        "up_velocity_mm_per_yr": 21.948999999999998,
        "horizontal_speed_mm_per_yr": 41.12439084047325,
        "azimuth_degrees_clockwise_from_north": 65.39738585323335,
        "horizontal_vector_rotation_degrees": 180,
        "original_east_velocity_m_per_yr": -0.037391,
        "original_north_velocity_m_per_yr": -0.017121,
        "original_east_velocity_mm_per_yr": -37.391,
        "original_north_velocity_mm_per_yr": -17.121000000000002,
        "original_azimuth_degrees_clockwise_from_north": 245.39738585323337,
        "east_uncertainty_m_per_yr": 0.000513,
        "north_uncertainty_m_per_yr": 0.000553,
        "up_uncertainty_m_per_yr": 0.001627,
        "east_uncertainty_mm_per_yr": 0.513,
        "north_uncertainty_mm_per_yr": 0.553,
        "up_uncertainty_mm_per_yr": 1.627,
        "east_offset": 2131.9871,
        "north_offset": 1284405.25,
        "up_offset": -1.9885,
        "east_outlier_fraction": 0.049,
        "north_outlier_fraction": 0.027,
        "up_outlier_fraction": 0.061,
        "east_pair_std_m_per_yr": 0.002875,
        "north_pair_std_m_per_yr": 0.003134,
        "up_pair_std_m_per_yr": 0.009057,
        "assumed_steps": 18,
        "latitude": 11.6141859718,
        "longitude": 92.7195501974,
        "raw_longitude": -267.2804498026,
        "height_m": -1.78137
      }
    },
    {
      "type": "Feature",
      "geometry": {
        "type": "Point",
        "coordinates": [
          73.7682961132,
          17.3396149688,
          513.28874
        ]
      },
      "properties": {
        "station": "CFAR",
        "method": "MIDAS5",
        "reference_frame": "IN",
        "source": "UNR NGL IGS20 MIDAS",
        "first_epoch": 2013.0267,
        "last_epoch": 2022.7242,
        "duration_years": 9.6975,
        "n_east": 2943,
        "n_north": 2943,
        "n_up": 5206,
        "east_velocity_m_per_yr": 0.000164,
        "north_velocity_m_per_yr": 0.000763,
        "up_velocity_m_per_yr": 0.000094,
        "east_velocity_mm_per_yr": 0.164,
        "north_velocity_mm_per_yr": 0.763,
        "up_velocity_mm_per_yr": 0.094,
        "horizontal_speed_mm_per_yr": 0.7804261656300359,
        "azimuth_degrees_clockwise_from_north": 12.130650257979141,
        "horizontal_vector_rotation_degrees": 180,
        "original_east_velocity_m_per_yr": -0.000164,
        "original_north_velocity_m_per_yr": -0.000763,
        "original_east_velocity_mm_per_yr": -0.164,
        "original_north_velocity_mm_per_yr": -0.763,
        "original_azimuth_degrees_clockwise_from_north": 192.13065025797914,
        "east_uncertainty_m_per_yr": 0.000252,
        "north_uncertainty_m_per_yr": 0.000233,
        "up_uncertainty_m_per_yr": 0.000936,
        "east_uncertainty_mm_per_yr": 0.252,
        "north_uncertainty_mm_per_yr": 0.23299999999999998,
        "up_uncertainty_mm_per_yr": 0.9359999999999999,
        "east_offset": -3370.0613,
        "north_offset": 1917892.5623,
        "up_offset": 513.2882,
        "east_outlier_fraction": 0.083,
        "north_outlier_fraction": 0.073,
        "up_outlier_fraction": 0.073,
        "east_pair_std_m_per_yr": 0.002312,
        "north_pair_std_m_per_yr": 0.002148,
        "up_pair_std_m_per_yr": 0.008643,
        "assumed_steps": 0,
        "latitude": 17.3396149688,
        "longitude": 73.7682961132,
        "raw_longitude": -286.2317038868,
        "height_m": 513.28874
      }
    },
    {
      "type": "Feature",
      "geometry": {
        "type": "Point",
        "coordinates": [
          76.7783495383,
          30.7142079308,
          287.08967
        ]
      },
      "properties": {
        "station": "CHD1",
        "method": "MIDAS5",
        "reference_frame": "IN",
        "source": "UNR NGL IGS20 MIDAS",
        "first_epoch": 2023.6906,
        "last_epoch": 2025.7002,
        "duration_years": 2.0096,
        "n_east": 14,
        "n_north": 14,
        "n_up": 14,
        "east_velocity_m_per_yr": -0.000824,
        "north_velocity_m_per_yr": 0.004311,
        "up_velocity_m_per_yr": -0.079562,
        "east_velocity_mm_per_yr": -0.824,
        "north_velocity_mm_per_yr": 4.311,
        "up_velocity_mm_per_yr": -79.562,
        "horizontal_speed_mm_per_yr": 4.389042834149605,
        "azimuth_degrees_clockwise_from_north": 349.1790629315444,
        "horizontal_vector_rotation_degrees": 180,
        "original_east_velocity_m_per_yr": 0.000824,
        "original_north_velocity_m_per_yr": -0.004311,
        "original_east_velocity_mm_per_yr": 0.824,
        "original_north_velocity_mm_per_yr": -4.311,
        "original_azimuth_degrees_clockwise_from_north": 169.17906293154442,
        "east_uncertainty_m_per_yr": 0.000959,
        "north_uncertainty_m_per_yr": 0.002934,
        "up_uncertainty_m_per_yr": 0.005688,
        "east_uncertainty_mm_per_yr": 0.959,
        "north_uncertainty_mm_per_yr": 2.934,
        "up_uncertainty_mm_per_yr": 5.688000000000001,
        "east_offset": -2073.889,
        "north_offset": 3399289.3782,
        "up_offset": 287.1713,
        "east_outlier_fraction": 0.286,
        "north_outlier_fraction": 0,
        "up_outlier_fraction": 0.143,
        "east_pair_std_m_per_yr": 0.000403,
        "north_pair_std_m_per_yr": 0.00146,
        "up_pair_std_m_per_yr": 0.00262,
        "assumed_steps": 0,
        "latitude": 30.7142079308,
        "longitude": 76.7783495383,
        "raw_longitude": -283.2216504617,
        "height_m": 287.08967
      }
    },
    {
      "type": "Feature",
      "geometry": {
        "type": "Point",
        "coordinates": [
          91.7895062275,
          22.4653143,
          -26.06806
        ]
      },
      "properties": {
        "station": "CHIT",
        "method": "MIDAS5",
        "reference_frame": "IN",
        "source": "UNR NGL IGS20 MIDAS",
        "first_epoch": 2003.1513,
        "last_epoch": 2009.6975,
        "duration_years": 6.5462,
        "n_east": 244,
        "n_north": 78,
        "n_up": 78,
        "east_velocity_m_per_yr": 0.001662,
        "north_velocity_m_per_yr": 0.000333,
        "up_velocity_m_per_yr": -0.002335,
        "east_velocity_mm_per_yr": 1.6620000000000001,
        "north_velocity_mm_per_yr": 0.333,
        "up_velocity_mm_per_yr": -2.335,
        "horizontal_speed_mm_per_yr": 1.6950318581076877,
        "azimuth_degrees_clockwise_from_north": 78.67018006426088,
        "horizontal_vector_rotation_degrees": 180,
        "original_east_velocity_m_per_yr": -0.001662,
        "original_north_velocity_m_per_yr": -0.000333,
        "original_east_velocity_mm_per_yr": -1.6620000000000001,
        "original_north_velocity_mm_per_yr": -0.333,
        "original_azimuth_degrees_clockwise_from_north": 258.6701800642609,
        "east_uncertainty_m_per_yr": 0.00191,
        "north_uncertainty_m_per_yr": 0.001432,
        "up_uncertainty_m_per_yr": 0.012336,
        "east_uncertainty_mm_per_yr": 1.91,
        "north_uncertainty_mm_per_yr": 1.432,
        "up_uncertainty_mm_per_yr": 12.336,
        "east_offset": -1080.2401,
        "north_offset": 2485326.1538,
        "up_offset": -26.0562,
        "east_outlier_fraction": 0.013,
        "north_outlier_fraction": 0.115,
        "up_outlier_fraction": 0.051,
        "east_pair_std_m_per_yr": 0.002229,
        "north_pair_std_m_per_yr": 0.001582,
        "up_pair_std_m_per_yr": 0.014112,
        "assumed_steps": 5,
        "latitude": 22.4653143,
        "longitude": 91.7895062275,
        "raw_longitude": -268.2104937725,
        "height_m": -26.06806
      }
    },
    {
      "type": "Feature",
      "geometry": {
        "type": "Point",
        "coordinates": [
          85.31408483569999,
          28.2072192805,
          3212.59078
        ]
      },
      "properties": {
        "station": "CHLM",
        "method": "MIDAS5",
        "reference_frame": "IN",
        "source": "UNR NGL IGS20 MIDAS",
        "first_epoch": 2004.2491,
        "last_epoch": 2021.2731,
        "duration_years": 17.024,
        "n_east": 4904,
        "n_north": 3512,
        "n_up": 5102,
        "east_velocity_m_per_yr": 0.006827,
        "north_velocity_m_per_yr": 0.020901,
        "up_velocity_m_per_yr": 0.01036,
        "east_velocity_mm_per_yr": 6.827,
        "north_velocity_mm_per_yr": 20.901,
        "up_velocity_mm_per_yr": 10.36,
        "horizontal_speed_mm_per_yr": 21.987717707847715,
        "azimuth_degrees_clockwise_from_north": 18.088854551183317,
        "horizontal_vector_rotation_degrees": 180,
        "original_east_velocity_m_per_yr": -0.006827,
        "original_north_velocity_m_per_yr": -0.020901,
        "original_east_velocity_mm_per_yr": -6.827,
        "original_north_velocity_mm_per_yr": -20.901,
        "original_azimuth_degrees_clockwise_from_north": 198.08885455118335,
        "east_uncertainty_m_per_yr": 0.000399,
        "north_uncertainty_m_per_yr": 0.000606,
        "up_uncertainty_m_per_yr": 0.000829,
        "east_uncertainty_mm_per_yr": 0.399,
        "north_uncertainty_mm_per_yr": 0.606,
        "up_uncertainty_mm_per_yr": 0.829,
        "east_offset": 1382.327,
        "north_offset": 3121405.8027,
        "up_offset": 3212.4318,
        "east_outlier_fraction": 0.074,
        "north_outlier_fraction": 0.14,
        "up_outlier_fraction": 0.048,
        "east_pair_std_m_per_yr": 0.003644,
        "north_pair_std_m_per_yr": 0.00534,
        "up_pair_std_m_per_yr": 0.007685,
        "assumed_steps": 11,
        "latitude": 28.2072192805,
        "longitude": 85.31408483569999,
        "raw_longitude": -274.6859151643,
        "height_m": 3212.59078
      }
    },
    {
      "type": "Feature",
      "geometry": {
        "type": "Point",
        "coordinates": [
          91.51504158149999,
          24.1897347285,
          -26.71197
        ]
      },
      "properties": {
        "station": "CHNR",
        "method": "MIDAS5",
        "reference_frame": "IN",
        "source": "UNR NGL IGS20 MIDAS",
        "first_epoch": 2007.1321,
        "last_epoch": 2026.0808,
        "duration_years": 18.9487,
        "n_east": 4043,
        "n_north": 3227,
        "n_up": 4539,
        "east_velocity_m_per_yr": 0.002089,
        "north_velocity_m_per_yr": 0.000922,
        "up_velocity_m_per_yr": -0.004883,
        "east_velocity_mm_per_yr": 2.089,
        "north_velocity_mm_per_yr": 0.9219999999999999,
        "up_velocity_mm_per_yr": -4.883,
        "horizontal_speed_mm_per_yr": 2.2834195847456504,
        "azimuth_degrees_clockwise_from_north": 66.18527872713668,
        "horizontal_vector_rotation_degrees": 180,
        "original_east_velocity_m_per_yr": -0.002089,
        "original_north_velocity_m_per_yr": -0.000922,
        "original_east_velocity_mm_per_yr": -2.089,
        "original_north_velocity_mm_per_yr": -0.9219999999999999,
        "original_azimuth_degrees_clockwise_from_north": 246.18527872713668,
        "east_uncertainty_m_per_yr": 0.000225,
        "north_uncertainty_m_per_yr": 0.000235,
        "up_uncertainty_m_per_yr": 0.000739,
        "east_uncertainty_mm_per_yr": 0.225,
        "north_uncertainty_mm_per_yr": 0.235,
        "up_uncertainty_mm_per_yr": 0.739,
        "east_offset": 1527.9663,
        "north_offset": 2676303.3444,
        "up_offset": -26.6549,
        "east_outlier_fraction": 0.05,
        "north_outlier_fraction": 0.055,
        "up_outlier_fraction": 0.063,
        "east_pair_std_m_per_yr": 0.001962,
        "north_pair_std_m_per_yr": 0.002044,
        "up_pair_std_m_per_yr": 0.006409,
        "assumed_steps": 10,
        "latitude": 24.1897347285,
        "longitude": 91.51504158149999,
        "raw_longitude": -268.4849584185,
        "height_m": -26.71197
      }
    },
    {
      "type": "Feature",
      "geometry": {
        "type": "Point",
        "coordinates": [
          91.78009296980002,
          22.3664898736,
          -43.06648
        ]
      },
      "properties": {
        "station": "CHT3",
        "method": "MIDAS5",
        "reference_frame": "IN",
        "source": "UNR NGL IGS20 MIDAS",
        "first_epoch": 2013.0349,
        "last_epoch": 2020.9993,
        "duration_years": 7.9644,
        "n_east": 833,
        "n_north": 385,
        "n_up": 405,
        "east_velocity_m_per_yr": -0.000702,
        "north_velocity_m_per_yr": 0.002185,
        "up_velocity_m_per_yr": -0.031984,
        "east_velocity_mm_per_yr": -0.7020000000000001,
        "north_velocity_mm_per_yr": 2.185,
        "up_velocity_mm_per_yr": -31.983999999999998,
        "horizontal_speed_mm_per_yr": 2.2950008714595294,
        "azimuth_degrees_clockwise_from_north": 342.1887507490608,
        "horizontal_vector_rotation_degrees": 180,
        "original_east_velocity_m_per_yr": 0.000702,
        "original_north_velocity_m_per_yr": -0.002185,
        "original_east_velocity_mm_per_yr": 0.7020000000000001,
        "original_north_velocity_mm_per_yr": -2.185,
        "original_azimuth_degrees_clockwise_from_north": 162.18875074906077,
        "east_uncertainty_m_per_yr": 0.000245,
        "north_uncertainty_m_per_yr": 0.000287,
        "up_uncertainty_m_per_yr": 0.001093,
        "east_uncertainty_mm_per_yr": 0.245,
        "north_uncertainty_mm_per_yr": 0.287,
        "up_uncertainty_mm_per_yr": 1.093,
        "east_offset": -2050.6377,
        "north_offset": 2474382.6671,
        "up_offset": -42.8267,
        "east_outlier_fraction": 0.059,
        "north_outlier_fraction": 0.044,
        "up_outlier_fraction": 0.116,
        "east_pair_std_m_per_yr": 0.000636,
        "north_pair_std_m_per_yr": 0.000752,
        "up_pair_std_m_per_yr": 0.002749,
        "assumed_steps": 4,
        "latitude": 22.3664898736,
        "longitude": 91.78009296980002,
        "raw_longitude": -268.2199070302,
        "height_m": -43.06648
      }
    },
    {
      "type": "Feature",
      "geometry": {
        "type": "Point",
        "coordinates": [
          91.80301611300001,
          22.41354752,
          -19.10366
        ]
      },
      "properties": {
        "station": "CHTT",
        "method": "MIDAS5",
        "reference_frame": "IN",
        "source": "UNR NGL IGS20 MIDAS",
        "first_epoch": 2013.6865,
        "last_epoch": 2019.7207,
        "duration_years": 6.0342,
        "n_east": 31,
        "n_north": 21,
        "n_up": 27,
        "east_velocity_m_per_yr": 0.007211,
        "north_velocity_m_per_yr": -0.000044,
        "up_velocity_m_per_yr": -0.008057,
        "east_velocity_mm_per_yr": 7.211,
        "north_velocity_mm_per_yr": -0.044,
        "up_velocity_mm_per_yr": -8.057,
        "horizontal_speed_mm_per_yr": 7.211134238107068,
        "azimuth_degrees_clockwise_from_north": 90.3496024146375,
        "horizontal_vector_rotation_degrees": 180,
        "original_east_velocity_m_per_yr": -0.007211,
        "original_north_velocity_m_per_yr": 0.000044,
        "original_east_velocity_mm_per_yr": -7.211,
        "original_north_velocity_mm_per_yr": 0.044,
        "original_azimuth_degrees_clockwise_from_north": 270.3496024146375,
        "east_uncertainty_m_per_yr": 0.001112,
        "north_uncertainty_m_per_yr": 0.00413,
        "up_uncertainty_m_per_yr": 0.017008,
        "east_uncertainty_mm_per_yr": 1.1119999999999999,
        "north_uncertainty_mm_per_yr": 4.13,
        "up_uncertainty_mm_per_yr": 17.008,
        "east_offset": 310.3623,
        "north_offset": 2479593.6923,
        "up_offset": -19.0683,
        "east_outlier_fraction": 0.185,
        "north_outlier_fraction": 0,
        "up_outlier_fraction": 0,
        "east_pair_std_m_per_yr": 0.000694,
        "north_pair_std_m_per_yr": 0.002854,
        "up_pair_std_m_per_yr": 0.011752,
        "assumed_steps": 4,
        "latitude": 22.41354752,
        "longitude": 91.80301611300001,
        "raw_longitude": -268.196983887,
        "height_m": -19.10366
      }
    },
    {
      "type": "Feature",
      "geometry": {
        "type": "Point",
        "coordinates": [
          84.38534627590002,
          27.6682419044,
          133.35076
        ]
      },
      "properties": {
        "station": "CHWN",
        "method": "MIDAS5",
        "reference_frame": "IN",
        "source": "UNR NGL IGS20 MIDAS",
        "first_epoch": 2011.2361,
        "last_epoch": 2026.371,
        "duration_years": 15.1349,
        "n_east": 2385,
        "n_north": 1811,
        "n_up": 2914,
        "east_velocity_m_per_yr": 0.002138,
        "north_velocity_m_per_yr": 0.001322,
        "up_velocity_m_per_yr": -0.001166,
        "east_velocity_mm_per_yr": 2.1380000000000003,
        "north_velocity_mm_per_yr": 1.322,
        "up_velocity_mm_per_yr": -1.166,
        "horizontal_speed_mm_per_yr": 2.5137080180482383,
        "azimuth_degrees_clockwise_from_north": 58.27005191670213,
        "horizontal_vector_rotation_degrees": 180,
        "original_east_velocity_m_per_yr": -0.002138,
        "original_north_velocity_m_per_yr": -0.001322,
        "original_east_velocity_mm_per_yr": -2.1380000000000003,
        "original_north_velocity_mm_per_yr": -1.322,
        "original_azimuth_degrees_clockwise_from_north": 238.27005191670213,
        "east_uncertainty_m_per_yr": 0.000239,
        "north_uncertainty_m_per_yr": 0.000269,
        "up_uncertainty_m_per_yr": 0.001047,
        "east_uncertainty_mm_per_yr": 0.23900000000000002,
        "north_uncertainty_mm_per_yr": 0.26899999999999996,
        "up_uncertainty_mm_per_yr": 1.047,
        "east_offset": -1445.9679,
        "north_offset": 3061677.1899,
        "up_offset": 133.3568,
        "east_outlier_fraction": 0.096,
        "north_outlier_fraction": 0.105,
        "up_outlier_fraction": 0.089,
        "east_pair_std_m_per_yr": 0.001634,
        "north_pair_std_m_per_yr": 0.001825,
        "up_pair_std_m_per_yr": 0.007178,
        "assumed_steps": 6,
        "latitude": 27.6682419044,
        "longitude": 84.38534627590002,
        "raw_longitude": -275.6146537241,
        "height_m": 133.35076
      }
    },
    {
      "type": "Feature",
      "geometry": {
        "type": "Point",
        "coordinates": [
          79.87395050790002,
          6.8919799812,
          -73.59828
        ]
      },
      "properties": {
        "station": "CLM1",
        "method": "MIDAS5",
        "reference_frame": "IN",
        "source": "UNR NGL IGS20 MIDAS",
        "first_epoch": 2016.7255,
        "last_epoch": 2024.7036,
        "duration_years": 7.9781,
        "n_east": 17,
        "n_north": 17,
        "n_up": 24,
        "east_velocity_m_per_yr": -0.001662,
        "north_velocity_m_per_yr": 0.000085,
        "up_velocity_m_per_yr": 0.001095,
        "east_velocity_mm_per_yr": -1.6620000000000001,
        "north_velocity_mm_per_yr": 0.085,
        "up_velocity_mm_per_yr": 1.095,
        "horizontal_speed_mm_per_yr": 1.66417216657412,
        "azimuth_degrees_clockwise_from_north": 272.9277387198206,
        "horizontal_vector_rotation_degrees": 180,
        "original_east_velocity_m_per_yr": 0.001662,
        "original_north_velocity_m_per_yr": -0.000085,
        "original_east_velocity_mm_per_yr": 1.6620000000000001,
        "original_north_velocity_mm_per_yr": -0.085,
        "original_azimuth_degrees_clockwise_from_north": 92.92773871982058,
        "east_uncertainty_m_per_yr": 0.000639,
        "north_uncertainty_m_per_yr": 0.000882,
        "up_uncertainty_m_per_yr": 0.006798,
        "east_uncertainty_mm_per_yr": 0.639,
        "north_uncertainty_mm_per_yr": 0.882,
        "up_uncertainty_mm_per_yr": 6.798,
        "east_offset": -2879.2697,
        "north_offset": 762112.2879,
        "up_offset": -73.6048,
        "east_outlier_fraction": 0.25,
        "north_outlier_fraction": 0.083,
        "up_outlier_fraction": 0,
        "east_pair_std_m_per_yr": 0.00036,
        "north_pair_std_m_per_yr": 0.00055,
        "up_pair_std_m_per_yr": 0.004429,
        "assumed_steps": 0,
        "latitude": 6.8919799812,
        "longitude": 79.87395050790002,
        "raw_longitude": -280.1260494921,
        "height_m": -73.59828
      }
    },
    {
      "type": "Feature",
      "geometry": {
        "type": "Point",
        "coordinates": [
          91.13630303719998,
          23.4196997049,
          -20.34893
        ]
      },
      "properties": {
        "station": "COML",
        "method": "MIDAS5",
        "reference_frame": "IN",
        "source": "UNR NGL IGS20 MIDAS",
        "first_epoch": 2012.7967,
        "last_epoch": 2025.9083,
        "duration_years": 13.1116,
        "n_east": 1948,
        "n_north": 1498,
        "n_up": 2267,
        "east_velocity_m_per_yr": 0.00087,
        "north_velocity_m_per_yr": 0.001218,
        "up_velocity_m_per_yr": -0.004213,
        "east_velocity_mm_per_yr": 0.87,
        "north_velocity_mm_per_yr": 1.218,
        "up_velocity_mm_per_yr": -4.213,
        "horizontal_speed_mm_per_yr": 1.496804596465417,
        "azimuth_degrees_clockwise_from_north": 35.537677791974374,
        "horizontal_vector_rotation_degrees": 180,
        "original_east_velocity_m_per_yr": -0.00087,
        "original_north_velocity_m_per_yr": -0.001218,
        "original_east_velocity_mm_per_yr": -0.87,
        "original_north_velocity_mm_per_yr": -1.218,
        "original_azimuth_degrees_clockwise_from_north": 215.53767779197437,
        "east_uncertainty_m_per_yr": 0.00031,
        "north_uncertainty_m_per_yr": 0.000251,
        "up_uncertainty_m_per_yr": 0.001043,
        "east_uncertainty_mm_per_yr": 0.31,
        "north_uncertainty_mm_per_yr": 0.251,
        "up_uncertainty_mm_per_yr": 1.0430000000000001,
        "east_offset": 3709.9027,
        "north_offset": 2591017.7367,
        "up_offset": -20.312,
        "east_outlier_fraction": 0.042,
        "north_outlier_fraction": 0.049,
        "up_outlier_fraction": 0.053,
        "east_pair_std_m_per_yr": 0.001923,
        "north_pair_std_m_per_yr": 0.001549,
        "up_pair_std_m_per_yr": 0.006424,
        "assumed_steps": 7,
        "latitude": 23.4196997049,
        "longitude": 91.13630303719998,
        "raw_longitude": -268.8636969628,
        "height_m": -20.34893
      }
    },
    {
      "type": "Feature",
      "geometry": {
        "type": "Point",
        "coordinates": [
          84.9812955621,
          19.3536744966,
          -24.83992
        ]
      },
      "properties": {
        "station": "CPUR",
        "method": "MIDAS5",
        "reference_frame": "IN",
        "source": "UNR NGL IGS20 MIDAS",
        "first_epoch": 2022.694,
        "last_epoch": 2025.6865,
        "duration_years": 2.9925,
        "n_east": 15,
        "n_north": 15,
        "n_up": 21,
        "east_velocity_m_per_yr": -0.005156,
        "north_velocity_m_per_yr": 0.003313,
        "up_velocity_m_per_yr": -0.00458,
        "east_velocity_mm_per_yr": -5.156,
        "north_velocity_mm_per_yr": 3.313,
        "up_velocity_mm_per_yr": -4.58,
        "horizontal_speed_mm_per_yr": 6.128646261614387,
        "azimuth_degrees_clockwise_from_north": 302.72286848022577,
        "horizontal_vector_rotation_degrees": 180,
        "original_east_velocity_m_per_yr": 0.005156,
        "original_north_velocity_m_per_yr": -0.003313,
        "original_east_velocity_mm_per_yr": 5.156,
        "original_north_velocity_mm_per_yr": -3.313,
        "original_azimuth_degrees_clockwise_from_north": 122.72286848022577,
        "east_uncertainty_m_per_yr": 0.01314,
        "north_uncertainty_m_per_yr": 0.004153,
        "up_uncertainty_m_per_yr": 0.042096,
        "east_uncertainty_mm_per_yr": 13.14,
        "north_uncertainty_mm_per_yr": 4.153,
        "up_uncertainty_mm_per_yr": 42.096000000000004,
        "east_offset": -1965.2764,
        "north_offset": 2140817.8036,
        "up_offset": -24.8353,
        "east_outlier_fraction": 0,
        "north_outlier_fraction": 0,
        "up_outlier_fraction": 0.095,
        "east_pair_std_m_per_yr": 0.008007,
        "north_pair_std_m_per_yr": 0.002531,
        "up_pair_std_m_per_yr": 0.024401,
        "assumed_steps": 0,
        "latitude": 19.3536744966,
        "longitude": 84.9812955621,
        "raw_longitude": -275.0187044379,
        "height_m": -24.83992
      }
    },
    {
      "type": "Feature",
      "geometry": {
        "type": "Point",
        "coordinates": [
          91.69121223920001,
          25.2714641202,
          1285.45566
        ]
      },
      "properties": {
        "station": "CRPJ",
        "method": "MIDAS5",
        "reference_frame": "IN",
        "source": "UNR NGL IGS20 MIDAS",
        "first_epoch": 2012.1424,
        "last_epoch": 2016.397,
        "duration_years": 4.2546,
        "n_east": 1343,
        "n_north": 945,
        "n_up": 1305,
        "east_velocity_m_per_yr": 0.001629,
        "north_velocity_m_per_yr": 0.00385,
        "up_velocity_m_per_yr": -0.001384,
        "east_velocity_mm_per_yr": 1.629,
        "north_velocity_mm_per_yr": 3.85,
        "up_velocity_mm_per_yr": -1.3840000000000001,
        "horizontal_speed_mm_per_yr": 4.180447464088026,
        "azimuth_degrees_clockwise_from_north": 22.93404235472144,
        "horizontal_vector_rotation_degrees": 180,
        "original_east_velocity_m_per_yr": -0.001629,
        "original_north_velocity_m_per_yr": -0.00385,
        "original_east_velocity_mm_per_yr": -1.629,
        "original_north_velocity_mm_per_yr": -3.85,
        "original_azimuth_degrees_clockwise_from_north": 202.93404235472147,
        "east_uncertainty_m_per_yr": 0.000517,
        "north_uncertainty_m_per_yr": 0.000469,
        "up_uncertainty_m_per_yr": 0.002009,
        "east_uncertainty_mm_per_yr": 0.517,
        "north_uncertainty_mm_per_yr": 0.46900000000000003,
        "up_uncertainty_mm_per_yr": 2.009,
        "east_offset": -885.2375,
        "north_offset": 2796125.5261,
        "up_offset": 1285.4583,
        "east_outlier_fraction": 0.067,
        "north_outlier_fraction": 0.062,
        "up_outlier_fraction": 0.102,
        "east_pair_std_m_per_yr": 0.002401,
        "north_pair_std_m_per_yr": 0.002183,
        "up_pair_std_m_per_yr": 0.009147,
        "assumed_steps": 5,
        "latitude": 25.2714641202,
        "longitude": 91.69121223920001,
        "raw_longitude": -268.3087877608,
        "height_m": 1285.45566
      }
    },
    {
      "type": "Feature",
      "geometry": {
        "type": "Point",
        "coordinates": [
          85.1076786429,
          27.6081367978,
          2150.79935
        ]
      },
      "properties": {
        "station": "DAMA",
        "method": "MIDAS5",
        "reference_frame": "IN",
        "source": "UNR NGL IGS20 MIDAS",
        "first_epoch": 1997.9001,
        "last_epoch": 2016.3559,
        "duration_years": 18.4558,
        "n_east": 3782,
        "n_north": 3383,
        "n_up": 5154,
        "east_velocity_m_per_yr": 0.001793,
        "north_velocity_m_per_yr": 0.001768,
        "up_velocity_m_per_yr": 0.002175,
        "east_velocity_mm_per_yr": 1.7930000000000001,
        "north_velocity_mm_per_yr": 1.768,
        "up_velocity_mm_per_yr": 2.175,
        "horizontal_speed_mm_per_yr": 2.5180693000789316,
        "azimuth_degrees_clockwise_from_north": 45.40223840368276,
        "horizontal_vector_rotation_degrees": 180,
        "original_east_velocity_m_per_yr": -0.001793,
        "original_north_velocity_m_per_yr": -0.001768,
        "original_east_velocity_mm_per_yr": -1.7930000000000001,
        "original_north_velocity_mm_per_yr": -1.768,
        "original_azimuth_degrees_clockwise_from_north": 225.40223840368273,
        "east_uncertainty_m_per_yr": 0.00024,
        "north_uncertainty_m_per_yr": 0.000268,
        "up_uncertainty_m_per_yr": 0.000969,
        "east_uncertainty_mm_per_yr": 0.24000000000000002,
        "north_uncertainty_mm_per_yr": 0.268,
        "up_uncertainty_mm_per_yr": 0.969,
        "east_offset": 757.7654,
        "north_offset": 3055016.7048,
        "up_offset": 2150.7873,
        "east_outlier_fraction": 0.081,
        "north_outlier_fraction": 0.074,
        "up_outlier_fraction": 0.057,
        "east_pair_std_m_per_yr": 0.002193,
        "north_pair_std_m_per_yr": 0.002464,
        "up_pair_std_m_per_yr": 0.008985,
        "assumed_steps": 10,
        "latitude": 27.6081367978,
        "longitude": 85.1076786429,
        "raw_longitude": -274.8923213571,
        "height_m": 2150.79935
      }
    },
    {
      "type": "Feature",
      "geometry": {
        "type": "Point",
        "coordinates": [
          91.77827099299998,
          24.3027964493,
          -11.20746
        ]
      },
      "properties": {
        "station": "DCPS",
        "method": "MIDAS5",
        "reference_frame": "IN",
        "source": "UNR NGL IGS20 MIDAS",
        "first_epoch": 2018.1027,
        "last_epoch": 2026.0424,
        "duration_years": 7.9397,
        "n_east": 1506,
        "n_north": 1435,
        "n_up": 2227,
        "east_velocity_m_per_yr": 0.003692,
        "north_velocity_m_per_yr": 0.001691,
        "up_velocity_m_per_yr": -0.000235,
        "east_velocity_mm_per_yr": 3.692,
        "north_velocity_mm_per_yr": 1.691,
        "up_velocity_mm_per_yr": -0.235,
        "horizontal_speed_mm_per_yr": 4.060830580066103,
        "azimuth_degrees_clockwise_from_north": 65.3913992727297,
        "horizontal_vector_rotation_degrees": 180,
        "original_east_velocity_m_per_yr": -0.003692,
        "original_north_velocity_m_per_yr": -0.001691,
        "original_east_velocity_mm_per_yr": -3.692,
        "original_north_velocity_mm_per_yr": -1.691,
        "original_azimuth_degrees_clockwise_from_north": 245.39139927272967,
        "east_uncertainty_m_per_yr": 0.000328,
        "north_uncertainty_m_per_yr": 0.000357,
        "up_uncertainty_m_per_yr": 0.001281,
        "east_uncertainty_mm_per_yr": 0.328,
        "north_uncertainty_mm_per_yr": 0.357,
        "up_uncertainty_mm_per_yr": 1.281,
        "east_offset": -2205.887,
        "north_offset": 2688826.4031,
        "up_offset": -11.2066,
        "east_outlier_fraction": 0.119,
        "north_outlier_fraction": 0.097,
        "up_outlier_fraction": 0.102,
        "east_pair_std_m_per_yr": 0.001931,
        "north_pair_std_m_per_yr": 0.002129,
        "up_pair_std_m_per_yr": 0.007616,
        "assumed_steps": 1,
        "latitude": 24.3027964493,
        "longitude": 91.77827099299998,
        "raw_longitude": -268.221729007,
        "height_m": -11.20746
      }
    },
    {
      "type": "Feature",
      "geometry": {
        "type": "Point",
        "coordinates": [
          78.05465819770001,
          30.3245512562,
          648.70462
        ]
      },
      "properties": {
        "station": "DEHD",
        "method": "MIDAS5",
        "reference_frame": "IN",
        "source": "UNR NGL IGS20 MIDAS",
        "first_epoch": 2021.6975,
        "last_epoch": 2025.7002,
        "duration_years": 4.0027,
        "n_east": 21,
        "n_north": 21,
        "n_up": 27,
        "east_velocity_m_per_yr": 0.001919,
        "north_velocity_m_per_yr": 0.001412,
        "up_velocity_m_per_yr": -0.023477,
        "east_velocity_mm_per_yr": 1.9189999999999998,
        "north_velocity_mm_per_yr": 1.4120000000000001,
        "up_velocity_mm_per_yr": -23.477,
        "horizontal_speed_mm_per_yr": 2.3824997376704995,
        "azimuth_degrees_clockwise_from_north": 53.65436911624607,
        "horizontal_vector_rotation_degrees": 180,
        "original_east_velocity_m_per_yr": -0.001919,
        "original_north_velocity_m_per_yr": -0.001412,
        "original_east_velocity_mm_per_yr": -1.9189999999999998,
        "original_north_velocity_mm_per_yr": -1.4120000000000001,
        "original_azimuth_degrees_clockwise_from_north": 233.65436911624607,
        "east_uncertainty_m_per_yr": 0.000924,
        "north_uncertainty_m_per_yr": 0.001251,
        "up_uncertainty_m_per_yr": 0.004357,
        "east_uncertainty_mm_per_yr": 0.924,
        "north_uncertainty_mm_per_yr": 1.251,
        "up_uncertainty_mm_per_yr": 4.356999999999999,
        "east_offset": -4360.5901,
        "north_offset": 3356091.5528,
        "up_offset": 648.7319,
        "east_outlier_fraction": 0.074,
        "north_outlier_fraction": 0.148,
        "up_outlier_fraction": 0.444,
        "east_pair_std_m_per_yr": 0.000614,
        "north_pair_std_m_per_yr": 0.000798,
        "up_pair_std_m_per_yr": 0.002244,
        "assumed_steps": 0,
        "latitude": 30.3245512562,
        "longitude": 78.05465819770001,
        "raw_longitude": -281.9453418023,
        "height_m": 648.70462
      }
    },
    {
      "type": "Feature",
      "geometry": {
        "type": "Point",
        "coordinates": [
          77.09054959989999,
          28.58062662,
          168.87774
        ]
      },
      "properties": {
        "station": "DELH",
        "method": "MIDAS5",
        "reference_frame": "IN",
        "source": "UNR NGL IGS20 MIDAS",
        "first_epoch": 2023.6906,
        "last_epoch": 2025.7002,
        "duration_years": 2.0096,
        "n_east": 14,
        "n_north": 14,
        "n_up": 14,
        "east_velocity_m_per_yr": 0.000588,
        "north_velocity_m_per_yr": 0.002269,
        "up_velocity_m_per_yr": 0.005161,
        "east_velocity_mm_per_yr": 0.588,
        "north_velocity_mm_per_yr": 2.269,
        "up_velocity_mm_per_yr": 5.161,
        "horizontal_speed_mm_per_yr": 2.343950724738044,
        "azimuth_degrees_clockwise_from_north": 14.528320534966497,
        "horizontal_vector_rotation_degrees": 180,
        "original_east_velocity_m_per_yr": -0.000588,
        "original_north_velocity_m_per_yr": -0.002269,
        "original_east_velocity_mm_per_yr": -0.588,
        "original_north_velocity_mm_per_yr": -2.269,
        "original_azimuth_degrees_clockwise_from_north": 194.52832053496647,
        "east_uncertainty_m_per_yr": 0.001193,
        "north_uncertainty_m_per_yr": 0.000672,
        "up_uncertainty_m_per_yr": 0.00582,
        "east_uncertainty_mm_per_yr": 1.193,
        "north_uncertainty_mm_per_yr": 0.6719999999999999,
        "up_uncertainty_mm_per_yr": 5.819999999999999,
        "east_offset": -924.5654,
        "north_offset": 3162789.1676,
        "up_offset": 168.8739,
        "east_outlier_fraction": 0,
        "north_outlier_fraction": 0.286,
        "up_outlier_fraction": 0,
        "east_pair_std_m_per_yr": 0.000594,
        "north_pair_std_m_per_yr": 0.000283,
        "up_pair_std_m_per_yr": 0.002896,
        "assumed_steps": 0,
        "latitude": 28.58062662,
        "longitude": 77.09054959989999,
        "raw_longitude": -282.9094504001,
        "height_m": 168.87774
      }
    },
    {
      "type": "Feature",
      "geometry": {
        "type": "Point",
        "coordinates": [
          91.46313628249999,
          26.8597051559,
          824.15352
        ]
      },
      "properties": {
        "station": "DEO1",
        "method": "MIDAS5",
        "reference_frame": "IN",
        "source": "UNR NGL IGS20 MIDAS",
        "first_epoch": 2012.4326,
        "last_epoch": 2014.0014,
        "duration_years": 1.5688,
        "n_east": 210,
        "n_north": 210,
        "n_up": 210,
        "east_velocity_m_per_yr": -0.002134,
        "north_velocity_m_per_yr": 0.003019,
        "up_velocity_m_per_yr": -0.003178,
        "east_velocity_mm_per_yr": -2.134,
        "north_velocity_mm_per_yr": 3.019,
        "up_velocity_mm_per_yr": -3.178,
        "horizontal_speed_mm_per_yr": 3.6970687037165,
        "azimuth_degrees_clockwise_from_north": 324.7451686159245,
        "horizontal_vector_rotation_degrees": 180,
        "original_east_velocity_m_per_yr": 0.002134,
        "original_north_velocity_m_per_yr": -0.003019,
        "original_east_velocity_mm_per_yr": 2.134,
        "original_north_velocity_mm_per_yr": -3.019,
        "original_azimuth_degrees_clockwise_from_north": 144.7451686159245,
        "east_uncertainty_m_per_yr": 0.000765,
        "north_uncertainty_m_per_yr": 0.000793,
        "up_uncertainty_m_per_yr": 0.004405,
        "east_uncertainty_mm_per_yr": 0.7649999999999999,
        "north_uncertainty_mm_per_yr": 0.7929999999999999,
        "up_uncertainty_mm_per_yr": 4.405,
        "east_offset": -3663.4451,
        "north_offset": 2972085.2773,
        "up_offset": 824.1545,
        "east_outlier_fraction": 0.057,
        "north_outlier_fraction": 0.062,
        "up_outlier_fraction": 0.043,
        "east_pair_std_m_per_yr": 0.001431,
        "north_pair_std_m_per_yr": 0.001479,
        "up_pair_std_m_per_yr": 0.008305,
        "assumed_steps": 0,
        "latitude": 26.8597051559,
        "longitude": 91.46313628249999,
        "raw_longitude": -268.5368637175,
        "height_m": 824.15352
      }
    },
    {
      "type": "Feature",
      "geometry": {
        "type": "Point",
        "coordinates": [
          91.46426146210001,
          26.8606024254,
          823.66602
        ]
      },
      "properties": {
        "station": "DEOT",
        "method": "MIDAS5",
        "reference_frame": "IN",
        "source": "UNR NGL IGS20 MIDAS",
        "first_epoch": 2012.6954,
        "last_epoch": 2015.3566,
        "duration_years": 2.6612,
        "n_east": 714,
        "n_north": 698,
        "n_up": 867,
        "east_velocity_m_per_yr": 0.001998,
        "north_velocity_m_per_yr": 0.004758,
        "up_velocity_m_per_yr": 0.001507,
        "east_velocity_mm_per_yr": 1.9980000000000002,
        "north_velocity_mm_per_yr": 4.758,
        "up_velocity_mm_per_yr": 1.5070000000000001,
        "horizontal_speed_mm_per_yr": 5.160481372895362,
        "azimuth_degrees_clockwise_from_north": 22.77872056146805,
        "horizontal_vector_rotation_degrees": 180,
        "original_east_velocity_m_per_yr": -0.001998,
        "original_north_velocity_m_per_yr": -0.004758,
        "original_east_velocity_mm_per_yr": -1.9980000000000002,
        "original_north_velocity_mm_per_yr": -4.758,
        "original_azimuth_degrees_clockwise_from_north": 202.77872056146808,
        "east_uncertainty_m_per_yr": 0.000437,
        "north_uncertainty_m_per_yr": 0.000503,
        "up_uncertainty_m_per_yr": 0.002516,
        "east_uncertainty_mm_per_yr": 0.437,
        "north_uncertainty_mm_per_yr": 0.503,
        "up_uncertainty_mm_per_yr": 2.516,
        "east_offset": -3551.6252,
        "north_offset": 2972184.6749,
        "up_offset": 823.6639,
        "east_outlier_fraction": 0.042,
        "north_outlier_fraction": 0.057,
        "up_outlier_fraction": 0.035,
        "east_pair_std_m_per_yr": 0.001675,
        "north_pair_std_m_per_yr": 0.001914,
        "up_pair_std_m_per_yr": 0.009681,
        "assumed_steps": 1,
        "latitude": 26.8606024254,
        "longitude": 91.46426146210001,
        "raw_longitude": -268.5357385379,
        "height_m": 823.66602
      }
    },
    {
      "type": "Feature",
      "geometry": {
        "type": "Point",
        "coordinates": [
          72.37024243870002,
          -7.2696828797,
          -64.92995
        ]
      },
      "properties": {
        "station": "DGAR",
        "method": "MIDAS5",
        "reference_frame": "IN",
        "source": "UNR NGL IGS20 MIDAS",
        "first_epoch": 1996.3559,
        "last_epoch": 2026.3682,
        "duration_years": 30.0123,
        "n_east": 9351,
        "n_north": 8849,
        "n_up": 13536,
        "east_velocity_m_per_yr": -0.002654,
        "north_velocity_m_per_yr": 0.001653,
        "up_velocity_m_per_yr": 0.000163,
        "east_velocity_mm_per_yr": -2.654,
        "north_velocity_mm_per_yr": 1.653,
        "up_velocity_mm_per_yr": 0.163,
        "horizontal_speed_mm_per_yr": 3.126679548658608,
        "azimuth_degrees_clockwise_from_north": 301.9160316224638,
        "horizontal_vector_rotation_degrees": 180,
        "original_east_velocity_m_per_yr": 0.002654,
        "original_north_velocity_m_per_yr": -0.001653,
        "original_east_velocity_mm_per_yr": 2.654,
        "original_north_velocity_mm_per_yr": -1.653,
        "original_azimuth_degrees_clockwise_from_north": 121.91603162246378,
        "east_uncertainty_m_per_yr": 0.000152,
        "north_uncertainty_m_per_yr": 0.000136,
        "up_uncertainty_m_per_yr": 0.000477,
        "east_uncertainty_mm_per_yr": 0.152,
        "north_uncertainty_mm_per_yr": 0.136,
        "up_uncertainty_mm_per_yr": 0.477,
        "east_offset": -3286.9412,
        "north_offset": -803883.6565,
        "up_offset": -64.9328,
        "east_outlier_fraction": 0.092,
        "north_outlier_fraction": 0.095,
        "up_outlier_fraction": 0.086,
        "east_pair_std_m_per_yr": 0.002243,
        "north_pair_std_m_per_yr": 0.001995,
        "up_pair_std_m_per_yr": 0.007062,
        "assumed_steps": 9,
        "latitude": -7.2696828797,
        "longitude": 72.37024243870002,
        "raw_longitude": -287.6297575613,
        "height_m": -64.92995
      }
    },
    {
      "type": "Feature",
      "geometry": {
        "type": "Point",
        "coordinates": [
          72.37024243510001,
          -7.2696828885,
          -64.92903
        ]
      },
      "properties": {
        "station": "DGAV",
        "method": "MIDAS5",
        "reference_frame": "IN",
        "source": "UNR NGL IGS20 MIDAS",
        "first_epoch": 2009.692,
        "last_epoch": 2017.0787,
        "duration_years": 7.3867,
        "n_east": 2567,
        "n_north": 2408,
        "n_up": 2764,
        "east_velocity_m_per_yr": -0.002185,
        "north_velocity_m_per_yr": 0.001436,
        "up_velocity_m_per_yr": -0.000667,
        "east_velocity_mm_per_yr": -2.185,
        "north_velocity_mm_per_yr": 1.436,
        "up_velocity_mm_per_yr": -0.6669999999999999,
        "horizontal_speed_mm_per_yr": 2.6146359211178902,
        "azimuth_degrees_clockwise_from_north": 303.31324699852286,
        "horizontal_vector_rotation_degrees": 180,
        "original_east_velocity_m_per_yr": 0.002185,
        "original_north_velocity_m_per_yr": -0.001436,
        "original_east_velocity_mm_per_yr": 2.185,
        "original_north_velocity_mm_per_yr": -1.436,
        "original_azimuth_degrees_clockwise_from_north": 123.31324699852286,
        "east_uncertainty_m_per_yr": 0.000332,
        "north_uncertainty_m_per_yr": 0.000282,
        "up_uncertainty_m_per_yr": 0.000992,
        "east_uncertainty_mm_per_yr": 0.332,
        "north_uncertainty_mm_per_yr": 0.28200000000000003,
        "up_uncertainty_mm_per_yr": 0.992,
        "east_offset": -3286.311,
        "north_offset": -803883.2163,
        "up_offset": -64.9266,
        "east_outlier_fraction": 0.046,
        "north_outlier_fraction": 0.063,
        "up_outlier_fraction": 0.075,
        "east_pair_std_m_per_yr": 0.00227,
        "north_pair_std_m_per_yr": 0.001906,
        "up_pair_std_m_per_yr": 0.006673,
        "assumed_steps": 5,
        "latitude": -7.2696828885,
        "longitude": 72.37024243510001,
        "raw_longitude": -287.6297575649,
        "height_m": -64.92903
      }
    },
    {
      "type": "Feature",
      "geometry": {
        "type": "Point",
        "coordinates": [
          90.39800731039998,
          23.7561684783,
          -29.31516
        ]
      },
      "properties": {
        "station": "DHA1",
        "method": "MIDAS5",
        "reference_frame": "IN",
        "source": "UNR NGL IGS20 MIDAS",
        "first_epoch": 2013.6865,
        "last_epoch": 2020.7173,
        "duration_years": 7.0308,
        "n_east": 42,
        "n_north": 33,
        "n_up": 42,
        "east_velocity_m_per_yr": 0.000824,
        "north_velocity_m_per_yr": 0.001234,
        "up_velocity_m_per_yr": -0.010235,
        "east_velocity_mm_per_yr": 0.824,
        "north_velocity_mm_per_yr": 1.234,
        "up_velocity_mm_per_yr": -10.235,
        "horizontal_speed_mm_per_yr": 1.4838234396315484,
        "azimuth_degrees_clockwise_from_north": 33.7329054839887,
        "horizontal_vector_rotation_degrees": 180,
        "original_east_velocity_m_per_yr": -0.000824,
        "original_north_velocity_m_per_yr": -0.001234,
        "original_east_velocity_mm_per_yr": -0.824,
        "original_north_velocity_mm_per_yr": -1.234,
        "original_azimuth_degrees_clockwise_from_north": 213.7329054839887,
        "east_uncertainty_m_per_yr": 0.003295,
        "north_uncertainty_m_per_yr": 0.002105,
        "up_uncertainty_m_per_yr": 0.007563,
        "east_uncertainty_mm_per_yr": 3.2950000000000004,
        "north_uncertainty_mm_per_yr": 2.105,
        "up_uncertainty_mm_per_yr": 7.563000000000001,
        "east_offset": -203.3433,
        "north_offset": 2628282.5668,
        "up_offset": -29.2642,
        "east_outlier_fraction": 0.048,
        "north_outlier_fraction": 0,
        "up_outlier_fraction": 0.143,
        "east_pair_std_m_per_yr": 0.002771,
        "north_pair_std_m_per_yr": 0.001814,
        "up_pair_std_m_per_yr": 0.006034,
        "assumed_steps": 3,
        "latitude": 23.7561684783,
        "longitude": 90.39800731039998,
        "raw_longitude": -269.6019926896,
        "height_m": -29.31516
      }
    },
    {
      "type": "Feature",
      "geometry": {
        "type": "Point",
        "coordinates": [
          90.38789782330002,
          23.8046692166,
          -44.54828
        ]
      },
      "properties": {
        "station": "DHA2",
        "method": "MIDAS5",
        "reference_frame": "IN",
        "source": "UNR NGL IGS20 MIDAS",
        "first_epoch": 2013.2485,
        "last_epoch": 2020.9993,
        "duration_years": 7.7508,
        "n_east": 1353,
        "n_north": 1114,
        "n_up": 1845,
        "east_velocity_m_per_yr": 0.001253,
        "north_velocity_m_per_yr": 0.000223,
        "up_velocity_m_per_yr": -0.016442,
        "east_velocity_mm_per_yr": 1.253,
        "north_velocity_mm_per_yr": 0.223,
        "up_velocity_mm_per_yr": -16.441999999999997,
        "horizontal_speed_mm_per_yr": 1.2726892786536705,
        "azimuth_degrees_clockwise_from_north": 79.90856714221525,
        "horizontal_vector_rotation_degrees": 180,
        "original_east_velocity_m_per_yr": -0.001253,
        "original_north_velocity_m_per_yr": -0.000223,
        "original_east_velocity_mm_per_yr": -1.253,
        "original_north_velocity_mm_per_yr": -0.223,
        "original_azimuth_degrees_clockwise_from_north": 259.90856714221525,
        "east_uncertainty_m_per_yr": 0.000505,
        "north_uncertainty_m_per_yr": 0.000463,
        "up_uncertainty_m_per_yr": 0.001671,
        "east_uncertainty_mm_per_yr": 0.505,
        "north_uncertainty_mm_per_yr": 0.46299999999999997,
        "up_uncertainty_mm_per_yr": 1.671,
        "east_offset": -1233.5209,
        "north_offset": 2633654.2202,
        "up_offset": -44.4473,
        "east_outlier_fraction": 0.061,
        "north_outlier_fraction": 0.079,
        "up_outlier_fraction": 0.061,
        "east_pair_std_m_per_yr": 0.002793,
        "north_pair_std_m_per_yr": 0.002536,
        "up_pair_std_m_per_yr": 0.009253,
        "assumed_steps": 3,
        "latitude": 23.8046692166,
        "longitude": 90.38789782330002,
        "raw_longitude": -269.6121021767,
        "height_m": -44.54828
      }
    },
    {
      "type": "Feature",
      "geometry": {
        "type": "Point",
        "coordinates": [
          90.40125806370003,
          23.7266867885,
          -32.26008
        ]
      },
      "properties": {
        "station": "DHAK",
        "method": "MIDAS5",
        "reference_frame": "IN",
        "source": "UNR NGL IGS20 MIDAS",
        "first_epoch": 2003.1403,
        "last_epoch": 2019.7016,
        "duration_years": 16.5613,
        "n_east": 5221,
        "n_north": 4670,
        "n_up": 6762,
        "east_velocity_m_per_yr": 0.001427,
        "north_velocity_m_per_yr": -0.000504,
        "up_velocity_m_per_yr": -0.010534,
        "east_velocity_mm_per_yr": 1.427,
        "north_velocity_mm_per_yr": -0.504,
        "up_velocity_mm_per_yr": -10.534,
        "horizontal_speed_mm_per_yr": 1.5133885819577204,
        "azimuth_degrees_clockwise_from_north": 109.45263515334341,
        "horizontal_vector_rotation_degrees": 180,
        "original_east_velocity_m_per_yr": -0.001427,
        "original_north_velocity_m_per_yr": 0.000504,
        "original_east_velocity_mm_per_yr": -1.427,
        "original_north_velocity_mm_per_yr": 0.504,
        "original_azimuth_degrees_clockwise_from_north": 289.4526351533434,
        "east_uncertainty_m_per_yr": 0.000207,
        "north_uncertainty_m_per_yr": 0.000186,
        "up_uncertainty_m_per_yr": 0.000816,
        "east_uncertainty_mm_per_yr": 0.207,
        "north_uncertainty_mm_per_yr": 0.186,
        "up_uncertainty_mm_per_yr": 0.816,
        "east_offset": 127.999,
        "north_offset": 2625017.2568,
        "up_offset": -32.1785,
        "east_outlier_fraction": 0.049,
        "north_outlier_fraction": 0.063,
        "up_outlier_fraction": 0.063,
        "east_pair_std_m_per_yr": 0.002203,
        "north_pair_std_m_per_yr": 0.001973,
        "up_pair_std_m_per_yr": 0.008632,
        "assumed_steps": 7,
        "latitude": 23.7266867885,
        "longitude": 90.40125806370003,
        "raw_longitude": -269.5987419363,
        "height_m": -32.26008
      }
    },
    {
      "type": "Feature",
      "geometry": {
        "type": "Point",
        "coordinates": [
          92.0669760403,
          23.2501385889,
          0.28265
        ]
      },
      "properties": {
        "station": "DIGH",
        "method": "MIDAS5",
        "reference_frame": "IN",
        "source": "UNR NGL IGS20 MIDAS",
        "first_epoch": 2008.3039,
        "last_epoch": 2014.5435,
        "duration_years": 6.2396,
        "n_east": 1417,
        "n_north": 1213,
        "n_up": 1515,
        "east_velocity_m_per_yr": 0.004862,
        "north_velocity_m_per_yr": 0.002733,
        "up_velocity_m_per_yr": 0.000664,
        "east_velocity_mm_per_yr": 4.862,
        "north_velocity_mm_per_yr": 2.733,
        "up_velocity_mm_per_yr": 0.664,
        "horizontal_speed_mm_per_yr": 5.577484468826427,
        "azimuth_degrees_clockwise_from_north": 60.65903413299617,
        "horizontal_vector_rotation_degrees": 180,
        "original_east_velocity_m_per_yr": -0.004862,
        "original_north_velocity_m_per_yr": -0.002733,
        "original_east_velocity_mm_per_yr": -4.862,
        "original_north_velocity_mm_per_yr": -2.733,
        "original_azimuth_degrees_clockwise_from_north": 240.65903413299617,
        "east_uncertainty_m_per_yr": 0.00041,
        "north_uncertainty_m_per_yr": 0.000335,
        "up_uncertainty_m_per_yr": 0.001634,
        "east_uncertainty_mm_per_yr": 0.41,
        "north_uncertainty_mm_per_yr": 0.335,
        "up_uncertainty_mm_per_yr": 1.6340000000000001,
        "east_offset": -3379.4925,
        "north_offset": 2572239.3105,
        "up_offset": 0.2817,
        "east_outlier_fraction": 0.048,
        "north_outlier_fraction": 0.048,
        "up_outlier_fraction": 0.111,
        "east_pair_std_m_per_yr": 0.002073,
        "north_pair_std_m_per_yr": 0.00169,
        "up_pair_std_m_per_yr": 0.007975,
        "assumed_steps": 4,
        "latitude": 23.2501385889,
        "longitude": 92.0669760403,
        "raw_longitude": -267.9330239597,
        "height_m": 0.28265
      }
    },
    {
      "type": "Feature",
      "geometry": {
        "type": "Point",
        "coordinates": [
          82.81788532479999,
          28.9836782995,
          2534.97728
        ]
      },
      "properties": {
        "station": "DLPA",
        "method": "MIDAS5",
        "reference_frame": "IN",
        "source": "UNR NGL IGS20 MIDAS",
        "first_epoch": 2007.3539,
        "last_epoch": 2019.2772,
        "duration_years": 11.9233,
        "n_east": 3232,
        "n_north": 2284,
        "n_up": 2831,
        "east_velocity_m_per_yr": 0.002985,
        "north_velocity_m_per_yr": 0.010658,
        "up_velocity_m_per_yr": 0.002717,
        "east_velocity_mm_per_yr": 2.985,
        "north_velocity_mm_per_yr": 10.658000000000001,
        "up_velocity_mm_per_yr": 2.7169999999999996,
        "horizontal_speed_mm_per_yr": 11.068115873986864,
        "azimuth_degrees_clockwise_from_north": 15.646035003413317,
        "horizontal_vector_rotation_degrees": 180,
        "original_east_velocity_m_per_yr": -0.002985,
        "original_north_velocity_m_per_yr": -0.010658,
        "original_east_velocity_mm_per_yr": -2.985,
        "original_north_velocity_mm_per_yr": -10.658000000000001,
        "original_azimuth_degrees_clockwise_from_north": 195.64603500341335,
        "east_uncertainty_m_per_yr": 0.000298,
        "north_uncertainty_m_per_yr": 0.000276,
        "up_uncertainty_m_per_yr": 0.000937,
        "east_uncertainty_mm_per_yr": 0.298,
        "north_uncertainty_mm_per_yr": 0.27599999999999997,
        "up_uncertainty_mm_per_yr": 0.937,
        "east_offset": 1742.8654,
        "north_offset": 3207460.2012,
        "up_offset": 2534.961,
        "east_outlier_fraction": 0.046,
        "north_outlier_fraction": 0.051,
        "up_outlier_fraction": 0.065,
        "east_pair_std_m_per_yr": 0.002062,
        "north_pair_std_m_per_yr": 0.001901,
        "up_pair_std_m_per_yr": 0.006407,
        "assumed_steps": 6,
        "latitude": 28.9836782995,
        "longitude": 82.81788532479999,
        "raw_longitude": -277.1821146752,
        "height_m": 2534.97728
      }
    },
    {
      "type": "Feature",
      "geometry": {
        "type": "Point",
        "coordinates": [
          84.2651894896,
          27.9733503068,
          299.85881
        ]
      },
      "properties": {
        "station": "DMAU",
        "method": "MIDAS5",
        "reference_frame": "IN",
        "source": "UNR NGL IGS20 MIDAS",
        "first_epoch": 2008.5092,
        "last_epoch": 2016.3888,
        "duration_years": 7.8796,
        "n_east": 1539,
        "n_north": 949,
        "n_up": 1109,
        "east_velocity_m_per_yr": 0.001528,
        "north_velocity_m_per_yr": 0.00187,
        "up_velocity_m_per_yr": 0.00016,
        "east_velocity_mm_per_yr": 1.528,
        "north_velocity_mm_per_yr": 1.8699999999999999,
        "up_velocity_mm_per_yr": 0.16,
        "horizontal_speed_mm_per_yr": 2.4148879891208206,
        "azimuth_degrees_clockwise_from_north": 39.25268094394505,
        "horizontal_vector_rotation_degrees": 180,
        "original_east_velocity_m_per_yr": -0.001528,
        "original_north_velocity_m_per_yr": -0.00187,
        "original_east_velocity_mm_per_yr": -1.528,
        "original_north_velocity_mm_per_yr": -1.8699999999999999,
        "original_azimuth_degrees_clockwise_from_north": 219.25268094394505,
        "east_uncertainty_m_per_yr": 0.000398,
        "north_uncertainty_m_per_yr": 0.000399,
        "up_uncertainty_m_per_yr": 0.001471,
        "east_uncertainty_mm_per_yr": 0.398,
        "north_uncertainty_mm_per_yr": 0.399,
        "up_uncertainty_mm_per_yr": 1.471,
        "east_offset": -3424.9309,
        "north_offset": 3095488.3939,
        "up_offset": 299.8585,
        "east_outlier_fraction": 0.064,
        "north_outlier_fraction": 0.067,
        "up_outlier_fraction": 0.079,
        "east_pair_std_m_per_yr": 0.001705,
        "north_pair_std_m_per_yr": 0.001706,
        "up_pair_std_m_per_yr": 0.006249,
        "assumed_steps": 7,
        "latitude": 27.9733503068,
        "longitude": 84.2651894896,
        "raw_longitude": -275.7348105104,
        "height_m": 299.85881
      }
    },
    {
      "type": "Feature",
      "geometry": {
        "type": "Point",
        "coordinates": [
          85.24584480020002,
          28.0769069528,
          2232.57609
        ]
      },
      "properties": {
        "station": "DNC4",
        "method": "MIDAS5",
        "reference_frame": "IN",
        "source": "UNR NGL IGS20 MIDAS",
        "first_epoch": 2015.4661,
        "last_epoch": 2018.3573,
        "duration_years": 2.8912,
        "n_east": 1053,
        "n_north": 1053,
        "n_up": 1380,
        "east_velocity_m_per_yr": 0.014088,
        "north_velocity_m_per_yr": 0.019092,
        "up_velocity_m_per_yr": 0.013378,
        "east_velocity_mm_per_yr": 14.088,
        "north_velocity_mm_per_yr": 19.092000000000002,
        "up_velocity_mm_per_yr": 13.378,
        "horizontal_speed_mm_per_yr": 23.72711967348755,
        "azimuth_degrees_clockwise_from_north": 36.42364174741266,
        "horizontal_vector_rotation_degrees": 180,
        "original_east_velocity_m_per_yr": -0.014088,
        "original_north_velocity_m_per_yr": -0.019092,
        "original_east_velocity_mm_per_yr": -14.088,
        "original_north_velocity_mm_per_yr": -19.092000000000002,
        "original_azimuth_degrees_clockwise_from_north": 216.42364174741266,
        "east_uncertainty_m_per_yr": 0.000547,
        "north_uncertainty_m_per_yr": 0.000856,
        "up_uncertainty_m_per_yr": 0.001512,
        "east_uncertainty_mm_per_yr": 0.5469999999999999,
        "north_uncertainty_mm_per_yr": 0.856,
        "up_uncertainty_mm_per_yr": 1.512,
        "east_offset": 4506.14,
        "north_offset": 3106964.5582,
        "up_offset": 2232.5539,
        "east_outlier_fraction": 0.046,
        "north_outlier_fraction": 0.12,
        "up_outlier_fraction": 0.062,
        "east_pair_std_m_per_yr": 0.00264,
        "north_pair_std_m_per_yr": 0.003965,
        "up_pair_std_m_per_yr": 0.007231,
        "assumed_steps": 0,
        "latitude": 28.0769069528,
        "longitude": 85.24584480020002,
        "raw_longitude": -274.7541551998,
        "height_m": 2232.57609
      }
    },
    {
      "type": "Feature",
      "geometry": {
        "type": "Point",
        "coordinates": [
          80.581782782,
          28.7544444847,
          131.98427
        ]
      },
      "properties": {
        "station": "DNGD",
        "method": "MIDAS5",
        "reference_frame": "IN",
        "source": "UNR NGL IGS20 MIDAS",
        "first_epoch": 2008.345,
        "last_epoch": 2019.6249,
        "duration_years": 11.2799,
        "n_east": 2687,
        "n_north": 2188,
        "n_up": 2539,
        "east_velocity_m_per_yr": -0.000573,
        "north_velocity_m_per_yr": -0.000116,
        "up_velocity_m_per_yr": -0.002164,
        "east_velocity_mm_per_yr": -0.5730000000000001,
        "north_velocity_mm_per_yr": -0.116,
        "up_velocity_mm_per_yr": -2.164,
        "horizontal_speed_mm_per_yr": 0.5846238106680227,
        "azimuth_degrees_clockwise_from_north": 258.555525520137,
        "horizontal_vector_rotation_degrees": 180,
        "original_east_velocity_m_per_yr": 0.000573,
        "original_north_velocity_m_per_yr": 0.000116,
        "original_east_velocity_mm_per_yr": 0.5730000000000001,
        "original_north_velocity_mm_per_yr": 0.116,
        "original_azimuth_degrees_clockwise_from_north": 78.555525520137,
        "east_uncertainty_m_per_yr": 0.00026,
        "north_uncertainty_m_per_yr": 0.000382,
        "up_uncertainty_m_per_yr": 0.000969,
        "east_uncertainty_mm_per_yr": 0.25999999999999995,
        "north_uncertainty_mm_per_yr": 0.382,
        "up_uncertainty_mm_per_yr": 0.969,
        "east_offset": -1779.4246,
        "north_offset": 3182053.3246,
        "up_offset": 131.9927,
        "east_outlier_fraction": 0.087,
        "north_outlier_fraction": 0.088,
        "up_outlier_fraction": 0.068,
        "east_pair_std_m_per_yr": 0.001665,
        "north_pair_std_m_per_yr": 0.002443,
        "up_pair_std_m_per_yr": 0.006272,
        "assumed_steps": 5,
        "latitude": 28.7544444847,
        "longitude": 80.581782782,
        "raw_longitude": -279.418217218,
        "height_m": 131.98427
      }
    },
    {
      "type": "Feature",
      "geometry": {
        "type": "Point",
        "coordinates": [
          83.76346535919998,
          28.3450893795,
          2427.3426
        ]
      },
      "properties": {
        "station": "DNSG",
        "method": "MIDAS5",
        "reference_frame": "IN",
        "source": "UNR NGL IGS20 MIDAS",
        "first_epoch": 2012.3258,
        "last_epoch": 2021.7002,
        "duration_years": 9.3744,
        "n_east": 2896,
        "n_north": 2526,
        "n_up": 4011,
        "east_velocity_m_per_yr": 0.002677,
        "north_velocity_m_per_yr": 0.0082,
        "up_velocity_m_per_yr": 0.002839,
        "east_velocity_mm_per_yr": 2.677,
        "north_velocity_mm_per_yr": 8.200000000000001,
        "up_velocity_mm_per_yr": 2.839,
        "horizontal_speed_mm_per_yr": 8.625910328771104,
        "azimuth_degrees_clockwise_from_north": 18.07996613269114,
        "horizontal_vector_rotation_degrees": 180,
        "original_east_velocity_m_per_yr": -0.002677,
        "original_north_velocity_m_per_yr": -0.0082,
        "original_east_velocity_mm_per_yr": -2.677,
        "original_north_velocity_mm_per_yr": -8.200000000000001,
        "original_azimuth_degrees_clockwise_from_north": 198.07996613269114,
        "east_uncertainty_m_per_yr": 0.000233,
        "north_uncertainty_m_per_yr": 0.000253,
        "up_uncertainty_m_per_yr": 0.000955,
        "east_uncertainty_mm_per_yr": 0.23299999999999998,
        "north_uncertainty_mm_per_yr": 0.253,
        "up_uncertainty_mm_per_yr": 0.955,
        "east_offset": -3582.3007,
        "north_offset": 3136685.1779,
        "up_offset": 2427.3273,
        "east_outlier_fraction": 0.06,
        "north_outlier_fraction": 0.069,
        "up_outlier_fraction": 0.079,
        "east_pair_std_m_per_yr": 0.001904,
        "north_pair_std_m_per_yr": 0.002056,
        "up_pair_std_m_per_yr": 0.007721,
        "assumed_steps": 4,
        "latitude": 28.3450893795,
        "longitude": 83.76346535919998,
        "raw_longitude": -276.2365346408,
        "height_m": 2427.3426
      }
    },
    {
      "type": "Feature",
      "geometry": {
        "type": "Point",
        "coordinates": [
          80.50093100800001,
          29.7338053102,
          1986.54802
        ]
      },
      "properties": {
        "station": "DRCL",
        "method": "MIDAS5",
        "reference_frame": "IN",
        "source": "UNR NGL IGS20 MIDAS",
        "first_epoch": 2008.1971,
        "last_epoch": 2015.0938,
        "duration_years": 6.8967,
        "n_east": 1613,
        "n_north": 1446,
        "n_up": 1635,
        "east_velocity_m_per_yr": 0.002076,
        "north_velocity_m_per_yr": 0.003734,
        "up_velocity_m_per_yr": 0.006436,
        "east_velocity_mm_per_yr": 2.076,
        "north_velocity_mm_per_yr": 3.734,
        "up_velocity_mm_per_yr": 6.436,
        "horizontal_speed_mm_per_yr": 4.2722982105653635,
        "azimuth_degrees_clockwise_from_north": 29.07284037621298,
        "horizontal_vector_rotation_degrees": 180,
        "original_east_velocity_m_per_yr": -0.002076,
        "original_north_velocity_m_per_yr": -0.003734,
        "original_east_velocity_mm_per_yr": -2.076,
        "original_north_velocity_mm_per_yr": -3.734,
        "original_azimuth_degrees_clockwise_from_north": 209.07284037621298,
        "east_uncertainty_m_per_yr": 0.000804,
        "north_uncertainty_m_per_yr": 0.000892,
        "up_uncertainty_m_per_yr": 0.002524,
        "east_uncertainty_mm_per_yr": 0.804,
        "north_uncertainty_mm_per_yr": 0.892,
        "up_uncertainty_mm_per_yr": 2.524,
        "east_offset": 89.9663,
        "north_offset": 3290605.569,
        "up_offset": 1986.5347,
        "east_outlier_fraction": 0.041,
        "north_outlier_fraction": 0.079,
        "up_outlier_fraction": 0.021,
        "east_pair_std_m_per_yr": 0.004236,
        "north_pair_std_m_per_yr": 0.004604,
        "up_pair_std_m_per_yr": 0.013432,
        "assumed_steps": 2,
        "latitude": 29.7338053102,
        "longitude": 80.50093100800001,
        "raw_longitude": -279.499068992,
        "height_m": 1986.54802
      }
    },
    {
      "type": "Feature",
      "geometry": {
        "type": "Point",
        "coordinates": [
          78.04416939409998,
          30.3402839535,
          669.14878
        ]
      },
      "properties": {
        "station": "DRDN",
        "method": "MIDAS5",
        "reference_frame": "IN",
        "source": "UNR NGL IGS20 MIDAS",
        "first_epoch": 2024.4381,
        "last_epoch": 2026.371,
        "duration_years": 1.9329,
        "n_east": 570,
        "n_north": 337,
        "n_up": 337,
        "east_velocity_m_per_yr": 0.00288,
        "north_velocity_m_per_yr": 0.002418,
        "up_velocity_m_per_yr": -0.000112,
        "east_velocity_mm_per_yr": 2.8800000000000003,
        "north_velocity_mm_per_yr": 2.418,
        "up_velocity_mm_per_yr": -0.112,
        "horizontal_speed_mm_per_yr": 3.7604685878225337,
        "azimuth_degrees_clockwise_from_north": 49.98374057621976,
        "horizontal_vector_rotation_degrees": 180,
        "original_east_velocity_m_per_yr": -0.00288,
        "original_north_velocity_m_per_yr": -0.002418,
        "original_east_velocity_mm_per_yr": -2.8800000000000003,
        "original_north_velocity_mm_per_yr": -2.418,
        "original_azimuth_degrees_clockwise_from_north": 229.98374057621976,
        "east_uncertainty_m_per_yr": 0.000607,
        "north_uncertainty_m_per_yr": 0.000636,
        "up_uncertainty_m_per_yr": 0.002468,
        "east_uncertainty_mm_per_yr": 0.607,
        "north_uncertainty_mm_per_yr": 0.636,
        "up_uncertainty_mm_per_yr": 2.468,
        "east_offset": 4247.0761,
        "north_offset": 3357835.635,
        "up_offset": 669.1489,
        "east_outlier_fraction": 0.05,
        "north_outlier_fraction": 0.018,
        "up_outlier_fraction": 0.015,
        "east_pair_std_m_per_yr": 0.001444,
        "north_pair_std_m_per_yr": 0.001539,
        "up_pair_std_m_per_yr": 0.00598,
        "assumed_steps": 1,
        "latitude": 30.3402839535,
        "longitude": 78.04416939409998,
        "raw_longitude": -281.9558306059,
        "height_m": 669.14878
      }
    },
    {
      "type": "Feature",
      "geometry": {
        "type": "Point",
        "coordinates": [
          94.04982042,
          19.7898759756,
          -33.12166
        ]
      },
      "properties": {
        "station": "EW02",
        "method": "MIDAS5",
        "reference_frame": "IN",
        "source": "UNR NGL IGS20 MIDAS",
        "first_epoch": 2018.0014,
        "last_epoch": 2020.9993,
        "duration_years": 2.9979,
        "n_east": 1086,
        "n_north": 1086,
        "n_up": 1452,
        "east_velocity_m_per_yr": 0.010905,
        "north_velocity_m_per_yr": 0.009963,
        "up_velocity_m_per_yr": -0.0002,
        "east_velocity_mm_per_yr": 10.905,
        "north_velocity_mm_per_yr": 9.963,
        "up_velocity_mm_per_yr": -0.2,
        "horizontal_speed_mm_per_yr": 14.770930708658815,
        "azimuth_degrees_clockwise_from_north": 47.58462761453006,
        "horizontal_vector_rotation_degrees": 180,
        "original_east_velocity_m_per_yr": -0.010905,
        "original_north_velocity_m_per_yr": -0.009963,
        "original_east_velocity_mm_per_yr": -10.905,
        "original_north_velocity_mm_per_yr": -9.963,
        "original_azimuth_degrees_clockwise_from_north": 227.5846276145301,
        "east_uncertainty_m_per_yr": 0.000689,
        "north_uncertainty_m_per_yr": 0.000717,
        "up_uncertainty_m_per_yr": 0.003196,
        "east_uncertainty_mm_per_yr": 0.6890000000000001,
        "north_uncertainty_mm_per_yr": 0.717,
        "up_uncertainty_mm_per_yr": 3.196,
        "east_offset": 5220.3979,
        "north_offset": 2189104.857,
        "up_offset": -33.1215,
        "east_outlier_fraction": 0.068,
        "north_outlier_fraction": 0.061,
        "up_outlier_fraction": 0.071,
        "east_pair_std_m_per_yr": 0.003371,
        "north_pair_std_m_per_yr": 0.00352,
        "up_pair_std_m_per_yr": 0.015609,
        "assumed_steps": 0,
        "latitude": 19.7898759756,
        "longitude": 94.04982042,
        "raw_longitude": -265.95017958,
        "height_m": -33.12166
      }
    },
    {
      "type": "Feature",
      "geometry": {
        "type": "Point",
        "coordinates": [
          93.522402935,
          19.4258212513,
          -30.14497
        ]
      },
      "properties": {
        "station": "EW03",
        "method": "MIDAS5",
        "reference_frame": "IN",
        "source": "UNR NGL IGS20 MIDAS",
        "first_epoch": 2018.0014,
        "last_epoch": 2020.9993,
        "duration_years": 2.9979,
        "n_east": 1093,
        "n_north": 1093,
        "n_up": 1459,
        "east_velocity_m_per_yr": 0.005704,
        "north_velocity_m_per_yr": 0.006449,
        "up_velocity_m_per_yr": -0.003404,
        "east_velocity_mm_per_yr": 5.704,
        "north_velocity_mm_per_yr": 6.449,
        "up_velocity_mm_per_yr": -3.404,
        "horizontal_speed_mm_per_yr": 8.609600281081578,
        "azimuth_degrees_clockwise_from_north": 41.49205901147553,
        "horizontal_vector_rotation_degrees": 180,
        "original_east_velocity_m_per_yr": -0.005704,
        "original_north_velocity_m_per_yr": -0.006449,
        "original_east_velocity_mm_per_yr": -5.704,
        "original_north_velocity_mm_per_yr": -6.449,
        "original_azimuth_degrees_clockwise_from_north": 221.49205901147553,
        "east_uncertainty_m_per_yr": 0.0013,
        "north_uncertainty_m_per_yr": 0.001007,
        "up_uncertainty_m_per_yr": 0.002683,
        "east_uncertainty_mm_per_yr": 1.3,
        "north_uncertainty_mm_per_yr": 1.0070000000000001,
        "up_uncertainty_mm_per_yr": 2.6830000000000003,
        "east_offset": 2352.7277,
        "north_offset": 2148804.1994,
        "up_offset": -30.1411,
        "east_outlier_fraction": 0.062,
        "north_outlier_fraction": 0.13,
        "up_outlier_fraction": 0.133,
        "east_pair_std_m_per_yr": 0.006396,
        "north_pair_std_m_per_yr": 0.004768,
        "up_pair_std_m_per_yr": 0.01269,
        "assumed_steps": 0,
        "latitude": 19.4258212513,
        "longitude": 93.522402935,
        "raw_longitude": -266.477597065,
        "height_m": -30.14497
      }
    },
    {
      "type": "Feature",
      "geometry": {
        "type": "Point",
        "coordinates": [
          94.51738423289999,
          20.3427559516,
          24.239
        ]
      },
      "properties": {
        "station": "EW04",
        "method": "MIDAS5",
        "reference_frame": "IN",
        "source": "UNR NGL IGS20 MIDAS",
        "first_epoch": 2018.0014,
        "last_epoch": 2020.5448,
        "duration_years": 2.5434,
        "n_east": 881,
        "n_north": 881,
        "n_up": 1076,
        "east_velocity_m_per_yr": 0.012583,
        "north_velocity_m_per_yr": 0.015588,
        "up_velocity_m_per_yr": 0.004792,
        "east_velocity_mm_per_yr": 12.583,
        "north_velocity_mm_per_yr": 15.588,
        "up_velocity_mm_per_yr": 4.792,
        "horizontal_speed_mm_per_yr": 20.03291374213946,
        "azimuth_degrees_clockwise_from_north": 38.911284154744976,
        "horizontal_vector_rotation_degrees": 180,
        "original_east_velocity_m_per_yr": -0.012583,
        "original_north_velocity_m_per_yr": -0.015588,
        "original_east_velocity_mm_per_yr": -12.583,
        "original_north_velocity_mm_per_yr": -15.588,
        "original_azimuth_degrees_clockwise_from_north": 218.91128415474498,
        "east_uncertainty_m_per_yr": 0.000446,
        "north_uncertainty_m_per_yr": 0.000402,
        "up_uncertainty_m_per_yr": 0.001543,
        "east_uncertainty_mm_per_yr": 0.446,
        "north_uncertainty_mm_per_yr": 0.402,
        "up_uncertainty_mm_per_yr": 1.5430000000000001,
        "east_offset": 1815.2011,
        "north_offset": 2250311.5225,
        "up_offset": 24.2331,
        "east_outlier_fraction": 0.046,
        "north_outlier_fraction": 0.051,
        "up_outlier_fraction": 0.072,
        "east_pair_std_m_per_yr": 0.001899,
        "north_pair_std_m_per_yr": 0.001708,
        "up_pair_std_m_per_yr": 0.006487,
        "assumed_steps": 0,
        "latitude": 20.3427559516,
        "longitude": 94.51738423289999,
        "raw_longitude": -265.4826157671,
        "height_m": 24.239
      }
    },
    {
      "type": "Feature",
      "geometry": {
        "type": "Point",
        "coordinates": [
          95.02809534279999,
          20.3326036877,
          124.41069
        ]
      },
      "properties": {
        "station": "EW05",
        "method": "MIDAS5",
        "reference_frame": "IN",
        "source": "UNR NGL IGS20 MIDAS",
        "first_epoch": 2018.0014,
        "last_epoch": 2020.9993,
        "duration_years": 2.9979,
        "n_east": 1051,
        "n_north": 1051,
        "n_up": 1412,
        "east_velocity_m_per_yr": 0.011825,
        "north_velocity_m_per_yr": 0.018633,
        "up_velocity_m_per_yr": -0.000016,
        "east_velocity_mm_per_yr": 11.825000000000001,
        "north_velocity_mm_per_yr": 18.633,
        "up_velocity_mm_per_yr": -0.016,
        "horizontal_speed_mm_per_yr": 22.068514086816087,
        "azimuth_degrees_clockwise_from_north": 32.400303888555754,
        "horizontal_vector_rotation_degrees": 180,
        "original_east_velocity_m_per_yr": -0.011825,
        "original_north_velocity_m_per_yr": -0.018633,
        "original_east_velocity_mm_per_yr": -11.825000000000001,
        "original_north_velocity_mm_per_yr": -18.633,
        "original_azimuth_degrees_clockwise_from_north": 212.40030388855573,
        "east_uncertainty_m_per_yr": 0.000909,
        "north_uncertainty_m_per_yr": 0.000392,
        "up_uncertainty_m_per_yr": 0.001681,
        "east_uncertainty_mm_per_yr": 0.909,
        "north_uncertainty_mm_per_yr": 0.392,
        "up_uncertainty_mm_per_yr": 1.681,
        "east_offset": 2933.8224,
        "north_offset": 2249187.5752,
        "up_offset": 124.4108,
        "east_outlier_fraction": 0.02,
        "north_outlier_fraction": 0.052,
        "up_outlier_fraction": 0.027,
        "east_pair_std_m_per_yr": 0.004496,
        "north_pair_std_m_per_yr": 0.001909,
        "up_pair_std_m_per_yr": 0.008285,
        "assumed_steps": 0,
        "latitude": 20.3326036877,
        "longitude": 95.02809534279999,
        "raw_longitude": -264.9719046572,
        "height_m": 124.41069
      }
    },
    {
      "type": "Feature",
      "geometry": {
        "type": "Point",
        "coordinates": [
          97.54697593869997,
          20.9113372019,
          1349.48266
        ]
      },
      "properties": {
        "station": "EW08",
        "method": "MIDAS5",
        "reference_frame": "IN",
        "source": "UNR NGL IGS20 MIDAS",
        "first_epoch": 2018.0671,
        "last_epoch": 2020.9993,
        "duration_years": 2.9322,
        "n_east": 1060,
        "n_north": 1060,
        "n_up": 1402,
        "east_velocity_m_per_yr": 0.014496,
        "north_velocity_m_per_yr": 0.039598,
        "up_velocity_m_per_yr": 0.002235,
        "east_velocity_mm_per_yr": 14.496,
        "north_velocity_mm_per_yr": 39.598,
        "up_velocity_mm_per_yr": 2.235,
        "horizontal_speed_mm_per_yr": 42.16794540880549,
        "azimuth_degrees_clockwise_from_north": 20.10662213891476,
        "horizontal_vector_rotation_degrees": 180,
        "original_east_velocity_m_per_yr": -0.014496,
        "original_north_velocity_m_per_yr": -0.039598,
        "original_east_velocity_mm_per_yr": -14.496,
        "original_north_velocity_mm_per_yr": -39.598,
        "original_azimuth_degrees_clockwise_from_north": 200.10662213891473,
        "east_uncertainty_m_per_yr": 0.00052,
        "north_uncertainty_m_per_yr": 0.000464,
        "up_uncertainty_m_per_yr": 0.001749,
        "east_uncertainty_mm_per_yr": 0.5199999999999999,
        "north_uncertainty_mm_per_yr": 0.464,
        "up_uncertainty_mm_per_yr": 1.7489999999999999,
        "east_offset": 4886.9435,
        "north_offset": 2313260.4465,
        "up_offset": 1349.4794,
        "east_outlier_fraction": 0.079,
        "north_outlier_fraction": 0.054,
        "up_outlier_fraction": 0.034,
        "east_pair_std_m_per_yr": 0.002484,
        "north_pair_std_m_per_yr": 0.002245,
        "up_pair_std_m_per_yr": 0.008561,
        "assumed_steps": 0,
        "latitude": 20.9113372019,
        "longitude": 97.54697593869997,
        "raw_longitude": -262.4530240613,
        "height_m": 1349.48266
      }
    },
    {
      "type": "Feature",
      "geometry": {
        "type": "Point",
        "coordinates": [
          72.63567827359998,
          23.2400729863,
          25.13251
        ]
      },
      "properties": {
        "station": "GAAR",
        "method": "MIDAS5",
        "reference_frame": "IN",
        "source": "UNR NGL IGS20 MIDAS",
        "first_epoch": 2022.694,
        "last_epoch": 2025.7002,
        "duration_years": 3.0062,
        "n_east": 21,
        "n_north": 21,
        "n_up": 27,
        "east_velocity_m_per_yr": 0.002092,
        "north_velocity_m_per_yr": 0.000724,
        "up_velocity_m_per_yr": -0.013549,
        "east_velocity_mm_per_yr": 2.092,
        "north_velocity_mm_per_yr": 0.7240000000000001,
        "up_velocity_mm_per_yr": -13.549,
        "horizontal_speed_mm_per_yr": 2.213738918662271,
        "azimuth_degrees_clockwise_from_north": 70.91027077481027,
        "horizontal_vector_rotation_degrees": 180,
        "original_east_velocity_m_per_yr": -0.002092,
        "original_north_velocity_m_per_yr": -0.000724,
        "original_east_velocity_mm_per_yr": -2.092,
        "original_north_velocity_mm_per_yr": -0.7240000000000001,
        "original_azimuth_degrees_clockwise_from_north": 250.91027077481027,
        "east_uncertainty_m_per_yr": 0.00221,
        "north_uncertainty_m_per_yr": 0.003041,
        "up_uncertainty_m_per_yr": 0.009085,
        "east_uncertainty_mm_per_yr": 2.21,
        "north_uncertainty_mm_per_yr": 3.041,
        "up_uncertainty_mm_per_yr": 9.084999999999999,
        "east_offset": 3651.2909,
        "north_offset": 2571124.5939,
        "up_offset": 25.1405,
        "east_outlier_fraction": 0.148,
        "north_outlier_fraction": 0.074,
        "up_outlier_fraction": 0.148,
        "east_pair_std_m_per_yr": 0.001409,
        "north_pair_std_m_per_yr": 0.002022,
        "up_pair_std_m_per_yr": 0.005794,
        "assumed_steps": 0,
        "latitude": 23.2400729863,
        "longitude": 72.63567827359998,
        "raw_longitude": -287.3643217264,
        "height_m": 25.13251
      }
    },
    {
      "type": "Feature",
      "geometry": {
        "type": "Point",
        "coordinates": [
          79.17702570649999,
          13.4595093774,
          283.16315
        ]
      },
      "properties": {
        "station": "GDKG",
        "method": "MIDAS5",
        "reference_frame": "IN",
        "source": "UNR NGL IGS20 MIDAS",
        "first_epoch": 2024.9692,
        "last_epoch": 2026.3901,
        "duration_years": 1.4209,
        "n_east": 517,
        "n_north": 307,
        "n_up": 307,
        "east_velocity_m_per_yr": 0.0004,
        "north_velocity_m_per_yr": 0.001525,
        "up_velocity_m_per_yr": 0.001932,
        "east_velocity_mm_per_yr": 0.4,
        "north_velocity_mm_per_yr": 1.5250000000000001,
        "up_velocity_mm_per_yr": 1.932,
        "horizontal_speed_mm_per_yr": 1.5765865025427563,
        "azimuth_degrees_clockwise_from_north": 14.69731927951193,
        "horizontal_vector_rotation_degrees": 180,
        "original_east_velocity_m_per_yr": -0.0004,
        "original_north_velocity_m_per_yr": -0.001525,
        "original_east_velocity_mm_per_yr": -0.4,
        "original_north_velocity_mm_per_yr": -1.5250000000000001,
        "original_azimuth_degrees_clockwise_from_north": 194.6973192795119,
        "east_uncertainty_m_per_yr": 0.000628,
        "north_uncertainty_m_per_yr": 0.000766,
        "up_uncertainty_m_per_yr": 0.002552,
        "east_uncertainty_mm_per_yr": 0.628,
        "north_uncertainty_mm_per_yr": 0.766,
        "up_uncertainty_mm_per_yr": 2.552,
        "east_offset": -2487.7161,
        "north_offset": 1488547.4428,
        "up_offset": 283.1618,
        "east_outlier_fraction": 0.091,
        "north_outlier_fraction": 0.052,
        "up_outlier_fraction": 0.059,
        "east_pair_std_m_per_yr": 0.001395,
        "north_pair_std_m_per_yr": 0.001737,
        "up_pair_std_m_per_yr": 0.00577,
        "assumed_steps": 0,
        "latitude": 13.4595093774,
        "longitude": 79.17702570649999,
        "raw_longitude": -280.8229742935,
        "height_m": 283.16315
      }
    },
    {
      "type": "Feature",
      "geometry": {
        "type": "Point",
        "coordinates": [
          90.4320547557,
          26.9086375031,
          357.0539
        ]
      },
      "properties": {
        "station": "GELE",
        "method": "MIDAS5",
        "reference_frame": "IN",
        "source": "UNR NGL IGS20 MIDAS",
        "first_epoch": 2012.6598,
        "last_epoch": 2019.7207,
        "duration_years": 7.0609,
        "n_east": 610,
        "n_north": 604,
        "n_up": 620,
        "east_velocity_m_per_yr": 0.000974,
        "north_velocity_m_per_yr": 0.003558,
        "up_velocity_m_per_yr": -0.00603,
        "east_velocity_mm_per_yr": 0.9740000000000001,
        "north_velocity_mm_per_yr": 3.558,
        "up_velocity_mm_per_yr": -6.029999999999999,
        "horizontal_speed_mm_per_yr": 3.688907697408543,
        "azimuth_degrees_clockwise_from_north": 15.309608253451927,
        "horizontal_vector_rotation_degrees": 180,
        "original_east_velocity_m_per_yr": -0.000974,
        "original_north_velocity_m_per_yr": -0.003558,
        "original_east_velocity_mm_per_yr": -0.9740000000000001,
        "original_north_velocity_mm_per_yr": -3.558,
        "original_azimuth_degrees_clockwise_from_north": 195.30960825345193,
        "east_uncertainty_m_per_yr": 0.00057,
        "north_uncertainty_m_per_yr": 0.000572,
        "up_uncertainty_m_per_yr": 0.00215,
        "east_uncertainty_mm_per_yr": 0.57,
        "north_uncertainty_mm_per_yr": 0.5720000000000001,
        "up_uncertainty_mm_per_yr": 2.15,
        "east_offset": 3184.1264,
        "north_offset": 2977507.049,
        "up_offset": 357.0595,
        "east_outlier_fraction": 0.035,
        "north_outlier_fraction": 0.094,
        "up_outlier_fraction": 0.237,
        "east_pair_std_m_per_yr": 0.001852,
        "north_pair_std_m_per_yr": 0.001804,
        "up_pair_std_m_per_yr": 0.006217,
        "assumed_steps": 2,
        "latitude": 26.9086375031,
        "longitude": 90.4320547557,
        "raw_longitude": -269.5679452443,
        "height_m": 357.0539
      }
    },
    {
      "type": "Feature",
      "geometry": {
        "type": "Point",
        "coordinates": [
          84.40972548460002,
          28.3745993001,
          1530.40639
        ]
      },
      "properties": {
        "station": "GHER",
        "method": "MIDAS5",
        "reference_frame": "IN",
        "source": "UNR NGL IGS20 MIDAS",
        "first_epoch": 2008.5038,
        "last_epoch": 2017.1006,
        "duration_years": 8.5968,
        "n_east": 1694,
        "n_north": 1258,
        "n_up": 1394,
        "east_velocity_m_per_yr": 0.002884,
        "north_velocity_m_per_yr": 0.009541,
        "up_velocity_m_per_yr": 0.006706,
        "east_velocity_mm_per_yr": 2.884,
        "north_velocity_mm_per_yr": 9.540999999999999,
        "up_velocity_mm_per_yr": 6.706,
        "horizontal_speed_mm_per_yr": 9.967353560499394,
        "azimuth_degrees_clockwise_from_north": 16.818722680810538,
        "horizontal_vector_rotation_degrees": 180,
        "original_east_velocity_m_per_yr": -0.002884,
        "original_north_velocity_m_per_yr": -0.009541,
        "original_east_velocity_mm_per_yr": -2.884,
        "original_north_velocity_mm_per_yr": -9.540999999999999,
        "original_azimuth_degrees_clockwise_from_north": 196.81872268081057,
        "east_uncertainty_m_per_yr": 0.000547,
        "north_uncertainty_m_per_yr": 0.000652,
        "up_uncertainty_m_per_yr": 0.002242,
        "east_uncertainty_mm_per_yr": 0.5469999999999999,
        "north_uncertainty_mm_per_yr": 0.652,
        "up_uncertainty_mm_per_yr": 2.242,
        "east_offset": 953.2132,
        "north_offset": 3139955.711,
        "up_offset": 1530.3789,
        "east_outlier_fraction": 0.067,
        "north_outlier_fraction": 0.037,
        "up_outlier_fraction": 0.063,
        "east_pair_std_m_per_yr": 0.002624,
        "north_pair_std_m_per_yr": 0.003175,
        "up_pair_std_m_per_yr": 0.010776,
        "assumed_steps": 9,
        "latitude": 28.3745993001,
        "longitude": 84.40972548460002,
        "raw_longitude": -275.5902745154,
        "height_m": 1530.40639
      }
    },
    {
      "type": "Feature",
      "geometry": {
        "type": "Point",
        "coordinates": [
          72.65315244189998,
          23.210827376,
          20.26194
        ]
      },
      "properties": {
        "station": "GJRT",
        "method": "MIDAS5",
        "reference_frame": "IN",
        "source": "UNR NGL IGS20 MIDAS",
        "first_epoch": 2019.7043,
        "last_epoch": 2022.7105,
        "duration_years": 3.0062,
        "n_east": 21,
        "n_north": 21,
        "n_up": 27,
        "east_velocity_m_per_yr": 0.001806,
        "north_velocity_m_per_yr": 0.001411,
        "up_velocity_m_per_yr": 0.004036,
        "east_velocity_mm_per_yr": 1.806,
        "north_velocity_mm_per_yr": 1.411,
        "up_velocity_mm_per_yr": 4.036,
        "horizontal_speed_mm_per_yr": 2.291845762698703,
        "azimuth_degrees_clockwise_from_north": 52.0000362772455,
        "horizontal_vector_rotation_degrees": 180,
        "original_east_velocity_m_per_yr": -0.001806,
        "original_north_velocity_m_per_yr": -0.001411,
        "original_east_velocity_mm_per_yr": -1.806,
        "original_north_velocity_mm_per_yr": -1.411,
        "original_azimuth_degrees_clockwise_from_north": 232.00003627724553,
        "east_uncertainty_m_per_yr": 0.016229,
        "north_uncertainty_m_per_yr": 0.001523,
        "up_uncertainty_m_per_yr": 0.010979,
        "east_uncertainty_mm_per_yr": 16.229,
        "north_uncertainty_mm_per_yr": 1.5230000000000001,
        "up_uncertainty_mm_per_yr": 10.979,
        "east_offset": -4795.4987,
        "north_offset": 2567885.6913,
        "up_offset": 20.256,
        "east_outlier_fraction": 0,
        "north_outlier_fraction": 0.148,
        "up_outlier_fraction": 0.481,
        "east_pair_std_m_per_yr": 0.011214,
        "north_pair_std_m_per_yr": 0.000972,
        "up_pair_std_m_per_yr": 0.005463,
        "assumed_steps": 0,
        "latitude": 23.210827376,
        "longitude": 72.65315244189998,
        "raw_longitude": -287.3468475581,
        "height_m": 20.26194
      }
    },
    {
      "type": "Feature",
      "geometry": {
        "type": "Point",
        "coordinates": [
          80.62619507829999,
          29.1765162782,
          2415.39393
        ]
      },
      "properties": {
        "station": "GNTW",
        "method": "MIDAS5",
        "reference_frame": "IN",
        "source": "UNR NGL IGS20 MIDAS",
        "first_epoch": 2008.3285,
        "last_epoch": 2015.7399,
        "duration_years": 7.4114,
        "n_east": 1628,
        "n_north": 1372,
        "n_up": 1755,
        "east_velocity_m_per_yr": 0.001527,
        "north_velocity_m_per_yr": 0.000997,
        "up_velocity_m_per_yr": -0.002482,
        "east_velocity_mm_per_yr": 1.527,
        "north_velocity_mm_per_yr": 0.9970000000000001,
        "up_velocity_mm_per_yr": -2.4819999999999998,
        "horizontal_speed_mm_per_yr": 1.8236606043888757,
        "azimuth_degrees_clockwise_from_north": 56.85890945480736,
        "horizontal_vector_rotation_degrees": 180,
        "original_east_velocity_m_per_yr": -0.001527,
        "original_north_velocity_m_per_yr": -0.000997,
        "original_east_velocity_mm_per_yr": -1.527,
        "original_north_velocity_mm_per_yr": -0.9970000000000001,
        "original_azimuth_degrees_clockwise_from_north": 236.85890945480736,
        "east_uncertainty_m_per_yr": 0.000353,
        "north_uncertainty_m_per_yr": 0.000405,
        "up_uncertainty_m_per_yr": 0.001774,
        "east_uncertainty_mm_per_yr": 0.35300000000000004,
        "north_uncertainty_mm_per_yr": 0.40499999999999997,
        "up_uncertainty_mm_per_yr": 1.774,
        "east_offset": 2547.9219,
        "north_offset": 3228833.7532,
        "up_offset": 2415.4046,
        "east_outlier_fraction": 0.119,
        "north_outlier_fraction": 0.077,
        "up_outlier_fraction": 0.115,
        "east_pair_std_m_per_yr": 0.001846,
        "north_pair_std_m_per_yr": 0.002168,
        "up_pair_std_m_per_yr": 0.009296,
        "assumed_steps": 5,
        "latitude": 29.1765162782,
        "longitude": 80.62619507829999,
        "raw_longitude": -279.3738049217,
        "height_m": 2415.39393
      }
    },
    {
      "type": "Feature",
      "geometry": {
        "type": "Point",
        "coordinates": [
          73.80092471479998,
          15.4558252456,
          -39.96361
        ]
      },
      "properties": {
        "station": "GOA1",
        "method": "MIDAS5",
        "reference_frame": "IN",
        "source": "UNR NGL IGS20 MIDAS",
        "first_epoch": 2015.5428,
        "last_epoch": 2020.2601,
        "duration_years": 4.7173,
        "n_east": 1367,
        "n_north": 1367,
        "n_up": 2180,
        "east_velocity_m_per_yr": 0.000215,
        "north_velocity_m_per_yr": 0.000691,
        "up_velocity_m_per_yr": -0.000844,
        "east_velocity_mm_per_yr": 0.215,
        "north_velocity_mm_per_yr": 0.691,
        "up_velocity_mm_per_yr": -0.844,
        "horizontal_speed_mm_per_yr": 0.7236753415724484,
        "azimuth_degrees_clockwise_from_north": 17.283178353622702,
        "horizontal_vector_rotation_degrees": 180,
        "original_east_velocity_m_per_yr": -0.000215,
        "original_north_velocity_m_per_yr": -0.000691,
        "original_east_velocity_mm_per_yr": -0.215,
        "original_north_velocity_mm_per_yr": -0.691,
        "original_azimuth_degrees_clockwise_from_north": 197.28317835362273,
        "east_uncertainty_m_per_yr": 0.000264,
        "north_uncertainty_m_per_yr": 0.000282,
        "up_uncertainty_m_per_yr": 0.000882,
        "east_uncertainty_mm_per_yr": 0.264,
        "north_uncertainty_mm_per_yr": 0.28200000000000003,
        "up_uncertainty_mm_per_yr": 0.882,
        "east_offset": 99.1388,
        "north_offset": 1709426.99,
        "up_offset": -39.9616,
        "east_outlier_fraction": 0.074,
        "north_outlier_fraction": 0.079,
        "up_outlier_fraction": 0.089,
        "east_pair_std_m_per_yr": 0.001576,
        "north_pair_std_m_per_yr": 0.001683,
        "up_pair_std_m_per_yr": 0.00523,
        "assumed_steps": 0,
        "latitude": 15.4558252456,
        "longitude": 73.80092471479998,
        "raw_longitude": -286.1990752852,
        "height_m": -39.96361
      }
    },
    {
      "type": "Feature",
      "geometry": {
        "type": "Point",
        "coordinates": [
          73.72694394860002,
          17.3973748886,
          762.31418
        ]
      },
      "properties": {
        "station": "GOKL",
        "method": "MIDAS5",
        "reference_frame": "IN",
        "source": "UNR NGL IGS20 MIDAS",
        "first_epoch": 2013.024,
        "last_epoch": 2022.7324,
        "duration_years": 9.7084,
        "n_east": 2317,
        "n_north": 2317,
        "n_up": 4331,
        "east_velocity_m_per_yr": 0.000788,
        "north_velocity_m_per_yr": 0.000794,
        "up_velocity_m_per_yr": 0.00084,
        "east_velocity_mm_per_yr": 0.7879999999999999,
        "north_velocity_mm_per_yr": 0.794,
        "up_velocity_mm_per_yr": 0.8400000000000001,
        "horizontal_speed_mm_per_yr": 1.1186509732709304,
        "azimuth_degrees_clockwise_from_north": 44.78269720052447,
        "horizontal_vector_rotation_degrees": 180,
        "original_east_velocity_m_per_yr": -0.000788,
        "original_north_velocity_m_per_yr": -0.000794,
        "original_east_velocity_mm_per_yr": -0.7879999999999999,
        "original_north_velocity_mm_per_yr": -0.794,
        "original_azimuth_degrees_clockwise_from_north": 224.78269720052447,
        "east_uncertainty_m_per_yr": 0.000233,
        "north_uncertainty_m_per_yr": 0.000236,
        "up_uncertainty_m_per_yr": 0.000904,
        "east_uncertainty_mm_per_yr": 0.23299999999999998,
        "north_uncertainty_mm_per_yr": 0.236,
        "up_uncertainty_mm_per_yr": 0.9039999999999999,
        "east_offset": 2862.8901,
        "north_offset": 1924285.0777,
        "up_offset": 762.3108,
        "east_outlier_fraction": 0.086,
        "north_outlier_fraction": 0.077,
        "up_outlier_fraction": 0.074,
        "east_pair_std_m_per_yr": 0.001946,
        "north_pair_std_m_per_yr": 0.001982,
        "up_pair_std_m_per_yr": 0.007617,
        "assumed_steps": 0,
        "latitude": 17.3973748886,
        "longitude": 73.72694394860002,
        "raw_longitude": -286.2730560514,
        "height_m": 762.31418
      }
    },
    {
      "type": "Feature",
      "geometry": {
        "type": "Point",
        "coordinates": [
          82.4911986715,
          27.9508140388,
          728.48557
        ]
      },
      "properties": {
        "station": "GRHI",
        "method": "MIDAS5",
        "reference_frame": "IN",
        "source": "UNR NGL IGS20 MIDAS",
        "first_epoch": 2007.3457,
        "last_epoch": 2018.319,
        "duration_years": 10.9733,
        "n_east": 3588,
        "n_north": 2937,
        "n_up": 3533,
        "east_velocity_m_per_yr": 0.000757,
        "north_velocity_m_per_yr": 0.001195,
        "up_velocity_m_per_yr": -0.001349,
        "east_velocity_mm_per_yr": 0.757,
        "north_velocity_mm_per_yr": 1.195,
        "up_velocity_mm_per_yr": -1.349,
        "horizontal_speed_mm_per_yr": 1.414593227751356,
        "azimuth_degrees_clockwise_from_north": 32.35314650138537,
        "horizontal_vector_rotation_degrees": 180,
        "original_east_velocity_m_per_yr": -0.000757,
        "original_north_velocity_m_per_yr": -0.001195,
        "original_east_velocity_mm_per_yr": -0.757,
        "original_north_velocity_mm_per_yr": -1.195,
        "original_azimuth_degrees_clockwise_from_north": 212.35314650138537,
        "east_uncertainty_m_per_yr": 0.000298,
        "north_uncertainty_m_per_yr": 0.000329,
        "up_uncertainty_m_per_yr": 0.001077,
        "east_uncertainty_mm_per_yr": 0.298,
        "north_uncertainty_mm_per_yr": 0.32899999999999996,
        "up_uncertainty_mm_per_yr": 1.077,
        "east_offset": -866.3242,
        "north_offset": 3092990.8162,
        "up_offset": 728.4929,
        "east_outlier_fraction": 0.064,
        "north_outlier_fraction": 0.058,
        "up_outlier_fraction": 0.045,
        "east_pair_std_m_per_yr": 0.002279,
        "north_pair_std_m_per_yr": 0.002525,
        "up_pair_std_m_per_yr": 0.008323,
        "assumed_steps": 7,
        "latitude": 27.9508140388,
        "longitude": 82.4911986715,
        "raw_longitude": -277.5088013285,
        "height_m": 728.48557
      }
    },
    {
      "type": "Feature",
      "geometry": {
        "type": "Point",
        "coordinates": [
          85.87746492140002,
          27.9097606126,
          2899.89493
        ]
      },
      "properties": {
        "station": "GUMB",
        "method": "MIDAS5",
        "reference_frame": "IN",
        "source": "UNR NGL IGS20 MIDAS",
        "first_epoch": 1997.9001,
        "last_epoch": 2011.7399,
        "duration_years": 13.8398,
        "n_east": 3189,
        "n_north": 3067,
        "n_up": 4424,
        "east_velocity_m_per_yr": 0.002513,
        "north_velocity_m_per_yr": 0.007934,
        "up_velocity_m_per_yr": 0.007726,
        "east_velocity_mm_per_yr": 2.513,
        "north_velocity_mm_per_yr": 7.934,
        "up_velocity_mm_per_yr": 7.726,
        "horizontal_speed_mm_per_yr": 8.322471087363416,
        "azimuth_degrees_clockwise_from_north": 17.57497795520294,
        "horizontal_vector_rotation_degrees": 180,
        "original_east_velocity_m_per_yr": -0.002513,
        "original_north_velocity_m_per_yr": -0.007934,
        "original_east_velocity_mm_per_yr": -2.513,
        "original_north_velocity_mm_per_yr": -7.934,
        "original_azimuth_degrees_clockwise_from_north": 197.5749779552029,
        "east_uncertainty_m_per_yr": 0.000271,
        "north_uncertainty_m_per_yr": 0.000324,
        "up_uncertainty_m_per_yr": 0.00098,
        "east_uncertainty_mm_per_yr": 0.27099999999999996,
        "north_uncertainty_mm_per_yr": 0.324,
        "up_uncertainty_mm_per_yr": 0.98,
        "east_offset": -2218.6406,
        "north_offset": 3088441.3819,
        "up_offset": 2899.8499,
        "east_outlier_fraction": 0.077,
        "north_outlier_fraction": 0.059,
        "up_outlier_fraction": 0.058,
        "east_pair_std_m_per_yr": 0.002301,
        "north_pair_std_m_per_yr": 0.002784,
        "up_pair_std_m_per_yr": 0.008411,
        "assumed_steps": 5,
        "latitude": 27.9097606126,
        "longitude": 85.87746492140002,
        "raw_longitude": -274.1225350786,
        "height_m": 2899.89493
      }
    },
    {
      "type": "Feature",
      "geometry": {
        "type": "Point",
        "coordinates": [
          74.40970590429998,
          30.7149158339,
          151.79468
        ]
      },
      "properties": {
        "station": "GUR1",
        "method": "MIDAS5",
        "reference_frame": "IN",
        "source": "UNR NGL IGS20 MIDAS",
        "first_epoch": 2023.6906,
        "last_epoch": 2025.7002,
        "duration_years": 2.0096,
        "n_east": 14,
        "n_north": 14,
        "n_up": 14,
        "east_velocity_m_per_yr": 0.002826,
        "north_velocity_m_per_yr": 0.002073,
        "up_velocity_m_per_yr": 0.00042,
        "east_velocity_mm_per_yr": 2.826,
        "north_velocity_mm_per_yr": 2.0730000000000004,
        "up_velocity_mm_per_yr": 0.42000000000000004,
        "horizontal_speed_mm_per_yr": 3.5047974263857253,
        "azimuth_degrees_clockwise_from_north": 53.7382524867765,
        "horizontal_vector_rotation_degrees": 180,
        "original_east_velocity_m_per_yr": -0.002826,
        "original_north_velocity_m_per_yr": -0.002073,
        "original_east_velocity_mm_per_yr": -2.826,
        "original_north_velocity_mm_per_yr": -2.0730000000000004,
        "original_azimuth_degrees_clockwise_from_north": 233.7382524867765,
        "east_uncertainty_m_per_yr": 0.000449,
        "north_uncertainty_m_per_yr": 0.001246,
        "up_uncertainty_m_per_yr": 0.008005,
        "east_uncertainty_mm_per_yr": 0.449,
        "north_uncertainty_mm_per_yr": 1.246,
        "up_uncertainty_mm_per_yr": 8.005,
        "east_offset": 929.6694,
        "north_offset": 3399367.8584,
        "up_offset": 151.7943,
        "east_outlier_fraction": 0.286,
        "north_outlier_fraction": 0,
        "up_outlier_fraction": 0,
        "east_pair_std_m_per_yr": 0.000189,
        "north_pair_std_m_per_yr": 0.00062,
        "up_pair_std_m_per_yr": 0.003983,
        "assumed_steps": 0,
        "latitude": 30.7149158339,
        "longitude": 74.40970590429998,
        "raw_longitude": -285.5902940957,
        "height_m": 151.79468
      }
    },
    {
      "type": "Feature",
      "geometry": {
        "type": "Point",
        "coordinates": [
          96.02606740610003,
          17.369914505,
          3.52585
        ]
      },
      "properties": {
        "station": "GYBU",
        "method": "MIDAS5",
        "reference_frame": "IN",
        "source": "UNR NGL IGS20 MIDAS",
        "first_epoch": 2012.0712,
        "last_epoch": 2015.5921,
        "duration_years": 3.5209,
        "n_east": 824,
        "n_north": 808,
        "n_up": 1072,
        "east_velocity_m_per_yr": 0.012308,
        "north_velocity_m_per_yr": 0.021683,
        "up_velocity_m_per_yr": 0.00157,
        "east_velocity_mm_per_yr": 12.308,
        "north_velocity_mm_per_yr": 21.683,
        "up_velocity_mm_per_yr": 1.57,
        "horizontal_speed_mm_per_yr": 24.932696464682678,
        "azimuth_degrees_clockwise_from_north": 29.580701474381613,
        "horizontal_vector_rotation_degrees": 180,
        "original_east_velocity_m_per_yr": -0.012308,
        "original_north_velocity_m_per_yr": -0.021683,
        "original_east_velocity_mm_per_yr": -12.308,
        "original_north_velocity_mm_per_yr": -21.683,
        "original_azimuth_degrees_clockwise_from_north": 209.58070147438164,
        "east_uncertainty_m_per_yr": 0.00066,
        "north_uncertainty_m_per_yr": 0.000623,
        "up_uncertainty_m_per_yr": 0.002926,
        "east_uncertainty_mm_per_yr": 0.66,
        "north_uncertainty_mm_per_yr": 0.623,
        "up_uncertainty_mm_per_yr": 2.926,
        "east_offset": 2770.2597,
        "north_offset": 1921246.0478,
        "up_offset": 3.5233,
        "east_outlier_fraction": 0.044,
        "north_outlier_fraction": 0.09,
        "up_outlier_fraction": 0.046,
        "east_pair_std_m_per_yr": 0.002811,
        "north_pair_std_m_per_yr": 0.002587,
        "up_pair_std_m_per_yr": 0.012446,
        "assumed_steps": 1,
        "latitude": 17.369914505,
        "longitude": 96.02606740610003,
        "raw_longitude": -263.9739325939,
        "height_m": 3.52585
      }
    },
    {
      "type": "Feature",
      "geometry": {
        "type": "Point",
        "coordinates": [
          93.60451901440001,
          22.6342542096,
          1834.58431
        ]
      },
      "properties": {
        "station": "HAK2",
        "method": "MIDAS5",
        "reference_frame": "IN",
        "source": "UNR NGL IGS20 MIDAS",
        "first_epoch": 2018.9322,
        "last_epoch": 2020.9993,
        "duration_years": 2.0671,
        "n_east": 756,
        "n_north": 262,
        "n_up": 262,
        "east_velocity_m_per_yr": 0.016042,
        "north_velocity_m_per_yr": 0.01492,
        "up_velocity_m_per_yr": 0.004052,
        "east_velocity_mm_per_yr": 16.042,
        "north_velocity_mm_per_yr": 14.92,
        "up_velocity_mm_per_yr": 4.052,
        "horizontal_speed_mm_per_yr": 21.907810570661777,
        "azimuth_degrees_clockwise_from_north": 47.0753745528221,
        "horizontal_vector_rotation_degrees": 180,
        "original_east_velocity_m_per_yr": -0.016042,
        "original_north_velocity_m_per_yr": -0.01492,
        "original_east_velocity_mm_per_yr": -16.042,
        "original_north_velocity_mm_per_yr": -14.92,
        "original_azimuth_degrees_clockwise_from_north": 227.0753745528221,
        "east_uncertainty_m_per_yr": 0.000983,
        "north_uncertainty_m_per_yr": 0.000758,
        "up_uncertainty_m_per_yr": 0.002605,
        "east_uncertainty_mm_per_yr": 0.983,
        "north_uncertainty_mm_per_yr": 0.758,
        "up_uncertainty_mm_per_yr": 2.605,
        "east_offset": 464.5205,
        "north_offset": 2504034.3403,
        "up_offset": 1834.5816,
        "east_outlier_fraction": 0.053,
        "north_outlier_fraction": 0.061,
        "up_outlier_fraction": 0.076,
        "east_pair_std_m_per_yr": 0.002059,
        "north_pair_std_m_per_yr": 0.001582,
        "up_pair_std_m_per_yr": 0.005389,
        "assumed_steps": 2,
        "latitude": 22.6342542096,
        "longitude": 93.60451901440001,
        "raw_longitude": -266.3954809856,
        "height_m": 1834.58431
      }
    },
    {
      "type": "Feature",
      "geometry": {
        "type": "Point",
        "coordinates": [
          93.60446726549998,
          22.6344566797,
          1832.69412
        ]
      },
      "properties": {
        "station": "HAKA",
        "method": "MIDAS5",
        "reference_frame": "IN",
        "source": "UNR NGL IGS20 MIDAS",
        "first_epoch": 2012.1068,
        "last_epoch": 2018.9432,
        "duration_years": 6.8364,
        "n_east": 1905,
        "n_north": 1210,
        "n_up": 1241,
        "east_velocity_m_per_yr": 0.0128,
        "north_velocity_m_per_yr": 0.012008,
        "up_velocity_m_per_yr": -0.001773,
        "east_velocity_mm_per_yr": 12.8,
        "north_velocity_mm_per_yr": 12.008,
        "up_velocity_mm_per_yr": -1.7730000000000001,
        "horizontal_speed_mm_per_yr": 17.550842258991448,
        "azimuth_degrees_clockwise_from_north": 46.82855732120777,
        "horizontal_vector_rotation_degrees": 180,
        "original_east_velocity_m_per_yr": -0.0128,
        "original_north_velocity_m_per_yr": -0.012008,
        "original_east_velocity_mm_per_yr": -12.8,
        "original_north_velocity_mm_per_yr": -12.008,
        "original_azimuth_degrees_clockwise_from_north": 226.82855732120777,
        "east_uncertainty_m_per_yr": 0.000573,
        "north_uncertainty_m_per_yr": 0.000515,
        "up_uncertainty_m_per_yr": 0.002543,
        "east_uncertainty_mm_per_yr": 0.5730000000000001,
        "north_uncertainty_mm_per_yr": 0.515,
        "up_uncertainty_mm_per_yr": 2.543,
        "east_offset": 459.1457,
        "north_offset": 2504056.7185,
        "up_offset": 1832.6982,
        "east_outlier_fraction": 0.048,
        "north_outlier_fraction": 0.045,
        "up_outlier_fraction": 0.257,
        "east_pair_std_m_per_yr": 0.00262,
        "north_pair_std_m_per_yr": 0.002355,
        "up_pair_std_m_per_yr": 0.010268,
        "assumed_steps": 8,
        "latitude": 22.6344566797,
        "longitude": 93.60446726549998,
        "raw_longitude": -266.3955327345,
        "height_m": 1832.69412
      }
    },
    {
      "type": "Feature",
      "geometry": {
        "type": "Point",
        "coordinates": [
          92.98044721370002,
          12.0352258127,
          -55.24198
        ]
      },
      "properties": {
        "station": "HAV2",
        "method": "MIDAS5",
        "reference_frame": "IN",
        "source": "UNR NGL IGS20 MIDAS",
        "first_epoch": 2006.3792,
        "last_epoch": 2015.3402,
        "duration_years": 8.961,
        "n_east": 2749,
        "n_north": 927,
        "n_up": 1095,
        "east_velocity_m_per_yr": 0.04112,
        "north_velocity_m_per_yr": 0.024375,
        "up_velocity_m_per_yr": 0.020621,
        "east_velocity_mm_per_yr": 41.12,
        "north_velocity_mm_per_yr": 24.375,
        "up_velocity_mm_per_yr": 20.621000000000002,
        "horizontal_speed_mm_per_yr": 47.80162157291319,
        "azimuth_degrees_clockwise_from_north": 59.341502872463025,
        "horizontal_vector_rotation_degrees": 180,
        "original_east_velocity_m_per_yr": -0.04112,
        "original_north_velocity_m_per_yr": -0.024375,
        "original_east_velocity_mm_per_yr": -41.12,
        "original_north_velocity_mm_per_yr": -24.375,
        "original_azimuth_degrees_clockwise_from_north": 239.341502872463,
        "east_uncertainty_m_per_yr": 0.000709,
        "north_uncertainty_m_per_yr": 0.000684,
        "up_uncertainty_m_per_yr": 0.002499,
        "east_uncertainty_mm_per_yr": 0.709,
        "north_uncertainty_mm_per_yr": 0.684,
        "up_uncertainty_mm_per_yr": 2.499,
        "east_offset": -2129.0936,
        "north_offset": 1330981.1557,
        "up_offset": -55.3922,
        "east_outlier_fraction": 0.059,
        "north_outlier_fraction": 0.072,
        "up_outlier_fraction": 0.058,
        "east_pair_std_m_per_yr": 0.003028,
        "north_pair_std_m_per_yr": 0.002899,
        "up_pair_std_m_per_yr": 0.010676,
        "assumed_steps": 13,
        "latitude": 12.0352258127,
        "longitude": 92.98044721370002,
        "raw_longitude": -267.0195527863,
        "height_m": -55.24198
      }
    },
    {
      "type": "Feature",
      "geometry": {
        "type": "Point",
        "coordinates": [
          96.79472787319997,
          20.7259851181,
          1116.19549
        ]
      },
      "properties": {
        "station": "HEHO",
        "method": "MIDAS5",
        "reference_frame": "IN",
        "source": "UNR NGL IGS20 MIDAS",
        "first_epoch": 2018.0014,
        "last_epoch": 2020.9993,
        "duration_years": 2.9979,
        "n_east": 1092,
        "n_north": 1092,
        "n_up": 1457,
        "east_velocity_m_per_yr": 0.015087,
        "north_velocity_m_per_yr": 0.038396,
        "up_velocity_m_per_yr": 0.001489,
        "east_velocity_mm_per_yr": 15.087,
        "north_velocity_mm_per_yr": 38.396,
        "up_velocity_mm_per_yr": 1.489,
        "horizontal_speed_mm_per_yr": 41.25373177059259,
        "azimuth_degrees_clockwise_from_north": 21.451429716430198,
        "horizontal_vector_rotation_degrees": 180,
        "original_east_velocity_m_per_yr": -0.015087,
        "original_north_velocity_m_per_yr": -0.038396,
        "original_east_velocity_mm_per_yr": -15.087,
        "original_north_velocity_mm_per_yr": -38.396,
        "original_azimuth_degrees_clockwise_from_north": 201.45142971643023,
        "east_uncertainty_m_per_yr": 0.000351,
        "north_uncertainty_m_per_yr": 0.000396,
        "up_uncertainty_m_per_yr": 0.001747,
        "east_uncertainty_mm_per_yr": 0.35100000000000003,
        "north_uncertainty_mm_per_yr": 0.39599999999999996,
        "up_uncertainty_mm_per_yr": 1.747,
        "east_offset": -549.1804,
        "north_offset": 2292739.2473,
        "up_offset": 1116.1935,
        "east_outlier_fraction": 0.078,
        "north_outlier_fraction": 0.034,
        "up_outlier_fraction": 0.032,
        "east_pair_std_m_per_yr": 0.001712,
        "north_pair_std_m_per_yr": 0.001978,
        "up_pair_std_m_per_yr": 0.008726,
        "assumed_steps": 0,
        "latitude": 20.7259851181,
        "longitude": 96.79472787319997,
        "raw_longitude": -263.2052721268,
        "height_m": 1116.19549
      }
    },
    {
      "type": "Feature",
      "geometry": {
        "type": "Point",
        "coordinates": [
          85.05160902030002,
          27.4148616213,
          390.19337
        ]
      },
      "properties": {
        "station": "HETA",
        "method": "MIDAS5",
        "reference_frame": "IN",
        "source": "UNR NGL IGS20 MIDAS",
        "first_epoch": 2015.4415,
        "last_epoch": 2020.7201,
        "duration_years": 5.2786,
        "n_east": 1648,
        "n_north": 1648,
        "n_up": 2601,
        "east_velocity_m_per_yr": 0.002106,
        "north_velocity_m_per_yr": 0.001554,
        "up_velocity_m_per_yr": -0.002199,
        "east_velocity_mm_per_yr": 2.106,
        "north_velocity_mm_per_yr": 1.554,
        "up_velocity_mm_per_yr": -2.199,
        "horizontal_speed_mm_per_yr": 2.6172795036067504,
        "azimuth_degrees_clockwise_from_north": 53.57669039933808,
        "horizontal_vector_rotation_degrees": 180,
        "original_east_velocity_m_per_yr": -0.002106,
        "original_north_velocity_m_per_yr": -0.001554,
        "original_east_velocity_mm_per_yr": -2.106,
        "original_north_velocity_mm_per_yr": -1.554,
        "original_azimuth_degrees_clockwise_from_north": 233.57669039933808,
        "east_uncertainty_m_per_yr": 0.000249,
        "north_uncertainty_m_per_yr": 0.000263,
        "up_uncertainty_m_per_yr": 0.001055,
        "east_uncertainty_mm_per_yr": 0.24899999999999997,
        "north_uncertainty_mm_per_yr": 0.263,
        "up_uncertainty_mm_per_yr": 1.055,
        "east_offset": -4785.3989,
        "north_offset": 3033599.6825,
        "up_offset": 390.1994,
        "east_outlier_fraction": 0.059,
        "north_outlier_fraction": 0.077,
        "up_outlier_fraction": 0.07,
        "east_pair_std_m_per_yr": 0.001639,
        "north_pair_std_m_per_yr": 0.001716,
        "up_pair_std_m_per_yr": 0.006903,
        "assumed_steps": 0,
        "latitude": 27.4148616213,
        "longitude": 85.05160902030002,
        "raw_longitude": -274.9483909797,
        "height_m": 390.19337
      }
    },
    {
      "type": "Feature",
      "geometry": {
        "type": "Point",
        "coordinates": [
          90.34069424749998,
          25.1180429354,
          -35.17111
        ]
      },
      "properties": {
        "station": "HGAT",
        "method": "MIDAS5",
        "reference_frame": "IN",
        "source": "UNR NGL IGS20 MIDAS",
        "first_epoch": 2012.8433,
        "last_epoch": 2019.9973,
        "duration_years": 7.154,
        "n_east": 1653,
        "n_north": 1429,
        "n_up": 1938,
        "east_velocity_m_per_yr": -0.000278,
        "north_velocity_m_per_yr": 0.000478,
        "up_velocity_m_per_yr": -0.015768,
        "east_velocity_mm_per_yr": -0.27799999999999997,
        "north_velocity_mm_per_yr": 0.47800000000000004,
        "up_velocity_mm_per_yr": -15.768,
        "horizontal_speed_mm_per_yr": 0.5529629282329874,
        "azimuth_degrees_clockwise_from_north": 329.8181472508808,
        "horizontal_vector_rotation_degrees": 180,
        "original_east_velocity_m_per_yr": 0.000278,
        "original_north_velocity_m_per_yr": -0.000478,
        "original_east_velocity_mm_per_yr": 0.27799999999999997,
        "original_north_velocity_mm_per_yr": -0.47800000000000004,
        "original_azimuth_degrees_clockwise_from_north": 149.81814725088083,
        "east_uncertainty_m_per_yr": 0.000451,
        "north_uncertainty_m_per_yr": 0.000486,
        "up_uncertainty_m_per_yr": 0.001663,
        "east_uncertainty_mm_per_yr": 0.451,
        "north_uncertainty_mm_per_yr": 0.486,
        "up_uncertainty_mm_per_yr": 1.663,
        "east_offset": 4103.9368,
        "north_offset": 2779130.0519,
        "up_offset": -35.0813,
        "east_outlier_fraction": 0.059,
        "north_outlier_fraction": 0.066,
        "up_outlier_fraction": 0.29,
        "east_pair_std_m_per_yr": 0.002561,
        "north_pair_std_m_per_yr": 0.002752,
        "up_pair_std_m_per_yr": 0.008202,
        "assumed_steps": 3,
        "latitude": 25.1180429354,
        "longitude": 90.34069424749998,
        "raw_longitude": -269.6593057525,
        "height_m": -35.17111
      }
    },
    {
      "type": "Feature",
      "geometry": {
        "type": "Point",
        "coordinates": [
          73.54260329239997,
          4.215913659,
          -75.85021
        ]
      },
      "properties": {
        "station": "HMMV",
        "method": "MIDAS5",
        "reference_frame": "IN",
        "source": "UNR NGL IGS20 MIDAS",
        "first_epoch": 2023.6605,
        "last_epoch": 2024.7091,
        "duration_years": 1.0486,
        "n_east": 191,
        "n_north": 38,
        "n_up": 38,
        "east_velocity_m_per_yr": -0.001425,
        "north_velocity_m_per_yr": -0.000161,
        "up_velocity_m_per_yr": -0.001994,
        "east_velocity_mm_per_yr": -1.425,
        "north_velocity_mm_per_yr": -0.161,
        "up_velocity_mm_per_yr": -1.9940000000000002,
        "horizontal_speed_mm_per_yr": 1.4340662467264196,
        "azimuth_degrees_clockwise_from_north": 263.5539175146242,
        "horizontal_vector_rotation_degrees": 180,
        "original_east_velocity_m_per_yr": 0.001425,
        "original_north_velocity_m_per_yr": 0.000161,
        "original_east_velocity_mm_per_yr": 1.425,
        "original_north_velocity_mm_per_yr": 0.161,
        "original_azimuth_degrees_clockwise_from_north": 83.55391751462417,
        "east_uncertainty_m_per_yr": 0.002344,
        "north_uncertainty_m_per_yr": 0.002199,
        "up_uncertainty_m_per_yr": 0.006914,
        "east_uncertainty_mm_per_yr": 2.3440000000000003,
        "north_uncertainty_mm_per_yr": 2.199,
        "up_uncertainty_mm_per_yr": 6.914,
        "east_offset": 4729.786,
        "north_offset": 466180.0207,
        "up_offset": -75.8499,
        "east_outlier_fraction": 0.053,
        "north_outlier_fraction": 0.053,
        "up_outlier_fraction": 0.105,
        "east_pair_std_m_per_yr": 0.00187,
        "north_pair_std_m_per_yr": 0.001755,
        "up_pair_std_m_per_yr": 0.005361,
        "assumed_steps": 0,
        "latitude": 4.215913659,
        "longitude": 73.54260329239997,
        "raw_longitude": -286.4573967076,
        "height_m": -75.85021
      }
    },
    {
      "type": "Feature",
      "geometry": {
        "type": "Point",
        "coordinates": [
          89.4594051574,
          21.8164096902,
          -45.45161
        ]
      },
      "properties": {
        "station": "HRNP",
        "method": "MIDAS5",
        "reference_frame": "IN",
        "source": "UNR NGL IGS20 MIDAS",
        "first_epoch": 2012.8049,
        "last_epoch": 2026.3901,
        "duration_years": 13.5852,
        "n_east": 3785,
        "n_north": 3590,
        "n_up": 6052,
        "east_velocity_m_per_yr": 0.002986,
        "north_velocity_m_per_yr": -0.000517,
        "up_velocity_m_per_yr": -0.007421,
        "east_velocity_mm_per_yr": 2.9859999999999998,
        "north_velocity_mm_per_yr": -0.517,
        "up_velocity_mm_per_yr": -7.420999999999999,
        "horizontal_speed_mm_per_yr": 3.030426537634595,
        "azimuth_degrees_clockwise_from_north": 99.82288330434727,
        "horizontal_vector_rotation_degrees": 180,
        "original_east_velocity_m_per_yr": -0.002986,
        "original_north_velocity_m_per_yr": 0.000517,
        "original_east_velocity_mm_per_yr": -2.9859999999999998,
        "original_north_velocity_mm_per_yr": 0.517,
        "original_azimuth_degrees_clockwise_from_north": 279.8228833043473,
        "east_uncertainty_m_per_yr": 0.000207,
        "north_uncertainty_m_per_yr": 0.000217,
        "up_uncertainty_m_per_yr": 0.000712,
        "east_uncertainty_mm_per_yr": 0.207,
        "north_uncertainty_mm_per_yr": 0.217,
        "up_uncertainty_mm_per_yr": 0.712,
        "east_offset": -4197.5037,
        "north_offset": 2413471.4995,
        "up_offset": -45.4074,
        "east_outlier_fraction": 0.046,
        "north_outlier_fraction": 0.051,
        "up_outlier_fraction": 0.07,
        "east_pair_std_m_per_yr": 0.002095,
        "north_pair_std_m_per_yr": 0.002191,
        "up_pair_std_m_per_yr": 0.007098,
        "assumed_steps": 3,
        "latitude": 21.8164096902,
        "longitude": 89.4594051574,
        "raw_longitude": -270.5405948426,
        "height_m": -45.45161
      }
    },
    {
      "type": "Feature",
      "geometry": {
        "type": "Point",
        "coordinates": [
          73.52799440709998,
          4.192762058,
          -93.19759
        ]
      },
      "properties": {
        "station": "HULE",
        "method": "MIDAS5",
        "reference_frame": "IN",
        "source": "UNR NGL IGS20 MIDAS",
        "first_epoch": 2012.6927,
        "last_epoch": 2026.3901,
        "duration_years": 13.6974,
        "n_east": 855,
        "n_north": 855,
        "n_up": 1133,
        "east_velocity_m_per_yr": 1.155813,
        "north_velocity_m_per_yr": -0.446425,
        "up_velocity_m_per_yr": -0.004702,
        "east_velocity_mm_per_yr": 1155.8129999999999,
        "north_velocity_mm_per_yr": -446.425,
        "up_velocity_mm_per_yr": -4.702,
        "horizontal_speed_mm_per_yr": 1239.031465134764,
        "azimuth_degrees_clockwise_from_north": 111.11871850473244,
        "horizontal_vector_rotation_degrees": 180,
        "original_east_velocity_m_per_yr": -1.155813,
        "original_north_velocity_m_per_yr": 0.446425,
        "original_east_velocity_mm_per_yr": -1155.8129999999999,
        "original_north_velocity_mm_per_yr": 446.425,
        "original_azimuth_degrees_clockwise_from_north": 291.11871850473244,
        "east_uncertainty_m_per_yr": 0.382932,
        "north_uncertainty_m_per_yr": 0.147707,
        "up_uncertainty_m_per_yr": 0.001315,
        "east_uncertainty_mm_per_yr": 382.932,
        "north_uncertainty_mm_per_yr": 147.707,
        "up_uncertainty_mm_per_yr": 1.315,
        "east_offset": 3122.0608,
        "north_offset": 463613.861,
        "up_offset": -93.1392,
        "east_outlier_fraction": 0,
        "north_outlier_fraction": 0,
        "up_outlier_fraction": 0.137,
        "east_pair_std_m_per_yr": 1.714079,
        "north_pair_std_m_per_yr": 0.661163,
        "up_pair_std_m_per_yr": 0.005468,
        "assumed_steps": 0,
        "latitude": 4.192762058,
        "longitude": 73.52799440709998,
        "raw_longitude": -286.4720055929,
        "height_m": -93.19759
      }
    },
    {
      "type": "Feature",
      "geometry": {
        "type": "Point",
        "coordinates": [
          92.5324055365,
          10.6095096203,
          -55.24635
        ]
      },
      "properties": {
        "station": "HUTB",
        "method": "MIDAS5",
        "reference_frame": "IN",
        "source": "UNR NGL IGS20 MIDAS",
        "first_epoch": 2007.0198,
        "last_epoch": 2016.6571,
        "duration_years": 9.6373,
        "n_east": 2720,
        "n_north": 1632,
        "n_up": 2182,
        "east_velocity_m_per_yr": 0.044,
        "north_velocity_m_per_yr": 0.001333,
        "up_velocity_m_per_yr": 0.00158,
        "east_velocity_mm_per_yr": 44,
        "north_velocity_mm_per_yr": 1.333,
        "up_velocity_mm_per_yr": 1.58,
        "horizontal_speed_mm_per_yr": 44.02018728946982,
        "azimuth_degrees_clockwise_from_north": 88.26472907188753,
        "horizontal_vector_rotation_degrees": 180,
        "original_east_velocity_m_per_yr": -0.044,
        "original_north_velocity_m_per_yr": -0.001333,
        "original_east_velocity_mm_per_yr": -44,
        "original_north_velocity_mm_per_yr": -1.333,
        "original_azimuth_degrees_clockwise_from_north": 268.26472907188753,
        "east_uncertainty_m_per_yr": 0.000842,
        "north_uncertainty_m_per_yr": 0.00035,
        "up_uncertainty_m_per_yr": 0.001365,
        "east_uncertainty_mm_per_yr": 0.842,
        "north_uncertainty_mm_per_yr": 0.35,
        "up_uncertainty_mm_per_yr": 1.365,
        "east_offset": 3546.1016,
        "north_offset": 1173272.3721,
        "up_offset": -55.2564,
        "east_outlier_fraction": 0.036,
        "north_outlier_fraction": 0.092,
        "up_outlier_fraction": 0.057,
        "east_pair_std_m_per_yr": 0.005133,
        "north_pair_std_m_per_yr": 0.00207,
        "up_pair_std_m_per_yr": 0.008234,
        "assumed_steps": 12,
        "latitude": 10.6095096203,
        "longitude": 92.5324055365,
        "raw_longitude": -267.4675944635,
        "height_m": -55.24635
      }
    },
    {
      "type": "Feature",
      "geometry": {
        "type": "Point",
        "coordinates": [
          78.55087285960002,
          17.4172610529,
          441.69224
        ]
      },
      "properties": {
        "station": "HYDE",
        "method": "MIDAS5",
        "reference_frame": "IN",
        "source": "UNR NGL IGS20 MIDAS",
        "first_epoch": 2002.8255,
        "last_epoch": 2026.3901,
        "duration_years": 23.5646,
        "n_east": 7416,
        "n_north": 7336,
        "n_up": 12237,
        "east_velocity_m_per_yr": 0.000126,
        "north_velocity_m_per_yr": 0.000254,
        "up_velocity_m_per_yr": 0.000023,
        "east_velocity_mm_per_yr": 0.126,
        "north_velocity_mm_per_yr": 0.254,
        "up_velocity_mm_per_yr": 0.023,
        "horizontal_speed_mm_per_yr": 0.28353483031190363,
        "azimuth_degrees_clockwise_from_north": 26.384307992668937,
        "horizontal_vector_rotation_degrees": 180,
        "original_east_velocity_m_per_yr": -0.000126,
        "original_north_velocity_m_per_yr": -0.000254,
        "original_east_velocity_mm_per_yr": -0.126,
        "original_north_velocity_mm_per_yr": -0.254,
        "original_azimuth_degrees_clockwise_from_north": 206.38430799266894,
        "east_uncertainty_m_per_yr": 0.000142,
        "north_uncertainty_m_per_yr": 0.000133,
        "up_uncertainty_m_per_yr": 0.000482,
        "east_uncertainty_mm_per_yr": 0.14200000000000002,
        "north_uncertainty_mm_per_yr": 0.133,
        "up_uncertainty_mm_per_yr": 0.482,
        "east_offset": -5220.1053,
        "north_offset": 1926485.6764,
        "up_offset": 441.692,
        "east_outlier_fraction": 0.055,
        "north_outlier_fraction": 0.079,
        "up_outlier_fraction": 0.072,
        "east_pair_std_m_per_yr": 0.002035,
        "north_pair_std_m_per_yr": 0.001878,
        "up_pair_std_m_per_yr": 0.006825,
        "assumed_steps": 4,
        "latitude": 17.4172610529,
        "longitude": 78.55087285960002,
        "raw_longitude": -281.4491271404,
        "height_m": 441.69224
      }
    },
    {
      "type": "Feature",
      "geometry": {
        "type": "Point",
        "coordinates": [
          88.73602828669999,
          22.8998968542,
          -38.73078
        ]
      },
      "properties": {
        "station": "ICHA",
        "method": "MIDAS5",
        "reference_frame": "IN",
        "source": "UNR NGL IGS20 MIDAS",
        "first_epoch": 2013.8973,
        "last_epoch": 2017.2047,
        "duration_years": 3.3074,
        "n_east": 327,
        "n_north": 180,
        "n_up": 180,
        "east_velocity_m_per_yr": 0.000372,
        "north_velocity_m_per_yr": 0.000574,
        "up_velocity_m_per_yr": 0.004746,
        "east_velocity_mm_per_yr": 0.372,
        "north_velocity_mm_per_yr": 0.574,
        "up_velocity_mm_per_yr": 4.746,
        "horizontal_speed_mm_per_yr": 0.6840029239703584,
        "azimuth_degrees_clockwise_from_north": 32.94661170967146,
        "horizontal_vector_rotation_degrees": 180,
        "original_east_velocity_m_per_yr": -0.000372,
        "original_north_velocity_m_per_yr": -0.000574,
        "original_east_velocity_mm_per_yr": -0.372,
        "original_north_velocity_mm_per_yr": -0.574,
        "original_azimuth_degrees_clockwise_from_north": 212.94661170967146,
        "east_uncertainty_m_per_yr": 0.002158,
        "north_uncertainty_m_per_yr": 0.001011,
        "up_uncertainty_m_per_yr": 0.005025,
        "east_uncertainty_mm_per_yr": 2.1580000000000004,
        "north_uncertainty_mm_per_yr": 1.011,
        "up_uncertainty_mm_per_yr": 5.025,
        "east_offset": 3696.3529,
        "north_offset": 2533451.76,
        "up_offset": -38.7405,
        "east_outlier_fraction": 0.006,
        "north_outlier_fraction": 0.072,
        "up_outlier_fraction": 0.094,
        "east_pair_std_m_per_yr": 0.003839,
        "north_pair_std_m_per_yr": 0.001738,
        "up_pair_std_m_per_yr": 0.008532,
        "assumed_steps": 2,
        "latitude": 22.8998968542,
        "longitude": 88.73602828669999,
        "raw_longitude": -271.2639717133,
        "height_m": -38.73078
      }
    },
    {
      "type": "Feature",
      "geometry": {
        "type": "Point",
        "coordinates": [
          92.03772537980001,
          24.4037898287,
          -12.64197
        ]
      },
      "properties": {
        "station": "ICPS",
        "method": "MIDAS5",
        "reference_frame": "IN",
        "source": "UNR NGL IGS20 MIDAS",
        "first_epoch": 2018.1054,
        "last_epoch": 2025.8289,
        "duration_years": 7.7235,
        "n_east": 1372,
        "n_north": 1367,
        "n_up": 2093,
        "east_velocity_m_per_yr": 0.004988,
        "north_velocity_m_per_yr": -0.000722,
        "up_velocity_m_per_yr": -0.007271,
        "east_velocity_mm_per_yr": 4.988,
        "north_velocity_mm_per_yr": -0.722,
        "up_velocity_mm_per_yr": -7.271,
        "horizontal_speed_mm_per_yr": 5.039982936479051,
        "azimuth_degrees_clockwise_from_north": 98.23621148274515,
        "horizontal_vector_rotation_degrees": 180,
        "original_east_velocity_m_per_yr": -0.004988,
        "original_north_velocity_m_per_yr": 0.000722,
        "original_east_velocity_mm_per_yr": -4.988,
        "original_north_velocity_mm_per_yr": 0.722,
        "original_azimuth_degrees_clockwise_from_north": 278.23621148274515,
        "east_uncertainty_m_per_yr": 0.00038,
        "north_uncertainty_m_per_yr": 0.000671,
        "up_uncertainty_m_per_yr": 0.001216,
        "east_uncertainty_mm_per_yr": 0.38,
        "north_uncertainty_mm_per_yr": 0.671,
        "up_uncertainty_mm_per_yr": 1.216,
        "east_offset": 3826.4819,
        "north_offset": 2700012.8129,
        "up_offset": -12.6284,
        "east_outlier_fraction": 0.066,
        "north_outlier_fraction": 0.025,
        "up_outlier_fraction": 0.065,
        "east_pair_std_m_per_yr": 0.002233,
        "north_pair_std_m_per_yr": 0.00403,
        "up_pair_std_m_per_yr": 0.007158,
        "assumed_steps": 1,
        "latitude": 24.4037898287,
        "longitude": 92.03772537980001,
        "raw_longitude": -267.9622746202,
        "height_m": -12.64197
      }
    },
    {
      "type": "Feature",
      "geometry": {
        "type": "Point",
        "coordinates": [
          96.32221176180002,
          17.3969638982,
          0.16167
        ]
      },
      "properties": {
        "station": "IGL1",
        "method": "MIDAS5",
        "reference_frame": "IN",
        "source": "UNR NGL IGS20 MIDAS",
        "first_epoch": 2011.0992,
        "last_epoch": 2020.9993,
        "duration_years": 9.9001,
        "n_east": 2439,
        "n_north": 2069,
        "n_up": 3083,
        "east_velocity_m_per_yr": 0.012,
        "north_velocity_m_per_yr": 0.027858,
        "up_velocity_m_per_yr": -0.001086,
        "east_velocity_mm_per_yr": 12,
        "north_velocity_mm_per_yr": 27.858,
        "up_velocity_mm_per_yr": -1.0859999999999999,
        "horizontal_speed_mm_per_yr": 30.33262540565851,
        "azimuth_degrees_clockwise_from_north": 23.304249996104318,
        "horizontal_vector_rotation_degrees": 180,
        "original_east_velocity_m_per_yr": -0.012,
        "original_north_velocity_m_per_yr": -0.027858,
        "original_east_velocity_mm_per_yr": -12,
        "original_north_velocity_mm_per_yr": -27.858,
        "original_azimuth_degrees_clockwise_from_north": 203.3042499961043,
        "east_uncertainty_m_per_yr": 0.000552,
        "north_uncertainty_m_per_yr": 0.000586,
        "up_uncertainty_m_per_yr": 0.002249,
        "east_uncertainty_mm_per_yr": 0.5519999999999999,
        "north_uncertainty_mm_per_yr": 0.5860000000000001,
        "up_uncertainty_mm_per_yr": 2.249,
        "east_offset": 2360.0762,
        "north_offset": 1924239.6908,
        "up_offset": 0.1666,
        "east_outlier_fraction": 0.109,
        "north_outlier_fraction": 0.049,
        "up_outlier_fraction": 0.084,
        "east_pair_std_m_per_yr": 0.003852,
        "north_pair_std_m_per_yr": 0.004221,
        "up_pair_std_m_per_yr": 0.015893,
        "assumed_steps": 3,
        "latitude": 17.3969638982,
        "longitude": 96.32221176180002,
        "raw_longitude": -263.6777882382,
        "height_m": 0.16167
      }
    },
    {
      "type": "Feature",
      "geometry": {
        "type": "Point",
        "coordinates": [
          77.51155327100003,
          13.0343312423,
          832.84571
        ]
      },
      "properties": {
        "station": "IIN2",
        "method": "MIDAS5",
        "reference_frame": "IN",
        "source": "UNR NGL IGS20 MIDAS",
        "first_epoch": 2013.9986,
        "last_epoch": 2018.2916,
        "duration_years": 4.293,
        "n_east": 1340,
        "n_north": 1340,
        "n_up": 2057,
        "east_velocity_m_per_yr": -0.000775,
        "north_velocity_m_per_yr": 0.000699,
        "up_velocity_m_per_yr": 0.002401,
        "east_velocity_mm_per_yr": -0.775,
        "north_velocity_mm_per_yr": 0.699,
        "up_velocity_mm_per_yr": 2.401,
        "horizontal_speed_mm_per_yr": 1.0436599062913168,
        "azimuth_degrees_clockwise_from_north": 312.0484215525611,
        "horizontal_vector_rotation_degrees": 180,
        "original_east_velocity_m_per_yr": 0.000775,
        "original_north_velocity_m_per_yr": -0.000699,
        "original_east_velocity_mm_per_yr": 0.775,
        "original_north_velocity_mm_per_yr": -0.699,
        "original_azimuth_degrees_clockwise_from_north": 132.04842155256108,
        "east_uncertainty_m_per_yr": 0.000333,
        "north_uncertainty_m_per_yr": 0.00027,
        "up_uncertainty_m_per_yr": 0.001429,
        "east_uncertainty_mm_per_yr": 0.333,
        "north_uncertainty_mm_per_yr": 0.27,
        "up_uncertainty_mm_per_yr": 1.4289999999999998,
        "east_offset": 1253.0803,
        "north_offset": 1441508.8151,
        "up_offset": 832.8401,
        "east_outlier_fraction": 0.061,
        "north_outlier_fraction": 0.054,
        "up_outlier_fraction": 0.032,
        "east_pair_std_m_per_yr": 0.001948,
        "north_pair_std_m_per_yr": 0.001582,
        "up_pair_std_m_per_yr": 0.00848,
        "assumed_steps": 0,
        "latitude": 13.0343312423,
        "longitude": 77.51155327100003,
        "raw_longitude": -282.488446729,
        "height_m": 832.84571
      }
    },
    {
      "type": "Feature",
      "geometry": {
        "type": "Point",
        "coordinates": [
          77.57037866540003,
          13.02116819,
          843.69942
        ]
      },
      "properties": {
        "station": "IISC",
        "method": "MIDAS5",
        "reference_frame": "IN",
        "source": "UNR NGL IGS20 MIDAS",
        "first_epoch": 1994.7817,
        "last_epoch": 2026.371,
        "duration_years": 31.5893,
        "n_east": 9971,
        "n_north": 9865,
        "n_up": 15833,
        "east_velocity_m_per_yr": -0.000501,
        "north_velocity_m_per_yr": 0.000234,
        "up_velocity_m_per_yr": -0.000246,
        "east_velocity_mm_per_yr": -0.501,
        "north_velocity_mm_per_yr": 0.23399999999999999,
        "up_velocity_mm_per_yr": -0.24600000000000002,
        "horizontal_speed_mm_per_yr": 0.5529529817262947,
        "azimuth_degrees_clockwise_from_north": 295.0356728217452,
        "horizontal_vector_rotation_degrees": 180,
        "original_east_velocity_m_per_yr": 0.000501,
        "original_north_velocity_m_per_yr": -0.000234,
        "original_east_velocity_mm_per_yr": 0.501,
        "original_north_velocity_mm_per_yr": -0.23399999999999999,
        "original_azimuth_degrees_clockwise_from_north": 115.03567282174521,
        "east_uncertainty_m_per_yr": 0.000144,
        "north_uncertainty_m_per_yr": 0.00012,
        "up_uncertainty_m_per_yr": 0.000485,
        "east_uncertainty_mm_per_yr": 0.14400000000000002,
        "north_uncertainty_mm_per_yr": 0.12000000000000001,
        "up_uncertainty_mm_per_yr": 0.48500000000000004,
        "east_offset": -3213.9245,
        "north_offset": 1440052.0463,
        "up_offset": 843.7035,
        "east_outlier_fraction": 0.094,
        "north_outlier_fraction": 0.09,
        "up_outlier_fraction": 0.086,
        "east_pair_std_m_per_yr": 0.002291,
        "north_pair_std_m_per_yr": 0.001923,
        "up_pair_std_m_per_yr": 0.007759,
        "assumed_steps": 7,
        "latitude": 13.02116819,
        "longitude": 77.57037866540003,
        "raw_longitude": -282.4296213346,
        "height_m": 843.69942
      }
    },
    {
      "type": "Feature",
      "geometry": {
        "type": "Point",
        "coordinates": [
          80.2321418596,
          26.5214322093,
          69.7913
        ]
      },
      "properties": {
        "station": "IITK",
        "method": "MIDAS5",
        "reference_frame": "IN",
        "source": "UNR NGL IGS20 MIDAS",
        "first_epoch": 2022.0698,
        "last_epoch": 2026.371,
        "duration_years": 4.3012,
        "n_east": 1428,
        "n_north": 1428,
        "n_up": 2162,
        "east_velocity_m_per_yr": 0.00261,
        "north_velocity_m_per_yr": 0.000573,
        "up_velocity_m_per_yr": 0.001309,
        "east_velocity_mm_per_yr": 2.61,
        "north_velocity_mm_per_yr": 0.5730000000000001,
        "up_velocity_mm_per_yr": 1.309,
        "horizontal_speed_mm_per_yr": 2.672158116579182,
        "azimuth_degrees_clockwise_from_north": 77.61771064776616,
        "horizontal_vector_rotation_degrees": 180,
        "original_east_velocity_m_per_yr": -0.00261,
        "original_north_velocity_m_per_yr": -0.000573,
        "original_east_velocity_mm_per_yr": -2.61,
        "original_north_velocity_mm_per_yr": -0.5730000000000001,
        "original_azimuth_degrees_clockwise_from_north": 257.61771064776616,
        "east_uncertainty_m_per_yr": 0.000314,
        "north_uncertainty_m_per_yr": 0.000315,
        "up_uncertainty_m_per_yr": 0.001142,
        "east_uncertainty_mm_per_yr": 0.314,
        "north_uncertainty_mm_per_yr": 0.315,
        "up_uncertainty_mm_per_yr": 1.142,
        "east_offset": 3203.5517,
        "north_offset": 2934605.0152,
        "up_offset": 69.7895,
        "east_outlier_fraction": 0.045,
        "north_outlier_fraction": 0.043,
        "up_outlier_fraction": 0.298,
        "east_pair_std_m_per_yr": 0.001896,
        "north_pair_std_m_per_yr": 0.001905,
        "up_pair_std_m_per_yr": 0.005917,
        "assumed_steps": 0,
        "latitude": 26.5214322093,
        "longitude": 80.2321418596,
        "raw_longitude": -279.7678581404,
        "height_m": 69.7913
      }
    },
    {
      "type": "Feature",
      "geometry": {
        "type": "Point",
        "coordinates": [
          80.18122113800001,
          12.9902315472,
          -73.86825
        ]
      },
      "properties": {
        "station": "IMDC",
        "method": "MIDAS5",
        "reference_frame": "IN",
        "source": "UNR NGL IGS20 MIDAS",
        "first_epoch": 2013.4921,
        "last_epoch": 2022.36,
        "duration_years": 8.8679,
        "n_east": 3169,
        "n_north": 3169,
        "n_up": 5616,
        "east_velocity_m_per_yr": -0.000543,
        "north_velocity_m_per_yr": 0.000581,
        "up_velocity_m_per_yr": 0.00003,
        "east_velocity_mm_per_yr": -0.5429999999999999,
        "north_velocity_mm_per_yr": 0.5810000000000001,
        "up_velocity_mm_per_yr": 0.030000000000000002,
        "horizontal_speed_mm_per_yr": 0.7952421015011718,
        "azimuth_degrees_clockwise_from_north": 316.9363084376046,
        "horizontal_vector_rotation_degrees": 180,
        "original_east_velocity_m_per_yr": 0.000543,
        "original_north_velocity_m_per_yr": -0.000581,
        "original_east_velocity_mm_per_yr": 0.5429999999999999,
        "original_north_velocity_mm_per_yr": -0.5810000000000001,
        "original_azimuth_degrees_clockwise_from_north": 136.93630843760462,
        "east_uncertainty_m_per_yr": 0.000207,
        "north_uncertainty_m_per_yr": 0.000182,
        "up_uncertainty_m_per_yr": 0.000724,
        "east_uncertainty_mm_per_yr": 0.207,
        "north_uncertainty_mm_per_yr": 0.182,
        "up_uncertainty_mm_per_yr": 0.7240000000000001,
        "east_offset": -2037.4885,
        "north_offset": 1436629.9659,
        "up_offset": -73.8684,
        "east_outlier_fraction": 0.061,
        "north_outlier_fraction": 0.056,
        "up_outlier_fraction": 0.053,
        "east_pair_std_m_per_yr": 0.002003,
        "north_pair_std_m_per_yr": 0.001761,
        "up_pair_std_m_per_yr": 0.007027,
        "assumed_steps": 0,
        "latitude": 12.9902315472,
        "longitude": 80.18122113800001,
        "raw_longitude": -279.818778862,
        "height_m": -73.86825
      }
    },
    {
      "type": "Feature",
      "geometry": {
        "type": "Point",
        "coordinates": [
          92.0190743187,
          25.1794261703,
          11.79298
        ]
      },
      "properties": {
        "station": "JAFL",
        "method": "MIDAS5",
        "reference_frame": "IN",
        "source": "UNR NGL IGS20 MIDAS",
        "first_epoch": 2007.1184,
        "last_epoch": 2014.3272,
        "duration_years": 7.2088,
        "n_east": 2100,
        "n_north": 1681,
        "n_up": 1983,
        "east_velocity_m_per_yr": 0.001603,
        "north_velocity_m_per_yr": 0.005334,
        "up_velocity_m_per_yr": 0.000594,
        "east_velocity_mm_per_yr": 1.603,
        "north_velocity_mm_per_yr": 5.3340000000000005,
        "up_velocity_mm_per_yr": 0.594,
        "horizontal_speed_mm_per_yr": 5.569664711632111,
        "azimuth_degrees_clockwise_from_north": 16.726833387760223,
        "horizontal_vector_rotation_degrees": 180,
        "original_east_velocity_m_per_yr": -0.001603,
        "original_north_velocity_m_per_yr": -0.005334,
        "original_east_velocity_mm_per_yr": -1.603,
        "original_north_velocity_mm_per_yr": -5.3340000000000005,
        "original_azimuth_degrees_clockwise_from_north": 196.72683338776022,
        "east_uncertainty_m_per_yr": 0.00034,
        "north_uncertainty_m_per_yr": 0.000337,
        "up_uncertainty_m_per_yr": 0.001437,
        "east_uncertainty_mm_per_yr": 0.34,
        "north_uncertainty_mm_per_yr": 0.337,
        "up_uncertainty_mm_per_yr": 1.4369999999999998,
        "east_offset": 1922.6234,
        "north_offset": 2785929.8743,
        "up_offset": 11.7907,
        "east_outlier_fraction": 0.067,
        "north_outlier_fraction": 0.08,
        "up_outlier_fraction": 0.147,
        "east_pair_std_m_per_yr": 0.001948,
        "north_pair_std_m_per_yr": 0.001915,
        "up_pair_std_m_per_yr": 0.007858,
        "assumed_steps": 3,
        "latitude": 25.1794261703,
        "longitude": 92.0190743187,
        "raw_longitude": -267.9809256813,
        "height_m": 11.79298
      }
    },
    {
      "type": "Feature",
      "geometry": {
        "type": "Point",
        "coordinates": [
          70.90277896039998,
          26.9248564987,
          211.48261
        ]
      },
      "properties": {
        "station": "JAIS",
        "method": "MIDAS5",
        "reference_frame": "IN",
        "source": "UNR NGL IGS20 MIDAS",
        "first_epoch": 2013.6674,
        "last_epoch": 2022.0287,
        "duration_years": 8.3613,
        "n_east": 2747,
        "n_north": 2723,
        "n_up": 4718,
        "east_velocity_m_per_yr": 0.000374,
        "north_velocity_m_per_yr": 0.003602,
        "up_velocity_m_per_yr": 0.004978,
        "east_velocity_mm_per_yr": 0.374,
        "north_velocity_mm_per_yr": 3.6020000000000003,
        "up_velocity_mm_per_yr": 4.978,
        "horizontal_speed_mm_per_yr": 3.6213643837647713,
        "azimuth_degrees_clockwise_from_north": 5.927848170702418,
        "horizontal_vector_rotation_degrees": 180,
        "original_east_velocity_m_per_yr": -0.000374,
        "original_north_velocity_m_per_yr": -0.003602,
        "original_east_velocity_mm_per_yr": -0.374,
        "original_north_velocity_mm_per_yr": -3.6020000000000003,
        "original_azimuth_degrees_clockwise_from_north": 185.92784817070242,
        "east_uncertainty_m_per_yr": 0.000325,
        "north_uncertainty_m_per_yr": 0.000304,
        "up_uncertainty_m_per_yr": 0.000669,
        "east_uncertainty_mm_per_yr": 0.325,
        "north_uncertainty_mm_per_yr": 0.304,
        "up_uncertainty_mm_per_yr": 0.669,
        "east_offset": 275.8572,
        "north_offset": 2979304.0438,
        "up_offset": 211.4594,
        "east_outlier_fraction": 0.022,
        "north_outlier_fraction": 0.015,
        "up_outlier_fraction": 0.059,
        "east_pair_std_m_per_yr": 0.002932,
        "north_pair_std_m_per_yr": 0.002754,
        "up_pair_std_m_per_yr": 0.005924,
        "assumed_steps": 1,
        "latitude": 26.9248564987,
        "longitude": 70.90277896039998,
        "raw_longitude": -289.0972210396,
        "height_m": 211.48261
      }
    },
    {
      "type": "Feature",
      "geometry": {
        "type": "Point",
        "coordinates": [
          91.23709534570003,
          25.0004189621,
          -36.71532
        ]
      },
      "properties": {
        "station": "JAML",
        "method": "MIDAS5",
        "reference_frame": "IN",
        "source": "UNR NGL IGS20 MIDAS",
        "first_epoch": 2007.1239,
        "last_epoch": 2008.2984,
        "duration_years": 1.1745,
        "n_east": 430,
        "n_north": 130,
        "n_up": 130,
        "east_velocity_m_per_yr": -0.000416,
        "north_velocity_m_per_yr": 0.004947,
        "up_velocity_m_per_yr": 0.051105,
        "east_velocity_mm_per_yr": -0.416,
        "north_velocity_mm_per_yr": 4.947,
        "up_velocity_mm_per_yr": 51.105,
        "horizontal_speed_mm_per_yr": 4.9644601922061975,
        "azimuth_degrees_clockwise_from_north": 355.19322833953333,
        "horizontal_vector_rotation_degrees": 180,
        "original_east_velocity_m_per_yr": 0.000416,
        "original_north_velocity_m_per_yr": -0.004947,
        "original_east_velocity_mm_per_yr": 0.416,
        "original_north_velocity_mm_per_yr": -4.947,
        "original_azimuth_degrees_clockwise_from_north": 175.19322833953333,
        "east_uncertainty_m_per_yr": 0.001062,
        "north_uncertainty_m_per_yr": 0.000917,
        "up_uncertainty_m_per_yr": 0.002855,
        "east_uncertainty_mm_per_yr": 1.062,
        "north_uncertainty_mm_per_yr": 0.9169999999999999,
        "up_uncertainty_mm_per_yr": 2.855,
        "east_offset": 3744.7401,
        "north_offset": 2766100.5611,
        "up_offset": -36.7446,
        "east_outlier_fraction": 0.046,
        "north_outlier_fraction": 0.046,
        "up_outlier_fraction": 0.092,
        "east_pair_std_m_per_yr": 0.001572,
        "north_pair_std_m_per_yr": 0.001358,
        "up_pair_std_m_per_yr": 0.004124,
        "assumed_steps": 0,
        "latitude": 25.0004189621,
        "longitude": 91.23709534570003,
        "raw_longitude": -268.7629046543,
        "height_m": -36.71532
      }
    },
    {
      "type": "Feature",
      "geometry": {
        "type": "Point",
        "coordinates": [
          79.87639472810002,
          23.1290993162,
          346.14397
        ]
      },
      "properties": {
        "station": "JBPR",
        "method": "MIDAS5",
        "reference_frame": "IN",
        "source": "UNR NGL IGS20 MIDAS",
        "first_epoch": 2012.6489,
        "last_epoch": 2021.9795,
        "duration_years": 9.3306,
        "n_east": 2660,
        "n_north": 2659,
        "n_up": 3902,
        "east_velocity_m_per_yr": 0.000473,
        "north_velocity_m_per_yr": 0.000867,
        "up_velocity_m_per_yr": 0.001007,
        "east_velocity_mm_per_yr": 0.47300000000000003,
        "north_velocity_mm_per_yr": 0.867,
        "up_velocity_mm_per_yr": 1.0070000000000001,
        "horizontal_speed_mm_per_yr": 0.9876325227532758,
        "azimuth_degrees_clockwise_from_north": 28.61508962793596,
        "horizontal_vector_rotation_degrees": 180,
        "original_east_velocity_m_per_yr": -0.000473,
        "original_north_velocity_m_per_yr": -0.000867,
        "original_east_velocity_mm_per_yr": -0.47300000000000003,
        "original_north_velocity_mm_per_yr": -0.867,
        "original_azimuth_degrees_clockwise_from_north": 208.615089627936,
        "east_uncertainty_m_per_yr": 0.000225,
        "north_uncertainty_m_per_yr": 0.000208,
        "up_uncertainty_m_per_yr": 0.001097,
        "east_uncertainty_mm_per_yr": 0.225,
        "north_uncertainty_mm_per_yr": 0.208,
        "up_uncertainty_mm_per_yr": 1.0970000000000002,
        "east_offset": -2417.9078,
        "north_offset": 2558834.5449,
        "up_offset": 346.1396,
        "east_outlier_fraction": 0.062,
        "north_outlier_fraction": 0.057,
        "up_outlier_fraction": 0.069,
        "east_pair_std_m_per_yr": 0.00181,
        "north_pair_std_m_per_yr": 0.001681,
        "up_pair_std_m_per_yr": 0.008788,
        "assumed_steps": 1,
        "latitude": 23.1290993162,
        "longitude": 79.87639472810002,
        "raw_longitude": -280.1236052719,
        "height_m": 346.14397
      }
    },
    {
      "type": "Feature",
      "geometry": {
        "type": "Point",
        "coordinates": [
          73.0239496822,
          26.2064463285,
          169.76274
        ]
      },
      "properties": {
        "station": "JDPR",
        "method": "MIDAS5",
        "reference_frame": "IN",
        "source": "UNR NGL IGS20 MIDAS",
        "first_epoch": 2021.191,
        "last_epoch": 2026.371,
        "duration_years": 5.18,
        "n_east": 1584,
        "n_north": 1290,
        "n_up": 1290,
        "east_velocity_m_per_yr": 0.001493,
        "north_velocity_m_per_yr": 0.001319,
        "up_velocity_m_per_yr": 0.002514,
        "east_velocity_mm_per_yr": 1.4929999999999999,
        "north_velocity_mm_per_yr": 1.3190000000000002,
        "up_velocity_mm_per_yr": 2.5140000000000002,
        "horizontal_speed_mm_per_yr": 1.9921872401960614,
        "azimuth_degrees_clockwise_from_north": 48.540814700444685,
        "horizontal_vector_rotation_degrees": 180,
        "original_east_velocity_m_per_yr": -0.001493,
        "original_north_velocity_m_per_yr": -0.001319,
        "original_east_velocity_mm_per_yr": -1.4929999999999999,
        "original_north_velocity_mm_per_yr": -1.3190000000000002,
        "original_azimuth_degrees_clockwise_from_north": 228.54081470044466,
        "east_uncertainty_m_per_yr": 0.000448,
        "north_uncertainty_m_per_yr": 0.000372,
        "up_uncertainty_m_per_yr": 0.001348,
        "east_uncertainty_mm_per_yr": 0.448,
        "north_uncertainty_mm_per_yr": 0.372,
        "up_uncertainty_mm_per_yr": 1.348,
        "east_offset": 2393.4897,
        "north_offset": 2899706.587,
        "up_offset": 169.7573,
        "east_outlier_fraction": 0.095,
        "north_outlier_fraction": 0.198,
        "up_outlier_fraction": 0.081,
        "east_pair_std_m_per_yr": 0.002036,
        "north_pair_std_m_per_yr": 0.001593,
        "up_pair_std_m_per_yr": 0.006172,
        "assumed_steps": 2,
        "latitude": 26.2064463285,
        "longitude": 73.0239496822,
        "raw_longitude": -286.9760503178,
        "height_m": 169.76274
      }
    },
    {
      "type": "Feature",
      "geometry": {
        "type": "Point",
        "coordinates": [
          86.18699689509998,
          27.6570521135,
          3024.24732
        ]
      },
      "properties": {
        "station": "JIR2",
        "method": "MIDAS5",
        "reference_frame": "IN",
        "source": "UNR NGL IGS20 MIDAS",
        "first_epoch": 2015.3949,
        "last_epoch": 2021.2786,
        "duration_years": 5.8837,
        "n_east": 2144,
        "n_north": 2144,
        "n_up": 3559,
        "east_velocity_m_per_yr": 0.004057,
        "north_velocity_m_per_yr": 0.011886,
        "up_velocity_m_per_yr": 0.003254,
        "east_velocity_mm_per_yr": 4.0569999999999995,
        "north_velocity_mm_per_yr": 11.886000000000001,
        "up_velocity_mm_per_yr": 3.254,
        "horizontal_speed_mm_per_yr": 12.559309097239387,
        "azimuth_degrees_clockwise_from_north": 18.846103723274098,
        "horizontal_vector_rotation_degrees": 180,
        "original_east_velocity_m_per_yr": -0.004057,
        "original_north_velocity_m_per_yr": -0.011886,
        "original_east_velocity_mm_per_yr": -4.0569999999999995,
        "original_north_velocity_mm_per_yr": -11.886000000000001,
        "original_azimuth_degrees_clockwise_from_north": 198.8461037232741,
        "east_uncertainty_m_per_yr": 0.000226,
        "north_uncertainty_m_per_yr": 0.000317,
        "up_uncertainty_m_per_yr": 0.000866,
        "east_uncertainty_mm_per_yr": 0.22599999999999998,
        "north_uncertainty_mm_per_yr": 0.317,
        "up_uncertainty_mm_per_yr": 0.866,
        "east_offset": -1283.1421,
        "north_offset": 3060437.3294,
        "up_offset": 3024.2372,
        "east_outlier_fraction": 0.073,
        "north_outlier_fraction": 0.135,
        "up_outlier_fraction": 0.064,
        "east_pair_std_m_per_yr": 0.001728,
        "north_pair_std_m_per_yr": 0.00234,
        "up_pair_std_m_per_yr": 0.006649,
        "assumed_steps": 0,
        "latitude": 27.6570521135,
        "longitude": 86.18699689509998,
        "raw_longitude": -273.8130031049,
        "height_m": 3024.24732
      }
    },
    {
      "type": "Feature",
      "geometry": {
        "type": "Point",
        "coordinates": [
          82.19257208509998,
          29.2778187345,
          2411.14414
        ]
      },
      "properties": {
        "station": "JMLA",
        "method": "MIDAS5",
        "reference_frame": "IN",
        "source": "UNR NGL IGS20 MIDAS",
        "first_epoch": 2007.3703,
        "last_epoch": 2018.7296,
        "duration_years": 11.3593,
        "n_east": 3069,
        "n_north": 2546,
        "n_up": 2922,
        "east_velocity_m_per_yr": 0.003891,
        "north_velocity_m_per_yr": 0.009178,
        "up_velocity_m_per_yr": 0.002866,
        "east_velocity_mm_per_yr": 3.891,
        "north_velocity_mm_per_yr": 9.178,
        "up_velocity_mm_per_yr": 2.866,
        "horizontal_speed_mm_per_yr": 9.9687293573454,
        "azimuth_degrees_clockwise_from_north": 22.97444689075826,
        "horizontal_vector_rotation_degrees": 180,
        "original_east_velocity_m_per_yr": -0.003891,
        "original_north_velocity_m_per_yr": -0.009178,
        "original_east_velocity_mm_per_yr": -3.891,
        "original_north_velocity_mm_per_yr": -9.178,
        "original_azimuth_degrees_clockwise_from_north": 202.97444689075826,
        "east_uncertainty_m_per_yr": 0.000268,
        "north_uncertainty_m_per_yr": 0.000221,
        "up_uncertainty_m_per_yr": 0.000883,
        "east_uncertainty_mm_per_yr": 0.268,
        "north_uncertainty_mm_per_yr": 0.221,
        "up_uncertainty_mm_per_yr": 0.883,
        "east_offset": -722.0008,
        "north_offset": 3240062.0778,
        "up_offset": 2411.1288,
        "east_outlier_fraction": 0.043,
        "north_outlier_fraction": 0.089,
        "up_outlier_fraction": 0.053,
        "east_pair_std_m_per_yr": 0.001888,
        "north_pair_std_m_per_yr": 0.001519,
        "up_pair_std_m_per_yr": 0.006174,
        "assumed_steps": 5,
        "latitude": 29.2778187345,
        "longitude": 82.19257208509998,
        "raw_longitude": -277.8074279149,
        "height_m": 2411.14414
      }
    },
    {
      "type": "Feature",
      "geometry": {
        "type": "Point",
        "coordinates": [
          74.81630153430001,
          32.7237407209,
          245.64094
        ]
      },
      "properties": {
        "station": "JMMU",
        "method": "MIDAS5",
        "reference_frame": "IN",
        "source": "UNR NGL IGS20 MIDAS",
        "first_epoch": 2022.694,
        "last_epoch": 2025.7002,
        "duration_years": 3.0062,
        "n_east": 21,
        "n_north": 21,
        "n_up": 27,
        "east_velocity_m_per_yr": 0.004315,
        "north_velocity_m_per_yr": 0.002736,
        "up_velocity_m_per_yr": 0.001466,
        "east_velocity_mm_per_yr": 4.315,
        "north_velocity_mm_per_yr": 2.736,
        "up_velocity_mm_per_yr": 1.466,
        "horizontal_speed_mm_per_yr": 5.109297505528525,
        "azimuth_degrees_clockwise_from_north": 57.62255606758339,
        "horizontal_vector_rotation_degrees": 180,
        "original_east_velocity_m_per_yr": -0.004315,
        "original_north_velocity_m_per_yr": -0.002736,
        "original_east_velocity_mm_per_yr": -4.315,
        "original_north_velocity_mm_per_yr": -2.736,
        "original_azimuth_degrees_clockwise_from_north": 237.6225560675834,
        "east_uncertainty_m_per_yr": 0.003278,
        "north_uncertainty_m_per_yr": 0.000886,
        "up_uncertainty_m_per_yr": 0.005828,
        "east_uncertainty_mm_per_yr": 3.278,
        "north_uncertainty_mm_per_yr": 0.886,
        "up_uncertainty_mm_per_yr": 5.827999999999999,
        "east_offset": 1528.1295,
        "north_offset": 3622110.3024,
        "up_offset": 245.6404,
        "east_outlier_fraction": 0,
        "north_outlier_fraction": 0.148,
        "up_outlier_fraction": 0.111,
        "east_pair_std_m_per_yr": 0.002265,
        "north_pair_std_m_per_yr": 0.000565,
        "up_pair_std_m_per_yr": 0.003797,
        "assumed_steps": 0,
        "latitude": 32.7237407209,
        "longitude": 74.81630153430001,
        "raw_longitude": -285.1836984657,
        "height_m": 245.64094
      }
    },
    {
      "type": "Feature",
      "geometry": {
        "type": "Point",
        "coordinates": [
          83.7433002102,
          28.805278838,
          3438.29257
        ]
      },
      "properties": {
        "station": "JMSM",
        "method": "MIDAS5",
        "reference_frame": "IN",
        "source": "UNR NGL IGS20 MIDAS",
        "first_epoch": 2004.3395,
        "last_epoch": 2021.6975,
        "duration_years": 17.358,
        "n_east": 4389,
        "n_north": 3667,
        "n_up": 5469,
        "east_velocity_m_per_yr": 0.002441,
        "north_velocity_m_per_yr": 0.010431,
        "up_velocity_m_per_yr": 0.001655,
        "east_velocity_mm_per_yr": 2.441,
        "north_velocity_mm_per_yr": 10.431,
        "up_velocity_mm_per_yr": 1.655,
        "horizontal_speed_mm_per_yr": 10.712807381821069,
        "azimuth_degrees_clockwise_from_north": 13.171002217557543,
        "horizontal_vector_rotation_degrees": 180,
        "original_east_velocity_m_per_yr": -0.002441,
        "original_north_velocity_m_per_yr": -0.010431,
        "original_east_velocity_mm_per_yr": -2.441,
        "original_north_velocity_mm_per_yr": -10.431,
        "original_azimuth_degrees_clockwise_from_north": 193.17100221755751,
        "east_uncertainty_m_per_yr": 0.000195,
        "north_uncertainty_m_per_yr": 0.000239,
        "up_uncertainty_m_per_yr": 0.000668,
        "east_uncertainty_mm_per_yr": 0.195,
        "north_uncertainty_mm_per_yr": 0.23900000000000002,
        "up_uncertainty_mm_per_yr": 0.6679999999999999,
        "east_offset": 4226.5644,
        "north_offset": 3187687.2599,
        "up_offset": 3438.2722,
        "east_outlier_fraction": 0.059,
        "north_outlier_fraction": 0.061,
        "up_outlier_fraction": 0.059,
        "east_pair_std_m_per_yr": 0.001855,
        "north_pair_std_m_per_yr": 0.002282,
        "up_pair_std_m_per_yr": 0.00637,
        "assumed_steps": 10,
        "latitude": 28.805278838,
        "longitude": 83.7433002102,
        "raw_longitude": -276.2566997898,
        "height_m": 3438.29257
      }
    },
    {
      "type": "Feature",
      "geometry": {
        "type": "Point",
        "coordinates": [
          89.34445829830003,
          22.2480445101,
          -43.68954
        ]
      },
      "properties": {
        "station": "JRSN",
        "method": "MIDAS5",
        "reference_frame": "IN",
        "source": "UNR NGL IGS20 MIDAS",
        "first_epoch": 2019.5592,
        "last_epoch": 2026.3162,
        "duration_years": 6.757,
        "n_east": 2326,
        "n_north": 1990,
        "n_up": 3236,
        "east_velocity_m_per_yr": 0.000943,
        "north_velocity_m_per_yr": 0.000187,
        "up_velocity_m_per_yr": -0.004112,
        "east_velocity_mm_per_yr": 0.9430000000000001,
        "north_velocity_mm_per_yr": 0.187,
        "up_velocity_mm_per_yr": -4.112,
        "horizontal_speed_mm_per_yr": 0.9613625746824142,
        "azimuth_degrees_clockwise_from_north": 78.78357340708351,
        "horizontal_vector_rotation_degrees": 180,
        "original_east_velocity_m_per_yr": -0.000943,
        "original_north_velocity_m_per_yr": -0.000187,
        "original_east_velocity_mm_per_yr": -0.9430000000000001,
        "original_north_velocity_mm_per_yr": -0.187,
        "original_azimuth_degrees_clockwise_from_north": 258.7835734070835,
        "east_uncertainty_m_per_yr": 0.000241,
        "north_uncertainty_m_per_yr": 0.000249,
        "up_uncertainty_m_per_yr": 0.00096,
        "east_uncertainty_mm_per_yr": 0.241,
        "north_uncertainty_mm_per_yr": 0.24899999999999997,
        "up_uncertainty_mm_per_yr": 0.9600000000000001,
        "east_offset": 4582.711,
        "north_offset": 2461266.8254,
        "up_offset": -43.678,
        "east_outlier_fraction": 0.065,
        "north_outlier_fraction": 0.095,
        "up_outlier_fraction": 0.046,
        "east_pair_std_m_per_yr": 0.001762,
        "north_pair_std_m_per_yr": 0.001789,
        "up_pair_std_m_per_yr": 0.007093,
        "assumed_steps": 1,
        "latitude": 22.2480445101,
        "longitude": 89.34445829830003,
        "raw_longitude": -270.6555417017,
        "height_m": -43.68954
      }
    },
    {
      "type": "Feature",
      "geometry": {
        "type": "Point",
        "coordinates": [
          92.13531548489999,
          24.4984240907,
          -29.03693
        ]
      },
      "properties": {
        "station": "JURI",
        "method": "MIDAS5",
        "reference_frame": "IN",
        "source": "UNR NGL IGS20 MIDAS",
        "first_epoch": 2007.1294,
        "last_epoch": 2025.974,
        "duration_years": 18.8446,
        "n_east": 4269,
        "n_north": 3508,
        "n_up": 5263,
        "east_velocity_m_per_yr": 0.004089,
        "north_velocity_m_per_yr": 0.002856,
        "up_velocity_m_per_yr": 0.001631,
        "east_velocity_mm_per_yr": 4.0889999999999995,
        "north_velocity_mm_per_yr": 2.856,
        "up_velocity_mm_per_yr": 1.631,
        "horizontal_speed_mm_per_yr": 4.98765044885866,
        "azimuth_degrees_clockwise_from_north": 55.06726880017561,
        "horizontal_vector_rotation_degrees": 180,
        "original_east_velocity_m_per_yr": -0.004089,
        "original_north_velocity_m_per_yr": -0.002856,
        "original_east_velocity_mm_per_yr": -4.0889999999999995,
        "original_north_velocity_mm_per_yr": -2.856,
        "original_azimuth_degrees_clockwise_from_north": 235.0672688001756,
        "east_uncertainty_m_per_yr": 0.00046,
        "north_uncertainty_m_per_yr": 0.000346,
        "up_uncertainty_m_per_yr": 0.001374,
        "east_uncertainty_mm_per_yr": 0.46,
        "north_uncertainty_mm_per_yr": 0.34600000000000003,
        "up_uncertainty_mm_per_yr": 1.374,
        "east_offset": 3579.0199,
        "north_offset": 2710494.6639,
        "up_offset": -29.0564,
        "east_outlier_fraction": 0.127,
        "north_outlier_fraction": 0.147,
        "up_outlier_fraction": 0.181,
        "east_pair_std_m_per_yr": 0.004145,
        "north_pair_std_m_per_yr": 0.003082,
        "up_pair_std_m_per_yr": 0.011997,
        "assumed_steps": 10,
        "latitude": 24.4984240907,
        "longitude": 92.13531548489999,
        "raw_longitude": -267.8646845151,
        "height_m": -29.03693
      }
    },
    {
      "type": "Feature",
      "geometry": {
        "type": "Point",
        "coordinates": [
          79.96222939839998,
          6.5820706808,
          -70.08232
        ]
      },
      "properties": {
        "station": "KALU",
        "method": "MIDAS5",
        "reference_frame": "IN",
        "source": "UNR NGL IGS20 MIDAS",
        "first_epoch": 2016.7255,
        "last_epoch": 2024.7036,
        "duration_years": 7.9781,
        "n_east": 16,
        "n_north": 16,
        "n_up": 23,
        "east_velocity_m_per_yr": -0.003001,
        "north_velocity_m_per_yr": 0.00286,
        "up_velocity_m_per_yr": 0.211491,
        "east_velocity_mm_per_yr": -3.0010000000000003,
        "north_velocity_mm_per_yr": 2.8600000000000003,
        "up_velocity_mm_per_yr": 211.491,
        "horizontal_speed_mm_per_yr": 4.14555195360039,
        "azimuth_degrees_clockwise_from_north": 313.62188245658706,
        "horizontal_vector_rotation_degrees": 180,
        "original_east_velocity_m_per_yr": 0.003001,
        "original_north_velocity_m_per_yr": -0.00286,
        "original_east_velocity_mm_per_yr": 3.0010000000000003,
        "original_north_velocity_mm_per_yr": -2.8600000000000003,
        "original_azimuth_degrees_clockwise_from_north": 133.62188245658706,
        "east_uncertainty_m_per_yr": 0.002403,
        "north_uncertainty_m_per_yr": 0.003786,
        "up_uncertainty_m_per_yr": 0.008962,
        "east_uncertainty_mm_per_yr": 2.403,
        "north_uncertainty_mm_per_yr": 3.786,
        "up_uncertainty_mm_per_yr": 8.962,
        "east_offset": -4177.3497,
        "north_offset": 727839.5702,
        "up_offset": -71.3555,
        "east_outlier_fraction": 0,
        "north_outlier_fraction": 0,
        "up_outlier_fraction": 0.435,
        "east_pair_std_m_per_yr": 0.001532,
        "north_pair_std_m_per_yr": 0.002415,
        "up_pair_std_m_per_yr": 0.004297,
        "assumed_steps": 0,
        "latitude": 6.5820706808,
        "longitude": 79.96222939839998,
        "raw_longitude": -280.0377706016,
        "height_m": -70.08232
      }
    },
    {
      "type": "Feature",
      "geometry": {
        "type": "Point",
        "coordinates": [
          94.30409672119998,
          23.1972163538,
          63.67044
        ]
      },
      "properties": {
        "station": "KALW",
        "method": "MIDAS5",
        "reference_frame": "IN",
        "source": "UNR NGL IGS20 MIDAS",
        "first_epoch": 2018.8309,
        "last_epoch": 2022.1684,
        "duration_years": 3.3375,
        "n_east": 1220,
        "n_north": 780,
        "n_up": 780,
        "east_velocity_m_per_yr": 0.014517,
        "north_velocity_m_per_yr": 0.016196,
        "up_velocity_m_per_yr": 0.003075,
        "east_velocity_mm_per_yr": 14.517000000000001,
        "north_velocity_mm_per_yr": 16.195999999999998,
        "up_velocity_mm_per_yr": 3.075,
        "horizontal_speed_mm_per_yr": 21.74979781515221,
        "azimuth_degrees_clockwise_from_north": 41.87090308276339,
        "horizontal_vector_rotation_degrees": 180,
        "original_east_velocity_m_per_yr": -0.014517,
        "original_north_velocity_m_per_yr": -0.016196,
        "original_east_velocity_mm_per_yr": -14.517000000000001,
        "original_north_velocity_mm_per_yr": -16.195999999999998,
        "original_azimuth_degrees_clockwise_from_north": 221.8709030827634,
        "east_uncertainty_m_per_yr": 0.000954,
        "north_uncertainty_m_per_yr": 0.000467,
        "up_uncertainty_m_per_yr": 0.001717,
        "east_uncertainty_mm_per_yr": 0.954,
        "north_uncertainty_mm_per_yr": 0.467,
        "up_uncertainty_mm_per_yr": 1.717,
        "east_offset": 419.3498,
        "north_offset": 2566378.3485,
        "up_offset": 63.667,
        "east_outlier_fraction": 0,
        "north_outlier_fraction": 0.044,
        "up_outlier_fraction": 0.09,
        "east_pair_std_m_per_yr": 0.003543,
        "north_pair_std_m_per_yr": 0.001696,
        "up_pair_std_m_per_yr": 0.006083,
        "assumed_steps": 2,
        "latitude": 23.1972163538,
        "longitude": 94.30409672119998,
        "raw_longitude": -265.6959032788,
        "height_m": 63.67044
      }
    },
    {
      "type": "Feature",
      "geometry": {
        "type": "Point",
        "coordinates": [
          91.52377504100002,
          27.2869231693,
          1823.39699
        ]
      },
      "properties": {
        "station": "KAN4",
        "method": "MIDAS5",
        "reference_frame": "IN",
        "source": "UNR NGL IGS20 MIDAS",
        "first_epoch": 2011.7043,
        "last_epoch": 2025.7029,
        "duration_years": 13.9986,
        "n_east": 277,
        "n_north": 203,
        "n_up": 203,
        "east_velocity_m_per_yr": 0.001883,
        "north_velocity_m_per_yr": 0.009048,
        "up_velocity_m_per_yr": 0.00813,
        "east_velocity_mm_per_yr": 1.883,
        "north_velocity_mm_per_yr": 9.048,
        "up_velocity_mm_per_yr": 8.13,
        "horizontal_speed_mm_per_yr": 9.241860905683444,
        "azimuth_degrees_clockwise_from_north": 11.756150370908586,
        "horizontal_vector_rotation_degrees": 180,
        "original_east_velocity_m_per_yr": -0.001883,
        "original_north_velocity_m_per_yr": -0.009048,
        "original_east_velocity_mm_per_yr": -1.883,
        "original_north_velocity_mm_per_yr": -9.048,
        "original_azimuth_degrees_clockwise_from_north": 191.75615037090856,
        "east_uncertainty_m_per_yr": 0.000777,
        "north_uncertainty_m_per_yr": 0.000792,
        "up_uncertainty_m_per_yr": 0.003818,
        "east_uncertainty_mm_per_yr": 0.777,
        "north_uncertainty_mm_per_yr": 0.7919999999999999,
        "up_uncertainty_mm_per_yr": 3.818,
        "east_offset": 2353.7192,
        "north_offset": 3019423.0071,
        "up_offset": 1823.3844,
        "east_outlier_fraction": 0.044,
        "north_outlier_fraction": 0.054,
        "up_outlier_fraction": 0.064,
        "east_pair_std_m_per_yr": 0.00144,
        "north_pair_std_m_per_yr": 0.001459,
        "up_pair_std_m_per_yr": 0.006999,
        "assumed_steps": 8,
        "latitude": 27.2869231693,
        "longitude": 91.52377504100002,
        "raw_longitude": -268.476224959,
        "height_m": 1823.39699
      }
    },
    {
      "type": "Feature",
      "geometry": {
        "type": "Point",
        "coordinates": [
          94.84651001129998,
          22.4340152512,
          39.5019
        ]
      },
      "properties": {
        "station": "KANI",
        "method": "MIDAS5",
        "reference_frame": "IN",
        "source": "UNR NGL IGS20 MIDAS",
        "first_epoch": 2012.0849,
        "last_epoch": 2020.9993,
        "duration_years": 8.9144,
        "n_east": 1982,
        "n_north": 1374,
        "n_up": 1968,
        "east_velocity_m_per_yr": 0.014858,
        "north_velocity_m_per_yr": 0.017148,
        "up_velocity_m_per_yr": 0.001146,
        "east_velocity_mm_per_yr": 14.858,
        "north_velocity_mm_per_yr": 17.148,
        "up_velocity_mm_per_yr": 1.1460000000000001,
        "horizontal_speed_mm_per_yr": 22.689514494585378,
        "azimuth_degrees_clockwise_from_north": 40.9075134360703,
        "horizontal_vector_rotation_degrees": 180,
        "original_east_velocity_m_per_yr": -0.014858,
        "original_north_velocity_m_per_yr": -0.017148,
        "original_east_velocity_mm_per_yr": -14.858,
        "original_north_velocity_mm_per_yr": -17.148,
        "original_azimuth_degrees_clockwise_from_north": 220.90751343607027,
        "east_uncertainty_m_per_yr": 0.000404,
        "north_uncertainty_m_per_yr": 0.000324,
        "up_uncertainty_m_per_yr": 0.00163,
        "east_uncertainty_mm_per_yr": 0.404,
        "north_uncertainty_mm_per_yr": 0.324,
        "up_uncertainty_mm_per_yr": 1.63,
        "east_offset": 4787.7969,
        "north_offset": 2481860.2766,
        "up_offset": 39.4941,
        "east_outlier_fraction": 0.062,
        "north_outlier_fraction": 0.061,
        "up_outlier_fraction": 0.251,
        "east_pair_std_m_per_yr": 0.002308,
        "north_pair_std_m_per_yr": 0.001851,
        "up_pair_std_m_per_yr": 0.008326,
        "assumed_steps": 9,
        "latitude": 22.4340152512,
        "longitude": 94.84651001129998,
        "raw_longitude": -265.1534899887,
        "height_m": 39.5019
      }
    },
    {
      "type": "Feature",
      "geometry": {
        "type": "Point",
        "coordinates": [
          84.12985987280001,
          27.6479612523,
          137.17623
        ]
      },
      "properties": {
        "station": "KAWA",
        "method": "MIDAS5",
        "reference_frame": "IN",
        "source": "UNR NGL IGS20 MIDAS",
        "first_epoch": 2008.5092,
        "last_epoch": 2017.0842,
        "duration_years": 8.575,
        "n_east": 1284,
        "n_north": 884,
        "n_up": 994,
        "east_velocity_m_per_yr": 0.001348,
        "north_velocity_m_per_yr": 0.001407,
        "up_velocity_m_per_yr": 0.001066,
        "east_velocity_mm_per_yr": 1.348,
        "north_velocity_mm_per_yr": 1.407,
        "up_velocity_mm_per_yr": 1.066,
        "horizontal_speed_mm_per_yr": 1.9485258530489145,
        "azimuth_degrees_clockwise_from_north": 43.77316357774623,
        "horizontal_vector_rotation_degrees": 180,
        "original_east_velocity_m_per_yr": -0.001348,
        "original_north_velocity_m_per_yr": -0.001407,
        "original_east_velocity_mm_per_yr": -1.348,
        "original_north_velocity_mm_per_yr": -1.407,
        "original_azimuth_degrees_clockwise_from_north": 223.7731635777462,
        "east_uncertainty_m_per_yr": 0.00048,
        "north_uncertainty_m_per_yr": 0.000505,
        "up_uncertainty_m_per_yr": 0.002016,
        "east_uncertainty_mm_per_yr": 0.48000000000000004,
        "north_uncertainty_mm_per_yr": 0.505,
        "up_uncertainty_mm_per_yr": 2.016,
        "east_offset": 2946.4886,
        "north_offset": 3059429.9357,
        "up_offset": 137.1744,
        "east_outlier_fraction": 0.087,
        "north_outlier_fraction": 0.09,
        "up_outlier_fraction": 0.09,
        "east_pair_std_m_per_yr": 0.001923,
        "north_pair_std_m_per_yr": 0.002018,
        "up_pair_std_m_per_yr": 0.008066,
        "assumed_steps": 8,
        "latitude": 27.6479612523,
        "longitude": 84.12985987280001,
        "raw_longitude": -275.8701401272,
        "height_m": 137.17623
      }
    },
    {
      "type": "Feature",
      "geometry": {
        "type": "Point",
        "coordinates": [
          80.34977910520001,
          7.2551447083,
          104.72778
        ]
      },
      "properties": {
        "station": "KEG1",
        "method": "MIDAS5",
        "reference_frame": "IN",
        "source": "UNR NGL IGS20 MIDAS",
        "first_epoch": 2016.7255,
        "last_epoch": 2024.7036,
        "duration_years": 7.9781,
        "n_east": 16,
        "n_north": 16,
        "n_up": 22,
        "east_velocity_m_per_yr": -0.001395,
        "north_velocity_m_per_yr": 0.000318,
        "up_velocity_m_per_yr": -0.000639,
        "east_velocity_mm_per_yr": -1.395,
        "north_velocity_mm_per_yr": 0.318,
        "up_velocity_mm_per_yr": -0.639,
        "horizontal_speed_mm_per_yr": 1.4307861475426715,
        "azimuth_degrees_clockwise_from_north": 282.84154026603125,
        "horizontal_vector_rotation_degrees": 180,
        "original_east_velocity_m_per_yr": 0.001395,
        "original_north_velocity_m_per_yr": -0.000318,
        "original_east_velocity_mm_per_yr": 1.395,
        "original_north_velocity_mm_per_yr": -0.318,
        "original_azimuth_degrees_clockwise_from_north": 102.84154026603125,
        "east_uncertainty_m_per_yr": 0.000631,
        "north_uncertainty_m_per_yr": 0.000655,
        "up_uncertainty_m_per_yr": 0.003289,
        "east_uncertainty_mm_per_yr": 0.631,
        "north_uncertainty_mm_per_yr": 0.655,
        "up_uncertainty_mm_per_yr": 3.2889999999999997,
        "east_offset": 5497.0431,
        "north_offset": 802275.0823,
        "up_offset": 104.7322,
        "east_outlier_fraction": 0.182,
        "north_outlier_fraction": 0.182,
        "up_outlier_fraction": 0.136,
        "east_pair_std_m_per_yr": 0.000356,
        "north_pair_std_m_per_yr": 0.000369,
        "up_pair_std_m_per_yr": 0.001907,
        "assumed_steps": 0,
        "latitude": 7.2551447083,
        "longitude": 80.34977910520001,
        "raw_longitude": -279.6502208948,
        "height_m": 104.72778
      }
    },
    {
      "type": "Feature",
      "geometry": {
        "type": "Point",
        "coordinates": [
          77.62315694490002,
          12.9253541584,
          810.54909
        ]
      },
      "properties": {
        "station": "KGDC",
        "method": "MIDAS5",
        "reference_frame": "IN",
        "source": "UNR NGL IGS20 MIDAS",
        "first_epoch": 2021.6975,
        "last_epoch": 2023.707,
        "duration_years": 2.0095,
        "n_east": 21,
        "n_north": 21,
        "n_up": 26,
        "east_velocity_m_per_yr": 0.005586,
        "north_velocity_m_per_yr": 0.001487,
        "up_velocity_m_per_yr": 0.026418,
        "east_velocity_mm_per_yr": 5.585999999999999,
        "north_velocity_mm_per_yr": 1.487,
        "up_velocity_mm_per_yr": 26.418,
        "horizontal_speed_mm_per_yr": 5.780533279897279,
        "azimuth_degrees_clockwise_from_north": 75.09348348000424,
        "horizontal_vector_rotation_degrees": 180,
        "original_east_velocity_m_per_yr": -0.005586,
        "original_north_velocity_m_per_yr": -0.001487,
        "original_east_velocity_mm_per_yr": -5.585999999999999,
        "original_north_velocity_mm_per_yr": -1.487,
        "original_azimuth_degrees_clockwise_from_north": 255.0934834800042,
        "east_uncertainty_m_per_yr": 0.014215,
        "north_uncertainty_m_per_yr": 0.002351,
        "up_uncertainty_m_per_yr": 0.04838,
        "east_uncertainty_mm_per_yr": 14.215,
        "north_uncertainty_mm_per_yr": 2.351,
        "up_uncertainty_mm_per_yr": 48.38,
        "east_offset": 2512.8927,
        "north_offset": 1429452.6903,
        "up_offset": 810.5074,
        "east_outlier_fraction": 0,
        "north_outlier_fraction": 0.077,
        "up_outlier_fraction": 0,
        "east_pair_std_m_per_yr": 0.009639,
        "north_pair_std_m_per_yr": 0.001532,
        "up_pair_std_m_per_yr": 0.032806,
        "assumed_steps": 0,
        "latitude": 12.9253541584,
        "longitude": 77.62315694490002,
        "raw_longitude": -282.3768430551,
        "height_m": 810.54909
      }
    },
    {
      "type": "Feature",
      "geometry": {
        "type": "Point",
        "coordinates": [
          91.61859156579999,
          24.1862017247,
          -26.78147
        ]
      },
      "properties": {
        "station": "KGPS",
        "method": "MIDAS5",
        "reference_frame": "IN",
        "source": "UNR NGL IGS20 MIDAS",
        "first_epoch": 2018.1164,
        "last_epoch": 2020.1862,
        "duration_years": 2.0698,
        "n_east": 717,
        "n_north": 717,
        "n_up": 744,
        "east_velocity_m_per_yr": 0.003312,
        "north_velocity_m_per_yr": 0.001106,
        "up_velocity_m_per_yr": -0.002409,
        "east_velocity_mm_per_yr": 3.312,
        "north_velocity_mm_per_yr": 1.106,
        "up_velocity_mm_per_yr": -2.4090000000000003,
        "horizontal_speed_mm_per_yr": 3.4917875078532483,
        "azimuth_degrees_clockwise_from_north": 71.53391780964057,
        "horizontal_vector_rotation_degrees": 180,
        "original_east_velocity_m_per_yr": -0.003312,
        "original_north_velocity_m_per_yr": -0.001106,
        "original_east_velocity_mm_per_yr": -3.312,
        "original_north_velocity_mm_per_yr": -1.106,
        "original_azimuth_degrees_clockwise_from_north": 251.53391780964057,
        "east_uncertainty_m_per_yr": 0.00042,
        "north_uncertainty_m_per_yr": 0.00045,
        "up_uncertainty_m_per_yr": 0.001495,
        "east_uncertainty_mm_per_yr": 0.42000000000000004,
        "north_uncertainty_mm_per_yr": 0.45,
        "up_uncertainty_mm_per_yr": 1.495,
        "east_offset": 1888.9542,
        "north_offset": 2675912.2436,
        "up_offset": -26.7787,
        "east_outlier_fraction": 0.055,
        "north_outlier_fraction": 0.04,
        "up_outlier_fraction": 0.063,
        "east_pair_std_m_per_yr": 0.001479,
        "north_pair_std_m_per_yr": 0.001599,
        "up_pair_std_m_per_yr": 0.005249,
        "assumed_steps": 0,
        "latitude": 24.1862017247,
        "longitude": 91.61859156579999,
        "raw_longitude": -268.3814084342,
        "height_m": -26.78147
      }
    },
    {
      "type": "Feature",
      "geometry": {
        "type": "Point",
        "coordinates": [
          90.2196966134,
          21.9866647662,
          -42.3338
        ]
      },
      "properties": {
        "station": "KHEP",
        "method": "MIDAS5",
        "reference_frame": "IN",
        "source": "UNR NGL IGS20 MIDAS",
        "first_epoch": 2012.8077,
        "last_epoch": 2025.8453,
        "duration_years": 13.0376,
        "n_east": 1975,
        "n_north": 1576,
        "n_up": 2573,
        "east_velocity_m_per_yr": 0.000827,
        "north_velocity_m_per_yr": 0.000753,
        "up_velocity_m_per_yr": -0.005582,
        "east_velocity_mm_per_yr": 0.8270000000000001,
        "north_velocity_mm_per_yr": 0.753,
        "up_velocity_mm_per_yr": -5.582,
        "horizontal_speed_mm_per_yr": 1.1184533964363468,
        "azimuth_degrees_clockwise_from_north": 47.681513677379314,
        "horizontal_vector_rotation_degrees": 180,
        "original_east_velocity_m_per_yr": -0.000827,
        "original_north_velocity_m_per_yr": -0.000753,
        "original_east_velocity_mm_per_yr": -0.8270000000000001,
        "original_north_velocity_mm_per_yr": -0.753,
        "original_azimuth_degrees_clockwise_from_north": 227.68151367737931,
        "east_uncertainty_m_per_yr": 0.000275,
        "north_uncertainty_m_per_yr": 0.000263,
        "up_uncertainty_m_per_yr": 0.000995,
        "east_uncertainty_mm_per_yr": 0.275,
        "north_uncertainty_mm_per_yr": 0.263,
        "up_uncertainty_mm_per_yr": 0.995,
        "east_offset": 2033.7098,
        "north_offset": 2432323.5403,
        "up_offset": -42.2818,
        "east_outlier_fraction": 0.055,
        "north_outlier_fraction": 0.075,
        "up_outlier_fraction": 0.076,
        "east_pair_std_m_per_yr": 0.001806,
        "north_pair_std_m_per_yr": 0.001705,
        "up_pair_std_m_per_yr": 0.006451,
        "assumed_steps": 2,
        "latitude": 21.9866647662,
        "longitude": 90.2196966134,
        "raw_longitude": -269.7803033866,
        "height_m": -42.3338
      }
    },
    {
      "type": "Feature",
      "geometry": {
        "type": "Point",
        "coordinates": [
          89.5327381642,
          22.8021213826,
          -37.00648
        ]
      },
      "properties": {
        "station": "KHL2",
        "method": "MIDAS5",
        "reference_frame": "IN",
        "source": "UNR NGL IGS20 MIDAS",
        "first_epoch": 2014.1383,
        "last_epoch": 2026.1492,
        "duration_years": 12.0109,
        "n_east": 2651,
        "n_north": 1982,
        "n_up": 3551,
        "east_velocity_m_per_yr": 0.001049,
        "north_velocity_m_per_yr": 0.001851,
        "up_velocity_m_per_yr": -0.005874,
        "east_velocity_mm_per_yr": 1.049,
        "north_velocity_mm_per_yr": 1.851,
        "up_velocity_mm_per_yr": -5.874,
        "horizontal_speed_mm_per_yr": 2.127581255792596,
        "azimuth_degrees_clockwise_from_north": 29.541125229971556,
        "horizontal_vector_rotation_degrees": 180,
        "original_east_velocity_m_per_yr": -0.001049,
        "original_north_velocity_m_per_yr": -0.001851,
        "original_east_velocity_mm_per_yr": -1.049,
        "original_north_velocity_mm_per_yr": -1.851,
        "original_azimuth_degrees_clockwise_from_north": 209.54112522997156,
        "east_uncertainty_m_per_yr": 0.000219,
        "north_uncertainty_m_per_yr": 0.000208,
        "up_uncertainty_m_per_yr": 0.000669,
        "east_uncertainty_mm_per_yr": 0.219,
        "north_uncertainty_mm_per_yr": 0.208,
        "up_uncertainty_mm_per_yr": 0.669,
        "east_offset": 3360.9313,
        "north_offset": 2522623.7005,
        "up_offset": -36.958,
        "east_outlier_fraction": 0.08,
        "north_outlier_fraction": 0.068,
        "up_outlier_fraction": 0.076,
        "east_pair_std_m_per_yr": 0.001662,
        "north_pair_std_m_per_yr": 0.001595,
        "up_pair_std_m_per_yr": 0.005097,
        "assumed_steps": 3,
        "latitude": 22.8021213826,
        "longitude": 89.5327381642,
        "raw_longitude": -270.4672618358,
        "height_m": -37.00648
      }
    },
    {
      "type": "Feature",
      "geometry": {
        "type": "Point",
        "coordinates": [
          89.50685434579998,
          22.9242004763,
          -30.21706
        ]
      },
      "properties": {
        "station": "KHU1",
        "method": "MIDAS5",
        "reference_frame": "IN",
        "source": "UNR NGL IGS20 MIDAS",
        "first_epoch": 2013.6865,
        "last_epoch": 2019.7207,
        "duration_years": 6.0342,
        "n_east": 31,
        "n_north": 28,
        "n_up": 40,
        "east_velocity_m_per_yr": 0.00116,
        "north_velocity_m_per_yr": 0.001005,
        "up_velocity_m_per_yr": -0.00157,
        "east_velocity_mm_per_yr": 1.16,
        "north_velocity_mm_per_yr": 1.0050000000000001,
        "up_velocity_mm_per_yr": -1.57,
        "horizontal_speed_mm_per_yr": 1.5348045478170829,
        "azimuth_degrees_clockwise_from_north": 49.095020321579796,
        "horizontal_vector_rotation_degrees": 180,
        "original_east_velocity_m_per_yr": -0.00116,
        "original_north_velocity_m_per_yr": -0.001005,
        "original_east_velocity_mm_per_yr": -1.16,
        "original_north_velocity_mm_per_yr": -1.0050000000000001,
        "original_azimuth_degrees_clockwise_from_north": 229.0950203215798,
        "east_uncertainty_m_per_yr": 0.001634,
        "north_uncertainty_m_per_yr": 0.002913,
        "up_uncertainty_m_per_yr": 0.008533,
        "east_uncertainty_mm_per_yr": 1.6340000000000001,
        "north_uncertainty_mm_per_yr": 2.913,
        "up_uncertainty_mm_per_yr": 8.533000000000001,
        "east_offset": 702.9922,
        "north_offset": 2536143.1713,
        "up_offset": -30.2125,
        "east_outlier_fraction": 0.05,
        "north_outlier_fraction": 0.05,
        "up_outlier_fraction": 0.05,
        "east_pair_std_m_per_yr": 0.001339,
        "north_pair_std_m_per_yr": 0.002388,
        "up_pair_std_m_per_yr": 0.006995,
        "assumed_steps": 2,
        "latitude": 22.9242004763,
        "longitude": 89.50685434579998,
        "raw_longitude": -270.4931456542,
        "height_m": -30.21706
      }
    },
    {
      "type": "Feature",
      "geometry": {
        "type": "Point",
        "coordinates": [
          89.53451947960002,
          22.8028727998,
          -37.73647
        ]
      },
      "properties": {
        "station": "KHUL",
        "method": "MIDAS5",
        "reference_frame": "IN",
        "source": "UNR NGL IGS20 MIDAS",
        "first_epoch": 2003.3703,
        "last_epoch": 2008.5914,
        "duration_years": 5.2211,
        "n_east": 502,
        "n_north": 228,
        "n_up": 228,
        "east_velocity_m_per_yr": -0.000234,
        "north_velocity_m_per_yr": -0.000056,
        "up_velocity_m_per_yr": -0.008029,
        "east_velocity_mm_per_yr": -0.23399999999999999,
        "north_velocity_mm_per_yr": -0.056,
        "up_velocity_mm_per_yr": -8.029,
        "horizontal_speed_mm_per_yr": 0.24060756430336933,
        "azimuth_degrees_clockwise_from_north": 256.54131539138496,
        "horizontal_vector_rotation_degrees": 180,
        "original_east_velocity_m_per_yr": 0.000234,
        "original_north_velocity_m_per_yr": 0.000056,
        "original_east_velocity_mm_per_yr": 0.23399999999999999,
        "original_north_velocity_mm_per_yr": 0.056,
        "original_azimuth_degrees_clockwise_from_north": 76.54131539138496,
        "east_uncertainty_m_per_yr": 0.000585,
        "north_uncertainty_m_per_yr": 0.001108,
        "up_uncertainty_m_per_yr": 0.002554,
        "east_uncertainty_mm_per_yr": 0.585,
        "north_uncertainty_mm_per_yr": 1.108,
        "up_uncertainty_mm_per_yr": 2.554,
        "east_offset": 3544.0954,
        "north_offset": 2522707.1524,
        "up_offset": -37.7263,
        "east_outlier_fraction": 0.167,
        "north_outlier_fraction": 0.039,
        "up_outlier_fraction": 0.096,
        "east_pair_std_m_per_yr": 0.001072,
        "north_pair_std_m_per_yr": 0.002181,
        "up_pair_std_m_per_yr": 0.004874,
        "assumed_steps": 2,
        "latitude": 22.8028727998,
        "longitude": 89.53451947960002,
        "raw_longitude": -270.4654805204,
        "height_m": -37.73647
      }
    },
    {
      "type": "Feature",
      "geometry": {
        "type": "Point",
        "coordinates": [
          85.28816252799999,
          27.6818773259,
          1277.26759
        ]
      },
      "properties": {
        "station": "KIRT",
        "method": "MIDAS5",
        "reference_frame": "IN",
        "source": "UNR NGL IGS20 MIDAS",
        "first_epoch": 2008.4654,
        "last_epoch": 2019.1595,
        "duration_years": 10.6941,
        "n_east": 1856,
        "n_north": 1582,
        "n_up": 1801,
        "east_velocity_m_per_yr": -0.000233,
        "north_velocity_m_per_yr": 0.003226,
        "up_velocity_m_per_yr": -0.01559,
        "east_velocity_mm_per_yr": -0.23299999999999998,
        "north_velocity_mm_per_yr": 3.226,
        "up_velocity_mm_per_yr": -15.59,
        "horizontal_speed_mm_per_yr": 3.2344033452864225,
        "azimuth_degrees_clockwise_from_north": 355.8689474504786,
        "horizontal_vector_rotation_degrees": 180,
        "original_east_velocity_m_per_yr": 0.000233,
        "original_north_velocity_m_per_yr": -0.003226,
        "original_east_velocity_mm_per_yr": 0.23299999999999998,
        "original_north_velocity_mm_per_yr": -3.226,
        "original_azimuth_degrees_clockwise_from_north": 175.86894745047857,
        "east_uncertainty_m_per_yr": 0.000522,
        "north_uncertainty_m_per_yr": 0.001236,
        "up_uncertainty_m_per_yr": 0.002201,
        "east_uncertainty_mm_per_yr": 0.522,
        "north_uncertainty_mm_per_yr": 1.236,
        "up_uncertainty_mm_per_yr": 2.2009999999999996,
        "east_offset": -1167.8156,
        "north_offset": 3063188.3545,
        "up_offset": 1277.2869,
        "east_outlier_fraction": 0.028,
        "north_outlier_fraction": 0,
        "up_outlier_fraction": 0.065,
        "east_pair_std_m_per_yr": 0.002903,
        "north_pair_std_m_per_yr": 0.006974,
        "up_pair_std_m_per_yr": 0.012011,
        "assumed_steps": 9,
        "latitude": 27.6818773259,
        "longitude": 85.28816252799999,
        "raw_longitude": -274.711837472,
        "height_m": 1277.26759
      }
    },
    {
      "type": "Feature",
      "geometry": {
        "type": "Point",
        "coordinates": [
          85.27880460120002,
          27.8007245562,
          1897.2313
        ]
      },
      "properties": {
        "station": "KKN4",
        "method": "MIDAS5",
        "reference_frame": "IN",
        "source": "UNR NGL IGS20 MIDAS",
        "first_epoch": 2004.2218,
        "last_epoch": 2019.9535,
        "duration_years": 15.7317,
        "n_east": 3404,
        "n_north": 2958,
        "n_up": 3776,
        "east_velocity_m_per_yr": 0.002375,
        "north_velocity_m_per_yr": 0.003143,
        "up_velocity_m_per_yr": -0.002562,
        "east_velocity_mm_per_yr": 2.375,
        "north_velocity_mm_per_yr": 3.143,
        "up_velocity_mm_per_yr": -2.562,
        "horizontal_speed_mm_per_yr": 3.939425592646725,
        "azimuth_degrees_clockwise_from_north": 37.07642568192915,
        "horizontal_vector_rotation_degrees": 180,
        "original_east_velocity_m_per_yr": -0.002375,
        "original_north_velocity_m_per_yr": -0.003143,
        "original_east_velocity_mm_per_yr": -2.375,
        "original_north_velocity_mm_per_yr": -3.143,
        "original_azimuth_degrees_clockwise_from_north": 217.07642568192915,
        "east_uncertainty_m_per_yr": 0.000228,
        "north_uncertainty_m_per_yr": 0.000385,
        "up_uncertainty_m_per_yr": 0.000915,
        "east_uncertainty_mm_per_yr": 0.228,
        "north_uncertainty_mm_per_yr": 0.38499999999999995,
        "up_uncertainty_mm_per_yr": 0.915,
        "east_offset": -2088.851,
        "north_offset": 3076358.2841,
        "up_offset": 1897.2524,
        "east_outlier_fraction": 0.047,
        "north_outlier_fraction": 0.144,
        "up_outlier_fraction": 0.051,
        "east_pair_std_m_per_yr": 0.001822,
        "north_pair_std_m_per_yr": 0.00291,
        "up_pair_std_m_per_yr": 0.00728,
        "assumed_steps": 10,
        "latitude": 27.8007245562,
        "longitude": 85.27880460120002,
        "raw_longitude": -274.7211953988,
        "height_m": 1897.2313
      }
    },
    {
      "type": "Feature",
      "geometry": {
        "type": "Point",
        "coordinates": [
          94.0645277035,
          23.1926751209,
          64.15829
        ]
      },
      "properties": {
        "station": "KLAY",
        "method": "MIDAS5",
        "reference_frame": "IN",
        "source": "UNR NGL IGS20 MIDAS",
        "first_epoch": 2018.8282,
        "last_epoch": 2022.757,
        "duration_years": 3.9288,
        "n_east": 1436,
        "n_north": 650,
        "n_up": 650,
        "east_velocity_m_per_yr": 0.013135,
        "north_velocity_m_per_yr": 0.01403,
        "up_velocity_m_per_yr": -0.000355,
        "east_velocity_mm_per_yr": 13.135000000000002,
        "north_velocity_mm_per_yr": 14.030000000000001,
        "up_velocity_mm_per_yr": -0.355,
        "horizontal_speed_mm_per_yr": 19.218978250677118,
        "azimuth_degrees_clockwise_from_north": 43.112969624073,
        "horizontal_vector_rotation_degrees": 180,
        "original_east_velocity_m_per_yr": -0.013135,
        "original_north_velocity_m_per_yr": -0.01403,
        "original_east_velocity_mm_per_yr": -13.135000000000002,
        "original_north_velocity_mm_per_yr": -14.030000000000001,
        "original_azimuth_degrees_clockwise_from_north": 223.112969624073,
        "east_uncertainty_m_per_yr": 0.000582,
        "north_uncertainty_m_per_yr": 0.000649,
        "up_uncertainty_m_per_yr": 0.002037,
        "east_uncertainty_mm_per_yr": 0.5820000000000001,
        "north_uncertainty_mm_per_yr": 0.6489999999999999,
        "up_uncertainty_mm_per_yr": 2.0370000000000004,
        "east_offset": -3631.5686,
        "north_offset": 2565875.4267,
        "up_offset": 64.1587,
        "east_outlier_fraction": 0.055,
        "north_outlier_fraction": 0.022,
        "up_outlier_fraction": 0.037,
        "east_pair_std_m_per_yr": 0.001917,
        "north_pair_std_m_per_yr": 0.002177,
        "up_pair_std_m_per_yr": 0.006777,
        "assumed_steps": 4,
        "latitude": 23.1926751209,
        "longitude": 94.0645277035,
        "raw_longitude": -265.9354722965,
        "height_m": 64.15829
      }
    },
    {
      "type": "Feature",
      "geometry": {
        "type": "Point",
        "coordinates": [
          86.06742923190001,
          27.7862044695,
          2185.09836
        ]
      },
      "properties": {
        "station": "KLCK",
        "method": "MIDAS5",
        "reference_frame": "IN",
        "source": "UNR NGL IGS20 MIDAS",
        "first_epoch": 2017.5606,
        "last_epoch": 2018.872,
        "duration_years": 1.3114,
        "n_east": 480,
        "n_north": 230,
        "n_up": 230,
        "east_velocity_m_per_yr": 0.002612,
        "north_velocity_m_per_yr": 0.018032,
        "up_velocity_m_per_yr": 0.00913,
        "east_velocity_mm_per_yr": 2.612,
        "north_velocity_mm_per_yr": 18.032,
        "up_velocity_mm_per_yr": 9.129999999999999,
        "horizontal_speed_mm_per_yr": 18.220196705853642,
        "azimuth_degrees_clockwise_from_north": 8.242171325749098,
        "horizontal_vector_rotation_degrees": 180,
        "original_east_velocity_m_per_yr": -0.002612,
        "original_north_velocity_m_per_yr": -0.018032,
        "original_east_velocity_mm_per_yr": -2.612,
        "original_north_velocity_mm_per_yr": -18.032,
        "original_azimuth_degrees_clockwise_from_north": 188.2421713257491,
        "east_uncertainty_m_per_yr": 0.001528,
        "north_uncertainty_m_per_yr": 0.001501,
        "up_uncertainty_m_per_yr": 0.003734,
        "east_uncertainty_mm_per_yr": 1.528,
        "north_uncertainty_mm_per_yr": 1.501,
        "up_uncertainty_mm_per_yr": 3.734,
        "east_offset": -3210.0477,
        "north_offset": 3074749.3973,
        "up_offset": 2185.0914,
        "east_outlier_fraction": 0.113,
        "north_outlier_fraction": 0.174,
        "up_outlier_fraction": 0.061,
        "east_pair_std_m_per_yr": 0.002901,
        "north_pair_std_m_per_yr": 0.002752,
        "up_pair_std_m_per_yr": 0.007297,
        "assumed_steps": 0,
        "latitude": 27.7862044695,
        "longitude": 86.06742923190001,
        "raw_longitude": -273.9325707681,
        "height_m": 2185.09836
      }
    },
    {
      "type": "Feature",
      "geometry": {
        "type": "Point",
        "coordinates": [
          83.60329393310002,
          27.7668508,
          1773.35431
        ]
      },
      "properties": {
        "station": "KLDN",
        "method": "MIDAS5",
        "reference_frame": "IN",
        "source": "UNR NGL IGS20 MIDAS",
        "first_epoch": 2004.282,
        "last_epoch": 2016.4791,
        "duration_years": 12.1971,
        "n_east": 3285,
        "n_north": 2441,
        "n_up": 2966,
        "east_velocity_m_per_yr": 0.001386,
        "north_velocity_m_per_yr": 0.00136,
        "up_velocity_m_per_yr": 0.000187,
        "east_velocity_mm_per_yr": 1.3860000000000001,
        "north_velocity_mm_per_yr": 1.36,
        "up_velocity_mm_per_yr": 0.187,
        "horizontal_speed_mm_per_yr": 1.9418022556377876,
        "azimuth_degrees_clockwise_from_north": 45.54247842436337,
        "horizontal_vector_rotation_degrees": 180,
        "original_east_velocity_m_per_yr": -0.001386,
        "original_north_velocity_m_per_yr": -0.00136,
        "original_east_velocity_mm_per_yr": -1.3860000000000001,
        "original_north_velocity_mm_per_yr": -1.36,
        "original_azimuth_degrees_clockwise_from_north": 225.54247842436334,
        "east_uncertainty_m_per_yr": 0.000258,
        "north_uncertainty_m_per_yr": 0.000252,
        "up_uncertainty_m_per_yr": 0.000899,
        "east_uncertainty_mm_per_yr": 0.258,
        "north_uncertainty_mm_per_yr": 0.252,
        "up_uncertainty_mm_per_yr": 0.8989999999999999,
        "east_offset": 324.4883,
        "north_offset": 3072604.5299,
        "up_offset": 1773.3533,
        "east_outlier_fraction": 0.05,
        "north_outlier_fraction": 0.064,
        "up_outlier_fraction": 0.055,
        "east_pair_std_m_per_yr": 0.001821,
        "north_pair_std_m_per_yr": 0.001767,
        "up_pair_std_m_per_yr": 0.006328,
        "assumed_steps": 10,
        "latitude": 27.7668508,
        "longitude": 83.60329393310002,
        "raw_longitude": -276.3967060669,
        "height_m": 1773.35431
      }
    },
    {
      "type": "Feature",
      "geometry": {
        "type": "Point",
        "coordinates": [
          89.53130102429998,
          22.8526385508,
          -50.1162
        ]
      },
      "properties": {
        "station": "KLNA",
        "method": "MIDAS5",
        "reference_frame": "IN",
        "source": "UNR NGL IGS20 MIDAS",
        "first_epoch": 2013.0404,
        "last_epoch": 2020.4791,
        "duration_years": 7.4387,
        "n_east": 1390,
        "n_north": 1388,
        "n_up": 1858,
        "east_velocity_m_per_yr": -0.001037,
        "north_velocity_m_per_yr": 0.002044,
        "up_velocity_m_per_yr": -0.009205,
        "east_velocity_mm_per_yr": -1.037,
        "north_velocity_mm_per_yr": 2.0439999999999996,
        "up_velocity_mm_per_yr": -9.205,
        "horizontal_speed_mm_per_yr": 2.2920089441361253,
        "azimuth_degrees_clockwise_from_north": 333.0995627247337,
        "horizontal_vector_rotation_degrees": 180,
        "original_east_velocity_m_per_yr": 0.001037,
        "original_north_velocity_m_per_yr": -0.002044,
        "original_east_velocity_mm_per_yr": 1.037,
        "original_north_velocity_mm_per_yr": -2.0439999999999996,
        "original_azimuth_degrees_clockwise_from_north": 153.0995627247337,
        "east_uncertainty_m_per_yr": 0.000411,
        "north_uncertainty_m_per_yr": 0.00049,
        "up_uncertainty_m_per_yr": 0.003361,
        "east_uncertainty_mm_per_yr": 0.41100000000000003,
        "north_uncertainty_mm_per_yr": 0.49,
        "up_uncertainty_mm_per_yr": 3.3609999999999998,
        "east_offset": 3212.311,
        "north_offset": 2528218.1615,
        "up_offset": -50.0621,
        "east_outlier_fraction": 0.066,
        "north_outlier_fraction": 0.06,
        "up_outlier_fraction": 0.075,
        "east_pair_std_m_per_yr": 0.002278,
        "north_pair_std_m_per_yr": 0.002724,
        "up_pair_std_m_per_yr": 0.01853,
        "assumed_steps": 2,
        "latitude": 22.8526385508,
        "longitude": 89.53130102429998,
        "raw_longitude": -270.4686989757,
        "height_m": -50.1162
      }
    },
    {
      "type": "Feature",
      "geometry": {
        "type": "Point",
        "coordinates": [
          91.81219745430002,
          26.1176666685,
          15.43968
        ]
      },
      "properties": {
        "station": "KPRA",
        "method": "MIDAS5",
        "reference_frame": "IN",
        "source": "UNR NGL IGS20 MIDAS",
        "first_epoch": 2012.1451,
        "last_epoch": 2016.3888,
        "duration_years": 4.2437,
        "n_east": 712,
        "n_north": 349,
        "n_up": 352,
        "east_velocity_m_per_yr": 0.002983,
        "north_velocity_m_per_yr": 0.005164,
        "up_velocity_m_per_yr": -0.001536,
        "east_velocity_mm_per_yr": 2.983,
        "north_velocity_mm_per_yr": 5.164000000000001,
        "up_velocity_mm_per_yr": -1.536,
        "horizontal_speed_mm_per_yr": 5.96365533880019,
        "azimuth_degrees_clockwise_from_north": 30.013006427663868,
        "horizontal_vector_rotation_degrees": 180,
        "original_east_velocity_m_per_yr": -0.002983,
        "original_north_velocity_m_per_yr": -0.005164,
        "original_east_velocity_mm_per_yr": -2.983,
        "original_north_velocity_mm_per_yr": -5.164000000000001,
        "original_azimuth_degrees_clockwise_from_north": 210.01300642766384,
        "east_uncertainty_m_per_yr": 0.000528,
        "north_uncertainty_m_per_yr": 0.000428,
        "up_uncertainty_m_per_yr": 0.00192,
        "east_uncertainty_mm_per_yr": 0.528,
        "north_uncertainty_mm_per_yr": 0.428,
        "up_uncertainty_mm_per_yr": 1.9200000000000002,
        "east_offset": 1219.9395,
        "north_offset": 2889870.7143,
        "up_offset": 15.4416,
        "east_outlier_fraction": 0.068,
        "north_outlier_fraction": 0.085,
        "up_outlier_fraction": 0.065,
        "east_pair_std_m_per_yr": 0.001271,
        "north_pair_std_m_per_yr": 0.00102,
        "up_pair_std_m_per_yr": 0.004632,
        "assumed_steps": 5,
        "latitude": 26.1176666685,
        "longitude": 91.81219745430002,
        "raw_longitude": -268.1878025457,
        "height_m": 15.43968
      }
    },
    {
      "type": "Feature",
      "geometry": {
        "type": "Point",
        "coordinates": [
          92.21707675570002,
          22.4986160491,
          -0.07938
        ]
      },
      "properties": {
        "station": "KPTI",
        "method": "MIDAS5",
        "reference_frame": "IN",
        "source": "UNR NGL IGS20 MIDAS",
        "first_epoch": 2007.1458,
        "last_epoch": 2016.6845,
        "duration_years": 9.5387,
        "n_east": 2336,
        "n_north": 1604,
        "n_up": 2093,
        "east_velocity_m_per_yr": 0.004617,
        "north_velocity_m_per_yr": 0.002242,
        "up_velocity_m_per_yr": -0.001918,
        "east_velocity_mm_per_yr": 4.617,
        "north_velocity_mm_per_yr": 2.242,
        "up_velocity_mm_per_yr": -1.918,
        "horizontal_speed_mm_per_yr": 5.132567875829798,
        "azimuth_degrees_clockwise_from_north": 64.09894303077198,
        "horizontal_vector_rotation_degrees": 180,
        "original_east_velocity_m_per_yr": -0.004617,
        "original_north_velocity_m_per_yr": -0.002242,
        "original_east_velocity_mm_per_yr": -4.617,
        "original_north_velocity_mm_per_yr": -2.242,
        "original_azimuth_degrees_clockwise_from_north": 244.09894303077198,
        "east_uncertainty_m_per_yr": 0.000316,
        "north_uncertainty_m_per_yr": 0.000315,
        "up_uncertainty_m_per_yr": 0.001424,
        "east_uncertainty_mm_per_yr": 0.316,
        "north_uncertainty_mm_per_yr": 0.315,
        "up_uncertainty_mm_per_yr": 1.424,
        "east_offset": 1757.0422,
        "north_offset": 2489013.9598,
        "up_offset": -0.0749,
        "east_outlier_fraction": 0.051,
        "north_outlier_fraction": 0.054,
        "up_outlier_fraction": 0.072,
        "east_pair_std_m_per_yr": 0.001874,
        "north_pair_std_m_per_yr": 0.001861,
        "up_pair_std_m_per_yr": 0.008346,
        "assumed_steps": 8,
        "latitude": 22.4986160491,
        "longitude": 92.21707675570002,
        "raw_longitude": -267.7829232443,
        "height_m": -0.07938
      }
    },
    {
      "type": "Feature",
      "geometry": {
        "type": "Point",
        "coordinates": [
          80.65707817430001,
          17.5765687581,
          43.90754
        ]
      },
      "properties": {
        "station": "KTGM",
        "method": "MIDAS5",
        "reference_frame": "IN",
        "source": "UNR NGL IGS20 MIDAS",
        "first_epoch": 2012.5311,
        "last_epoch": 2021.6838,
        "duration_years": 9.1527,
        "n_east": 3045,
        "n_north": 3044,
        "n_up": 4669,
        "east_velocity_m_per_yr": 0.000396,
        "north_velocity_m_per_yr": 0.000319,
        "up_velocity_m_per_yr": -0.000763,
        "east_velocity_mm_per_yr": 0.39599999999999996,
        "north_velocity_mm_per_yr": 0.319,
        "up_velocity_mm_per_yr": -0.763,
        "horizontal_speed_mm_per_yr": 0.5085046705783537,
        "azimuth_degrees_clockwise_from_north": 51.1466256596467,
        "horizontal_vector_rotation_degrees": 180,
        "original_east_velocity_m_per_yr": -0.000396,
        "original_north_velocity_m_per_yr": -0.000319,
        "original_east_velocity_mm_per_yr": -0.39599999999999996,
        "original_north_velocity_mm_per_yr": -0.319,
        "original_azimuth_degrees_clockwise_from_north": 231.14662565964667,
        "east_uncertainty_m_per_yr": 0.000192,
        "north_uncertainty_m_per_yr": 0.000182,
        "up_uncertainty_m_per_yr": 0.000782,
        "east_uncertainty_mm_per_yr": 0.192,
        "north_uncertainty_mm_per_yr": 0.182,
        "up_uncertainty_mm_per_yr": 0.782,
        "east_offset": -4556.5642,
        "north_offset": 1944117.2416,
        "up_offset": 43.9112,
        "east_outlier_fraction": 0.053,
        "north_outlier_fraction": 0.054,
        "up_outlier_fraction": 0.045,
        "east_pair_std_m_per_yr": 0.001699,
        "north_pair_std_m_per_yr": 0.001606,
        "up_pair_std_m_per_yr": 0.006945,
        "assumed_steps": 1,
        "latitude": 17.5765687581,
        "longitude": 80.65707817430001,
        "raw_longitude": -279.3429218257,
        "height_m": 43.90754
      }
    },
    {
      "type": "Feature",
      "geometry": {
        "type": "Point",
        "coordinates": [
          85.53853102329998,
          27.6184121439,
          1465.13186
        ]
      },
      "properties": {
        "station": "KUGE",
        "method": "MIDAS5",
        "reference_frame": "IN",
        "source": "UNR NGL IGS20 MIDAS",
        "first_epoch": 2018.4312,
        "last_epoch": 2026.3901,
        "duration_years": 7.9589,
        "n_east": 2215,
        "n_north": 1714,
        "n_up": 2435,
        "east_velocity_m_per_yr": 0.003034,
        "north_velocity_m_per_yr": 0.003191,
        "up_velocity_m_per_yr": -0.000755,
        "east_velocity_mm_per_yr": 3.034,
        "north_velocity_mm_per_yr": 3.191,
        "up_velocity_mm_per_yr": -0.755,
        "horizontal_speed_mm_per_yr": 4.403139448166502,
        "azimuth_degrees_clockwise_from_north": 43.555256096437404,
        "horizontal_vector_rotation_degrees": 180,
        "original_east_velocity_m_per_yr": -0.003034,
        "original_north_velocity_m_per_yr": -0.003191,
        "original_east_velocity_mm_per_yr": -3.034,
        "original_north_velocity_mm_per_yr": -3.191,
        "original_azimuth_degrees_clockwise_from_north": 223.5552560964374,
        "east_uncertainty_m_per_yr": 0.000276,
        "north_uncertainty_m_per_yr": 0.000301,
        "up_uncertainty_m_per_yr": 0.001426,
        "east_uncertainty_mm_per_yr": 0.27599999999999997,
        "north_uncertainty_mm_per_yr": 0.301,
        "up_uncertainty_mm_per_yr": 1.426,
        "east_offset": 3803.0987,
        "north_offset": 3056155.4242,
        "up_offset": 1465.1352,
        "east_outlier_fraction": 0.083,
        "north_outlier_fraction": 0.071,
        "up_outlier_fraction": 0.059,
        "east_pair_std_m_per_yr": 0.001734,
        "north_pair_std_m_per_yr": 0.001905,
        "up_pair_std_m_per_yr": 0.009078,
        "assumed_steps": 2,
        "latitude": 27.6184121439,
        "longitude": 85.53853102329998,
        "raw_longitude": -274.4614689767,
        "height_m": 1465.13186
      }
    },
    {
      "type": "Feature",
      "geometry": {
        "type": "Point",
        "coordinates": [
          73.69411201700001,
          17.1095733643,
          184.6555
        ]
      },
      "properties": {
        "station": "KUND",
        "method": "MIDAS5",
        "reference_frame": "IN",
        "source": "UNR NGL IGS20 MIDAS",
        "first_epoch": 2013.0486,
        "last_epoch": 2022.5352,
        "duration_years": 9.4866,
        "n_east": 2580,
        "n_north": 2580,
        "n_up": 4809,
        "east_velocity_m_per_yr": 0.000688,
        "north_velocity_m_per_yr": 0.000588,
        "up_velocity_m_per_yr": -0.000204,
        "east_velocity_mm_per_yr": 0.6880000000000001,
        "north_velocity_mm_per_yr": 0.588,
        "up_velocity_mm_per_yr": -0.204,
        "horizontal_speed_mm_per_yr": 0.9050348059605221,
        "azimuth_degrees_clockwise_from_north": 49.48110574810892,
        "horizontal_vector_rotation_degrees": 180,
        "original_east_velocity_m_per_yr": -0.000688,
        "original_north_velocity_m_per_yr": -0.000588,
        "original_east_velocity_mm_per_yr": -0.6880000000000001,
        "original_north_velocity_mm_per_yr": -0.588,
        "original_azimuth_degrees_clockwise_from_north": 229.4811057481089,
        "east_uncertainty_m_per_yr": 0.000297,
        "north_uncertainty_m_per_yr": 0.000272,
        "up_uncertainty_m_per_yr": 0.001064,
        "east_uncertainty_mm_per_yr": 0.297,
        "north_uncertainty_mm_per_yr": 0.272,
        "up_uncertainty_mm_per_yr": 1.064,
        "east_offset": -626.841,
        "north_offset": 1892433.4344,
        "up_offset": 184.6566,
        "east_outlier_fraction": 0.071,
        "north_outlier_fraction": 0.064,
        "up_outlier_fraction": 0.064,
        "east_pair_std_m_per_yr": 0.002644,
        "north_pair_std_m_per_yr": 0.002427,
        "up_pair_std_m_per_yr": 0.009491,
        "assumed_steps": 0,
        "latitude": 17.1095733643,
        "longitude": 73.69411201700001,
        "raw_longitude": -286.305887983,
        "height_m": 184.6555
      }
    },
    {
      "type": "Feature",
      "geometry": {
        "type": "Point",
        "coordinates": [
          74.87552215980003,
          12.7533245224,
          -49.66087
        ]
      },
      "properties": {
        "station": "KUNJ",
        "method": "MIDAS5",
        "reference_frame": "IN",
        "source": "UNR NGL IGS20 MIDAS",
        "first_epoch": 2022.694,
        "last_epoch": 2025.7002,
        "duration_years": 3.0062,
        "n_east": 21,
        "n_north": 21,
        "n_up": 27,
        "east_velocity_m_per_yr": 0.000925,
        "north_velocity_m_per_yr": -0.000431,
        "up_velocity_m_per_yr": 0.001619,
        "east_velocity_mm_per_yr": 0.925,
        "north_velocity_mm_per_yr": -0.431,
        "up_velocity_mm_per_yr": 1.619,
        "horizontal_speed_mm_per_yr": 1.0204832188723145,
        "azimuth_degrees_clockwise_from_north": 114.9829745976715,
        "horizontal_vector_rotation_degrees": 180,
        "original_east_velocity_m_per_yr": -0.000925,
        "original_north_velocity_m_per_yr": 0.000431,
        "original_east_velocity_mm_per_yr": -0.925,
        "original_north_velocity_mm_per_yr": 0.431,
        "original_azimuth_degrees_clockwise_from_north": 294.9829745976715,
        "east_uncertainty_m_per_yr": 0.001915,
        "north_uncertainty_m_per_yr": 0.002067,
        "up_uncertainty_m_per_yr": 0.013961,
        "east_uncertainty_mm_per_yr": 1.915,
        "north_uncertainty_mm_per_yr": 2.0669999999999997,
        "up_uncertainty_mm_per_yr": 13.961,
        "east_offset": -2658.1125,
        "north_offset": 1410421.202,
        "up_offset": -49.6625,
        "east_outlier_fraction": 0.148,
        "north_outlier_fraction": 0.148,
        "up_outlier_fraction": 0.074,
        "east_pair_std_m_per_yr": 0.001221,
        "north_pair_std_m_per_yr": 0.001318,
        "up_pair_std_m_per_yr": 0.009283,
        "assumed_steps": 0,
        "latitude": 12.7533245224,
        "longitude": 74.87552215980003,
        "raw_longitude": -285.1244778402,
        "height_m": -49.66087
      }
    },
    {
      "type": "Feature",
      "geometry": {
        "type": "Point",
        "coordinates": [
          74.25683681999999,
          34.5148499637,
          1581.5474
        ]
      },
      "properties": {
        "station": "KURA",
        "method": "MIDAS5",
        "reference_frame": "IN",
        "source": "UNR NGL IGS20 MIDAS",
        "first_epoch": 2022.694,
        "last_epoch": 2025.7002,
        "duration_years": 3.0062,
        "n_east": 21,
        "n_north": 14,
        "n_up": 14,
        "east_velocity_m_per_yr": 0.010594,
        "north_velocity_m_per_yr": 0.009142,
        "up_velocity_m_per_yr": 0.005322,
        "east_velocity_mm_per_yr": 10.594,
        "north_velocity_mm_per_yr": 9.142000000000001,
        "up_velocity_mm_per_yr": 5.322,
        "horizontal_speed_mm_per_yr": 13.993176908765214,
        "azimuth_degrees_clockwise_from_north": 49.20773493443471,
        "horizontal_vector_rotation_degrees": 180,
        "original_east_velocity_m_per_yr": -0.010594,
        "original_north_velocity_m_per_yr": -0.009142,
        "original_east_velocity_mm_per_yr": -10.594,
        "original_north_velocity_mm_per_yr": -9.142000000000001,
        "original_azimuth_degrees_clockwise_from_north": 229.20773493443474,
        "east_uncertainty_m_per_yr": 0.002074,
        "north_uncertainty_m_per_yr": 0.001314,
        "up_uncertainty_m_per_yr": 0.003749,
        "east_uncertainty_mm_per_yr": 2.074,
        "north_uncertainty_mm_per_yr": 1.314,
        "up_uncertainty_mm_per_yr": 3.749,
        "east_offset": -3963.4475,
        "north_offset": 3820772.1764,
        "up_offset": 1581.5362,
        "east_outlier_fraction": 0,
        "north_outlier_fraction": 0,
        "up_outlier_fraction": 0.143,
        "east_pair_std_m_per_yr": 0.001032,
        "north_pair_std_m_per_yr": 0.000654,
        "up_pair_std_m_per_yr": 0.001727,
        "assumed_steps": 1,
        "latitude": 34.5148499637,
        "longitude": 74.25683681999999,
        "raw_longitude": -285.74316318,
        "height_m": 1581.5474
      }
    },
    {
      "type": "Feature",
      "geometry": {
        "type": "Point",
        "coordinates": [
          80.9559709916,
          26.9125594091,
          53.1342
        ]
      },
      "properties": {
        "station": "LCK2",
        "method": "MIDAS5",
        "reference_frame": "IN",
        "source": "UNR NGL IGS20 MIDAS",
        "first_epoch": 2011.7755,
        "last_epoch": 2014.5599,
        "duration_years": 2.7844,
        "n_east": 994,
        "n_north": 815,
        "n_up": 913,
        "east_velocity_m_per_yr": 0.001433,
        "north_velocity_m_per_yr": 0.000742,
        "up_velocity_m_per_yr": -0.003665,
        "east_velocity_mm_per_yr": 1.433,
        "north_velocity_mm_per_yr": 0.742,
        "up_velocity_mm_per_yr": -3.665,
        "horizontal_speed_mm_per_yr": 1.613707842206885,
        "azimuth_degrees_clockwise_from_north": 62.625112303421474,
        "horizontal_vector_rotation_degrees": 180,
        "original_east_velocity_m_per_yr": -0.001433,
        "original_north_velocity_m_per_yr": -0.000742,
        "original_east_velocity_mm_per_yr": -1.433,
        "original_north_velocity_mm_per_yr": -0.742,
        "original_azimuth_degrees_clockwise_from_north": 242.62511230342147,
        "east_uncertainty_m_per_yr": 0.000423,
        "north_uncertainty_m_per_yr": 0.000384,
        "up_uncertainty_m_per_yr": 0.001459,
        "east_uncertainty_mm_per_yr": 0.423,
        "north_uncertainty_mm_per_yr": 0.384,
        "up_uncertainty_mm_per_yr": 1.459,
        "east_offset": -4373.5314,
        "north_offset": 2977941.5723,
        "up_offset": 53.1407,
        "east_outlier_fraction": 0.061,
        "north_outlier_fraction": 0.069,
        "up_outlier_fraction": 0.099,
        "east_pair_std_m_per_yr": 0.001645,
        "north_pair_std_m_per_yr": 0.00149,
        "up_pair_std_m_per_yr": 0.005567,
        "assumed_steps": 1,
        "latitude": 26.9125594091,
        "longitude": 80.9559709916,
        "raw_longitude": -279.0440290084,
        "height_m": 53.1342
      }
    },
    {
      "type": "Feature",
      "geometry": {
        "type": "Point",
        "coordinates": [
          80.95563769239999,
          26.9121808671,
          64.16101
        ]
      },
      "properties": {
        "station": "LCK3",
        "method": "MIDAS5",
        "reference_frame": "IN",
        "source": "UNR NGL IGS20 MIDAS",
        "first_epoch": 2014.7105,
        "last_epoch": 2023.9425,
        "duration_years": 9.232,
        "n_east": 2483,
        "n_north": 2264,
        "n_up": 3427,
        "east_velocity_m_per_yr": 0.002312,
        "north_velocity_m_per_yr": 0.000823,
        "up_velocity_m_per_yr": -0.001941,
        "east_velocity_mm_per_yr": 2.312,
        "north_velocity_mm_per_yr": 0.823,
        "up_velocity_mm_per_yr": -1.941,
        "horizontal_speed_mm_per_yr": 2.4541134855584814,
        "azimuth_degrees_clockwise_from_north": 70.4058541162783,
        "horizontal_vector_rotation_degrees": 180,
        "original_east_velocity_m_per_yr": -0.002312,
        "original_north_velocity_m_per_yr": -0.000823,
        "original_east_velocity_mm_per_yr": -2.312,
        "original_north_velocity_mm_per_yr": -0.823,
        "original_azimuth_degrees_clockwise_from_north": 250.4058541162783,
        "east_uncertainty_m_per_yr": 0.000226,
        "north_uncertainty_m_per_yr": 0.000181,
        "up_uncertainty_m_per_yr": 0.000804,
        "east_uncertainty_mm_per_yr": 0.22599999999999998,
        "north_uncertainty_mm_per_yr": 0.18100000000000002,
        "up_uncertainty_mm_per_yr": 0.804,
        "east_offset": -4406.7719,
        "north_offset": 2977899.5124,
        "up_offset": 64.1697,
        "east_outlier_fraction": 0.058,
        "north_outlier_fraction": 0.062,
        "up_outlier_fraction": 0.071,
        "east_pair_std_m_per_yr": 0.001706,
        "north_pair_std_m_per_yr": 0.001364,
        "up_pair_std_m_per_yr": 0.006029,
        "assumed_steps": 3,
        "latitude": 26.9121808671,
        "longitude": 80.95563769239999,
        "raw_longitude": -279.0443623076,
        "height_m": 64.16101
      }
    },
    {
      "type": "Feature",
      "geometry": {
        "type": "Point",
        "coordinates": [
          80.9556193258,
          26.9121447634,
          64.17234
        ]
      },
      "properties": {
        "station": "LCK4",
        "method": "MIDAS5",
        "reference_frame": "IN",
        "source": "UNR NGL IGS20 MIDAS",
        "first_epoch": 2014.7105,
        "last_epoch": 2026.371,
        "duration_years": 11.6605,
        "n_east": 3343,
        "n_north": 3124,
        "n_up": 4460,
        "east_velocity_m_per_yr": 0.00249,
        "north_velocity_m_per_yr": 0.001089,
        "up_velocity_m_per_yr": -0.001597,
        "east_velocity_mm_per_yr": 2.49,
        "north_velocity_mm_per_yr": 1.089,
        "up_velocity_mm_per_yr": -1.597,
        "horizontal_speed_mm_per_yr": 2.717723495869291,
        "azimuth_degrees_clockwise_from_north": 66.37786527284584,
        "horizontal_vector_rotation_degrees": 180,
        "original_east_velocity_m_per_yr": -0.00249,
        "original_north_velocity_m_per_yr": -0.001089,
        "original_east_velocity_mm_per_yr": -2.49,
        "original_north_velocity_mm_per_yr": -1.089,
        "original_azimuth_degrees_clockwise_from_north": 246.37786527284584,
        "east_uncertainty_m_per_yr": 0.000202,
        "north_uncertainty_m_per_yr": 0.000175,
        "up_uncertainty_m_per_yr": 0.000794,
        "east_uncertainty_mm_per_yr": 0.202,
        "north_uncertainty_mm_per_yr": 0.175,
        "up_uncertainty_mm_per_yr": 0.794,
        "east_offset": -4408.6706,
        "north_offset": 2977895.446,
        "up_offset": 64.1802,
        "east_outlier_fraction": 0.075,
        "north_outlier_fraction": 0.054,
        "up_outlier_fraction": 0.058,
        "east_pair_std_m_per_yr": 0.001721,
        "north_pair_std_m_per_yr": 0.001512,
        "up_pair_std_m_per_yr": 0.006841,
        "assumed_steps": 4,
        "latitude": 26.9121447634,
        "longitude": 80.9556193258,
        "raw_longitude": -279.0443806742,
        "height_m": 64.17234
      }
    },
    {
      "type": "Feature",
      "geometry": {
        "type": "Point",
        "coordinates": [
          80.95589298620001,
          26.9124393426,
          53.09528
        ]
      },
      "properties": {
        "station": "LCKI",
        "method": "MIDAS5",
        "reference_frame": "IN",
        "source": "UNR NGL IGS20 MIDAS",
        "first_epoch": 2011.7755,
        "last_epoch": 2014.5407,
        "duration_years": 2.7652,
        "n_east": 987,
        "n_north": 809,
        "n_up": 900,
        "east_velocity_m_per_yr": 0.001754,
        "north_velocity_m_per_yr": 0.000226,
        "up_velocity_m_per_yr": -0.003561,
        "east_velocity_mm_per_yr": 1.754,
        "north_velocity_mm_per_yr": 0.22599999999999998,
        "up_velocity_mm_per_yr": -3.561,
        "horizontal_speed_mm_per_yr": 1.76849992931863,
        "azimuth_degrees_clockwise_from_north": 82.65798566396666,
        "horizontal_vector_rotation_degrees": 180,
        "original_east_velocity_m_per_yr": -0.001754,
        "original_north_velocity_m_per_yr": -0.000226,
        "original_east_velocity_mm_per_yr": -1.754,
        "original_north_velocity_mm_per_yr": -0.22599999999999998,
        "original_azimuth_degrees_clockwise_from_north": 262.65798566396666,
        "east_uncertainty_m_per_yr": 0.000438,
        "north_uncertainty_m_per_yr": 0.000392,
        "up_uncertainty_m_per_yr": 0.001743,
        "east_uncertainty_mm_per_yr": 0.438,
        "north_uncertainty_mm_per_yr": 0.392,
        "up_uncertainty_mm_per_yr": 1.7429999999999999,
        "east_offset": -4381.2826,
        "north_offset": 2977928.2687,
        "up_offset": 53.1014,
        "east_outlier_fraction": 0.054,
        "north_outlier_fraction": 0.068,
        "up_outlier_fraction": 0.059,
        "east_pair_std_m_per_yr": 0.001699,
        "north_pair_std_m_per_yr": 0.001509,
        "up_pair_std_m_per_yr": 0.006745,
        "assumed_steps": 1,
        "latitude": 26.9124393426,
        "longitude": 80.95589298620001,
        "raw_longitude": -279.0441070138,
        "height_m": 53.09528
      }
    },
    {
      "type": "Feature",
      "geometry": {
        "type": "Point",
        "coordinates": [
          77.17160351069998,
          28.6370696045,
          192.81222
        ]
      },
      "properties": {
        "station": "LIAA",
        "method": "MIDAS5",
        "reference_frame": "IN",
        "source": "UNR NGL IGS20 MIDAS",
        "first_epoch": 2018.9322,
        "last_epoch": 2021.1006,
        "duration_years": 2.1684,
        "n_east": 491,
        "n_north": 491,
        "n_up": 504,
        "east_velocity_m_per_yr": -0.000234,
        "north_velocity_m_per_yr": 0.001133,
        "up_velocity_m_per_yr": 0.003876,
        "east_velocity_mm_per_yr": -0.23399999999999999,
        "north_velocity_mm_per_yr": 1.1329999999999998,
        "up_velocity_mm_per_yr": 3.876,
        "horizontal_speed_mm_per_yr": 1.156911837609072,
        "azimuth_degrees_clockwise_from_north": 348.3306988122448,
        "horizontal_vector_rotation_degrees": 180,
        "original_east_velocity_m_per_yr": 0.000234,
        "original_north_velocity_m_per_yr": -0.001133,
        "original_east_velocity_mm_per_yr": 0.23399999999999999,
        "original_north_velocity_mm_per_yr": -1.1329999999999998,
        "original_azimuth_degrees_clockwise_from_north": 168.3306988122448,
        "east_uncertainty_m_per_yr": 0.000578,
        "north_uncertainty_m_per_yr": 0.000657,
        "up_uncertainty_m_per_yr": 0.002499,
        "east_uncertainty_mm_per_yr": 0.578,
        "north_uncertainty_mm_per_yr": 0.657,
        "up_uncertainty_mm_per_yr": 2.499,
        "east_offset": -2776.587,
        "north_offset": 3169044.6928,
        "up_offset": 192.8072,
        "east_outlier_fraction": 0.056,
        "north_outlier_fraction": 0.006,
        "up_outlier_fraction": 0.038,
        "east_pair_std_m_per_yr": 0.001676,
        "north_pair_std_m_per_yr": 0.001955,
        "up_pair_std_m_per_yr": 0.007318,
        "assumed_steps": 0,
        "latitude": 28.6370696045,
        "longitude": 77.17160351069998,
        "raw_longitude": -282.8283964893,
        "height_m": 192.81222
      }
    },
    {
      "type": "Feature",
      "geometry": {
        "type": "Point",
        "coordinates": [
          84.573413937,
          28.1741162485,
          2026.15337
        ]
      },
      "properties": {
        "station": "LMJG",
        "method": "MIDAS5",
        "reference_frame": "IN",
        "source": "UNR NGL IGS20 MIDAS",
        "first_epoch": 2011.2991,
        "last_epoch": 2020.7036,
        "duration_years": 9.4045,
        "n_east": 2497,
        "n_north": 2412,
        "n_up": 3734,
        "east_velocity_m_per_yr": 0.004627,
        "north_velocity_m_per_yr": 0.009491,
        "up_velocity_m_per_yr": 0.00181,
        "east_velocity_mm_per_yr": 4.627,
        "north_velocity_mm_per_yr": 9.491,
        "up_velocity_mm_per_yr": 1.81,
        "horizontal_speed_mm_per_yr": 10.558797753532358,
        "azimuth_degrees_clockwise_from_north": 25.989904256858836,
        "horizontal_vector_rotation_degrees": 180,
        "original_east_velocity_m_per_yr": -0.004627,
        "original_north_velocity_m_per_yr": -0.009491,
        "original_east_velocity_mm_per_yr": -4.627,
        "original_north_velocity_mm_per_yr": -9.491,
        "original_azimuth_degrees_clockwise_from_north": 205.98990425685886,
        "east_uncertainty_m_per_yr": 0.000238,
        "north_uncertainty_m_per_yr": 0.00033,
        "up_uncertainty_m_per_yr": 0.000785,
        "east_uncertainty_mm_per_yr": 0.23800000000000002,
        "north_uncertainty_mm_per_yr": 0.33,
        "up_uncertainty_mm_per_yr": 0.785,
        "east_offset": -2611.0454,
        "north_offset": 3117737.3019,
        "up_offset": 2026.1406,
        "east_outlier_fraction": 0.064,
        "north_outlier_fraction": 0.054,
        "up_outlier_fraction": 0.08,
        "east_pair_std_m_per_yr": 0.001873,
        "north_pair_std_m_per_yr": 0.002611,
        "up_pair_std_m_per_yr": 0.006117,
        "assumed_steps": 5,
        "latitude": 28.1741162485,
        "longitude": 84.573413937,
        "raw_longitude": -275.426586063,
        "height_m": 2026.15337
      }
    },
    {
      "type": "Feature",
      "geometry": {
        "type": "Point",
        "coordinates": [
          96.21651426969999,
          20.4787178106,
          178.77401
        ]
      },
      "properties": {
        "station": "M10E",
        "method": "MIDAS5",
        "reference_frame": "IN",
        "source": "UNR NGL IGS20 MIDAS",
        "first_epoch": 2018.0014,
        "last_epoch": 2020.9993,
        "duration_years": 2.9979,
        "n_east": 1096,
        "n_north": 1096,
        "n_up": 1462,
        "east_velocity_m_per_yr": 0.015792,
        "north_velocity_m_per_yr": 0.034993,
        "up_velocity_m_per_yr": 0.006362,
        "east_velocity_mm_per_yr": 15.792,
        "north_velocity_mm_per_yr": 34.993,
        "up_velocity_mm_per_yr": 6.361999999999999,
        "horizontal_speed_mm_per_yr": 38.391370293335456,
        "azimuth_degrees_clockwise_from_north": 24.289192831534365,
        "horizontal_vector_rotation_degrees": 180,
        "original_east_velocity_m_per_yr": -0.015792,
        "original_north_velocity_m_per_yr": -0.034993,
        "original_east_velocity_mm_per_yr": -15.792,
        "original_north_velocity_mm_per_yr": -34.993,
        "original_azimuth_degrees_clockwise_from_north": 204.2891928315344,
        "east_uncertainty_m_per_yr": 0.000486,
        "north_uncertainty_m_per_yr": 0.000411,
        "up_uncertainty_m_per_yr": 0.002192,
        "east_uncertainty_mm_per_yr": 0.486,
        "north_uncertainty_mm_per_yr": 0.41100000000000003,
        "up_uncertainty_mm_per_yr": 2.1919999999999997,
        "east_offset": 1722.8446,
        "north_offset": 2265363.8088,
        "up_offset": 178.7638,
        "east_outlier_fraction": 0.045,
        "north_outlier_fraction": 0.051,
        "up_outlier_fraction": 0.055,
        "east_pair_std_m_per_yr": 0.002417,
        "north_pair_std_m_per_yr": 0.002037,
        "up_pair_std_m_per_yr": 0.010838,
        "assumed_steps": 0,
        "latitude": 20.4787178106,
        "longitude": 96.21651426969999,
        "raw_longitude": -263.7834857303,
        "height_m": 178.77401
      }
    },
    {
      "type": "Feature",
      "geometry": {
        "type": "Point",
        "coordinates": [
          95.9709723117,
          20.3844605378,
          300.09465
        ]
      },
      "properties": {
        "station": "M10W",
        "method": "MIDAS5",
        "reference_frame": "IN",
        "source": "UNR NGL IGS20 MIDAS",
        "first_epoch": 2018.0014,
        "last_epoch": 2020.9993,
        "duration_years": 2.9979,
        "n_east": 1093,
        "n_north": 1093,
        "n_up": 1459,
        "east_velocity_m_per_yr": 0.016306,
        "north_velocity_m_per_yr": 0.024252,
        "up_velocity_m_per_yr": 0.005095,
        "east_velocity_mm_per_yr": 16.306,
        "north_velocity_mm_per_yr": 24.252,
        "up_velocity_mm_per_yr": 5.095,
        "horizontal_speed_mm_per_yr": 29.22405071169977,
        "azimuth_degrees_clockwise_from_north": 33.915186448767486,
        "horizontal_vector_rotation_degrees": 180,
        "original_east_velocity_m_per_yr": -0.016306,
        "original_north_velocity_m_per_yr": -0.024252,
        "original_east_velocity_mm_per_yr": -16.306,
        "original_north_velocity_mm_per_yr": -24.252,
        "original_azimuth_degrees_clockwise_from_north": 213.9151864487675,
        "east_uncertainty_m_per_yr": 0.000563,
        "north_uncertainty_m_per_yr": 0.000467,
        "up_uncertainty_m_per_yr": 0.00266,
        "east_uncertainty_mm_per_yr": 0.5630000000000001,
        "north_uncertainty_mm_per_yr": 0.467,
        "up_uncertainty_mm_per_yr": 2.66,
        "east_offset": -3030.2611,
        "north_offset": 2254928.5957,
        "up_offset": 300.0869,
        "east_outlier_fraction": 0.071,
        "north_outlier_fraction": 0.037,
        "up_outlier_fraction": 0.051,
        "east_pair_std_m_per_yr": 0.002757,
        "north_pair_std_m_per_yr": 0.002328,
        "up_pair_std_m_per_yr": 0.013164,
        "assumed_steps": 0,
        "latitude": 20.3844605378,
        "longitude": 95.9709723117,
        "raw_longitude": -264.0290276883,
        "height_m": 300.09465
      }
    },
    {
      "type": "Feature",
      "geometry": {
        "type": "Point",
        "coordinates": [
          73.5262850217,
          4.1886823777,
          -92.02094
        ]
      },
      "properties": {
        "station": "MALD",
        "method": "MIDAS5",
        "reference_frame": "IN",
        "source": "UNR NGL IGS20 MIDAS",
        "first_epoch": 1999.6112,
        "last_epoch": 2006.4422,
        "duration_years": 6.831,
        "n_east": 1749,
        "n_north": 1376,
        "n_up": 1819,
        "east_velocity_m_per_yr": -0.000386,
        "north_velocity_m_per_yr": 0.000189,
        "up_velocity_m_per_yr": 0.001879,
        "east_velocity_mm_per_yr": -0.386,
        "north_velocity_mm_per_yr": 0.189,
        "up_velocity_mm_per_yr": 1.879,
        "horizontal_speed_mm_per_yr": 0.42978715662523004,
        "azimuth_degrees_clockwise_from_north": 296.0880942069576,
        "horizontal_vector_rotation_degrees": 180,
        "original_east_velocity_m_per_yr": 0.000386,
        "original_north_velocity_m_per_yr": -0.000189,
        "original_east_velocity_mm_per_yr": 0.386,
        "original_north_velocity_mm_per_yr": -0.189,
        "original_azimuth_degrees_clockwise_from_north": 116.08809420695758,
        "east_uncertainty_m_per_yr": 0.001319,
        "north_uncertainty_m_per_yr": 0.0014,
        "up_uncertainty_m_per_yr": 0.004009,
        "east_uncertainty_mm_per_yr": 1.3190000000000002,
        "north_uncertainty_mm_per_yr": 1.4,
        "up_uncertainty_mm_per_yr": 4.009,
        "east_offset": 2918.1805,
        "north_offset": 463168.7188,
        "up_offset": -92.0265,
        "east_outlier_fraction": 0.103,
        "north_outlier_fraction": 0.253,
        "up_outlier_fraction": 0.037,
        "east_pair_std_m_per_yr": 0.007086,
        "north_pair_std_m_per_yr": 0.006861,
        "up_pair_std_m_per_yr": 0.022308,
        "assumed_steps": 3,
        "latitude": 4.1886823777,
        "longitude": 73.5262850217,
        "raw_longitude": -286.4737149783,
        "height_m": -92.02094
      }
    },
    {
      "type": "Feature",
      "geometry": {
        "type": "Point",
        "coordinates": [
          77.69393228809997,
          27.4714980725,
          122.24237
        ]
      },
      "properties": {
        "station": "MAT4",
        "method": "MIDAS5",
        "reference_frame": "IN",
        "source": "UNR NGL IGS20 MIDAS",
        "first_epoch": 2023.6906,
        "last_epoch": 2025.7002,
        "duration_years": 2.0096,
        "n_east": 14,
        "n_north": 14,
        "n_up": 14,
        "east_velocity_m_per_yr": 0.001486,
        "north_velocity_m_per_yr": 0.001258,
        "up_velocity_m_per_yr": -0.001942,
        "east_velocity_mm_per_yr": 1.486,
        "north_velocity_mm_per_yr": 1.258,
        "up_velocity_mm_per_yr": -1.942,
        "horizontal_speed_mm_per_yr": 1.9469874164976004,
        "azimuth_degrees_clockwise_from_north": 49.749817157392556,
        "horizontal_vector_rotation_degrees": 180,
        "original_east_velocity_m_per_yr": -0.001486,
        "original_north_velocity_m_per_yr": -0.001258,
        "original_east_velocity_mm_per_yr": -1.486,
        "original_north_velocity_mm_per_yr": -1.258,
        "original_azimuth_degrees_clockwise_from_north": 229.74981715739256,
        "east_uncertainty_m_per_yr": 0.002857,
        "north_uncertainty_m_per_yr": 0.000165,
        "up_uncertainty_m_per_yr": 0.003639,
        "east_uncertainty_mm_per_yr": 2.857,
        "north_uncertainty_mm_per_yr": 0.165,
        "up_uncertainty_mm_per_yr": 3.639,
        "east_offset": -599.7544,
        "north_offset": 3039875.6624,
        "up_offset": 122.2454,
        "east_outlier_fraction": 0,
        "north_outlier_fraction": 0.429,
        "up_outlier_fraction": 0,
        "east_pair_std_m_per_yr": 0.001422,
        "north_pair_std_m_per_yr": 0.000062,
        "up_pair_std_m_per_yr": 0.00181,
        "assumed_steps": 0,
        "latitude": 27.4714980725,
        "longitude": 77.69393228809997,
        "raw_longitude": -282.3060677119,
        "height_m": 122.24237
      }
    },
    {
      "type": "Feature",
      "geometry": {
        "type": "Point",
        "coordinates": [
          91.90637274279999,
          24.39719212,
          -15.73517
        ]
      },
      "properties": {
        "station": "MAU2",
        "method": "MIDAS5",
        "reference_frame": "IN",
        "source": "UNR NGL IGS20 MIDAS",
        "first_epoch": 2013.6865,
        "last_epoch": 2020.7173,
        "duration_years": 7.0308,
        "n_east": 32,
        "n_north": 27,
        "n_up": 38,
        "east_velocity_m_per_yr": 0.003598,
        "north_velocity_m_per_yr": 0.003319,
        "up_velocity_m_per_yr": 0.003814,
        "east_velocity_mm_per_yr": 3.598,
        "north_velocity_mm_per_yr": 3.319,
        "up_velocity_mm_per_yr": 3.814,
        "horizontal_speed_mm_per_yr": 4.89503472919243,
        "azimuth_degrees_clockwise_from_north": 47.309796407200224,
        "horizontal_vector_rotation_degrees": 180,
        "original_east_velocity_m_per_yr": -0.003598,
        "original_north_velocity_m_per_yr": -0.003319,
        "original_east_velocity_mm_per_yr": -3.598,
        "original_north_velocity_mm_per_yr": -3.319,
        "original_azimuth_degrees_clockwise_from_north": 227.30979640720022,
        "east_uncertainty_m_per_yr": 0.002891,
        "north_uncertainty_m_per_yr": 0.001079,
        "up_uncertainty_m_per_yr": 0.00863,
        "east_uncertainty_mm_per_yr": 2.891,
        "north_uncertainty_mm_per_yr": 1.0790000000000002,
        "up_uncertainty_mm_per_yr": 8.63,
        "east_offset": 646.2036,
        "north_offset": 2699281.8992,
        "up_offset": -15.7567,
        "east_outlier_fraction": 0,
        "north_outlier_fraction": 0.079,
        "up_outlier_fraction": 0.053,
        "east_pair_std_m_per_yr": 0.00237,
        "north_pair_std_m_per_yr": 0.000849,
        "up_pair_std_m_per_yr": 0.006886,
        "assumed_steps": 5,
        "latitude": 24.39719212,
        "longitude": 91.90637274279999,
        "raw_longitude": -268.0936272572,
        "height_m": -15.73517
      }
    },
    {
      "type": "Feature",
      "geometry": {
        "type": "Point",
        "coordinates": [
          73.05869019059998,
          8.2815326536,
          -91.44957
        ]
      },
      "properties": {
        "station": "MCOI",
        "method": "MIDAS5",
        "reference_frame": "IN",
        "source": "UNR NGL IGS20 MIDAS",
        "first_epoch": 2014.3901,
        "last_epoch": 2019.9808,
        "duration_years": 5.5907,
        "n_east": 1906,
        "n_north": 1906,
        "n_up": 3082,
        "east_velocity_m_per_yr": -0.000734,
        "north_velocity_m_per_yr": 0.000526,
        "up_velocity_m_per_yr": -0.000918,
        "east_velocity_mm_per_yr": -0.734,
        "north_velocity_mm_per_yr": 0.526,
        "up_velocity_mm_per_yr": -0.9179999999999999,
        "horizontal_speed_mm_per_yr": 0.9030127352368847,
        "azimuth_degrees_clockwise_from_north": 305.62618819455344,
        "horizontal_vector_rotation_degrees": 180,
        "original_east_velocity_m_per_yr": 0.000734,
        "original_north_velocity_m_per_yr": -0.000526,
        "original_east_velocity_mm_per_yr": 0.734,
        "original_north_velocity_mm_per_yr": -0.526,
        "original_azimuth_degrees_clockwise_from_north": 125.62618819455344,
        "east_uncertainty_m_per_yr": 0.000324,
        "north_uncertainty_m_per_yr": 0.000259,
        "up_uncertainty_m_per_yr": 0.001152,
        "east_uncertainty_mm_per_yr": 0.324,
        "north_uncertainty_mm_per_yr": 0.259,
        "up_uncertainty_mm_per_yr": 1.1520000000000001,
        "east_offset": -4551.0796,
        "north_offset": 915788.1491,
        "up_offset": -91.4469,
        "east_outlier_fraction": 0.053,
        "north_outlier_fraction": 0.051,
        "up_outlier_fraction": 0.039,
        "east_pair_std_m_per_yr": 0.002324,
        "north_pair_std_m_per_yr": 0.001865,
        "up_pair_std_m_per_yr": 0.00834,
        "assumed_steps": 0,
        "latitude": 8.2815326536,
        "longitude": 73.05869019059998,
        "raw_longitude": -286.9413098094,
        "height_m": -91.44957
      }
    },
    {
      "type": "Feature",
      "geometry": {
        "type": "Point",
        "coordinates": [
          91.84466556339999,
          22.8512289448,
          -11.08598
        ]
      },
      "properties": {
        "station": "MKCH",
        "method": "MIDAS5",
        "reference_frame": "IN",
        "source": "UNR NGL IGS20 MIDAS",
        "first_epoch": 2007.1567,
        "last_epoch": 2016.9582,
        "duration_years": 9.8015,
        "n_east": 1312,
        "n_north": 1182,
        "n_up": 1678,
        "east_velocity_m_per_yr": 0.002346,
        "north_velocity_m_per_yr": -0.000381,
        "up_velocity_m_per_yr": -0.001512,
        "east_velocity_mm_per_yr": 2.346,
        "north_velocity_mm_per_yr": -0.381,
        "up_velocity_mm_per_yr": -1.512,
        "horizontal_speed_mm_per_yr": 2.3767366282362885,
        "azimuth_degrees_clockwise_from_north": 99.22453241531707,
        "horizontal_vector_rotation_degrees": 180,
        "original_east_velocity_m_per_yr": -0.002346,
        "original_north_velocity_m_per_yr": 0.000381,
        "original_east_velocity_mm_per_yr": -2.346,
        "original_north_velocity_mm_per_yr": 0.381,
        "original_azimuth_degrees_clockwise_from_north": 279.22453241531707,
        "east_uncertainty_m_per_yr": 0.000375,
        "north_uncertainty_m_per_yr": 0.000359,
        "up_uncertainty_m_per_yr": 0.001515,
        "east_uncertainty_mm_per_yr": 0.375,
        "north_uncertainty_mm_per_yr": 0.359,
        "up_uncertainty_mm_per_yr": 1.5150000000000001,
        "east_offset": 4584.1663,
        "north_offset": 2528062.1717,
        "up_offset": -11.0831,
        "east_outlier_fraction": 0.039,
        "north_outlier_fraction": 0.026,
        "up_outlier_fraction": 0.058,
        "east_pair_std_m_per_yr": 0.002005,
        "north_pair_std_m_per_yr": 0.001932,
        "up_pair_std_m_per_yr": 0.008006,
        "assumed_steps": 6,
        "latitude": 22.8512289448,
        "longitude": 91.84466556339999,
        "raw_longitude": -268.1553344366,
        "height_m": -11.08598
      }
    },
    {
      "type": "Feature",
      "geometry": {
        "type": "Point",
        "coordinates": [
          91.39092251030002,
          23.9864724338,
          -26.85434
        ]
      },
      "properties": {
        "station": "MPU1",
        "method": "MIDAS5",
        "reference_frame": "IN",
        "source": "UNR NGL IGS20 MIDAS",
        "first_epoch": 2012.5038,
        "last_epoch": 2015.896,
        "duration_years": 3.3922,
        "n_east": 740,
        "n_north": 737,
        "n_up": 747,
        "east_velocity_m_per_yr": 0.001184,
        "north_velocity_m_per_yr": 0.001277,
        "up_velocity_m_per_yr": 0.000326,
        "east_velocity_mm_per_yr": 1.184,
        "north_velocity_mm_per_yr": 1.277,
        "up_velocity_mm_per_yr": 0.326,
        "horizontal_speed_mm_per_yr": 1.7414318821016226,
        "azimuth_degrees_clockwise_from_north": 42.835849974897656,
        "horizontal_vector_rotation_degrees": 180,
        "original_east_velocity_m_per_yr": -0.001184,
        "original_north_velocity_m_per_yr": -0.001277,
        "original_east_velocity_mm_per_yr": -1.184,
        "original_north_velocity_mm_per_yr": -1.277,
        "original_azimuth_degrees_clockwise_from_north": 222.83584997489763,
        "east_uncertainty_m_per_yr": 0.000669,
        "north_uncertainty_m_per_yr": 0.000718,
        "up_uncertainty_m_per_yr": 0.002396,
        "east_uncertainty_mm_per_yr": 0.669,
        "north_uncertainty_mm_per_yr": 0.718,
        "up_uncertainty_mm_per_yr": 2.396,
        "east_offset": -923.7882,
        "north_offset": 2653790.3316,
        "up_offset": -26.8547,
        "east_outlier_fraction": 0.035,
        "north_outlier_fraction": 0.062,
        "up_outlier_fraction": 0.102,
        "east_pair_std_m_per_yr": 0.002387,
        "north_pair_std_m_per_yr": 0.002527,
        "up_pair_std_m_per_yr": 0.008252,
        "assumed_steps": 2,
        "latitude": 23.9864724338,
        "longitude": 91.39092251030002,
        "raw_longitude": -268.6090774897,
        "height_m": -26.85434
      }
    },
    {
      "type": "Feature",
      "geometry": {
        "type": "Point",
        "coordinates": [
          90.03013020280002,
          24.6042393328,
          -24.09231
        ]
      },
      "properties": {
        "station": "MPUR",
        "method": "MIDAS5",
        "reference_frame": "IN",
        "source": "UNR NGL IGS20 MIDAS",
        "first_epoch": 2007.1348,
        "last_epoch": 2011.4716,
        "duration_years": 4.3368,
        "n_east": 1336,
        "n_north": 1232,
        "n_up": 1854,
        "east_velocity_m_per_yr": -0.000853,
        "north_velocity_m_per_yr": 0.001481,
        "up_velocity_m_per_yr": -0.000803,
        "east_velocity_mm_per_yr": -0.853,
        "north_velocity_mm_per_yr": 1.4809999999999999,
        "up_velocity_mm_per_yr": -0.803,
        "horizontal_speed_mm_per_yr": 1.709084550278306,
        "azimuth_degrees_clockwise_from_north": 330.05968425982076,
        "horizontal_vector_rotation_degrees": 180,
        "original_east_velocity_m_per_yr": 0.000853,
        "original_north_velocity_m_per_yr": -0.001481,
        "original_east_velocity_mm_per_yr": 0.853,
        "original_north_velocity_mm_per_yr": -1.4809999999999999,
        "original_azimuth_degrees_clockwise_from_north": 150.05968425982076,
        "east_uncertainty_m_per_yr": 0.00049,
        "north_uncertainty_m_per_yr": 0.00057,
        "up_uncertainty_m_per_yr": 0.001584,
        "east_uncertainty_mm_per_yr": 0.49,
        "north_uncertainty_mm_per_yr": 0.57,
        "up_uncertainty_mm_per_yr": 1.5839999999999999,
        "east_offset": 3051.2228,
        "north_offset": 2722215.7037,
        "up_offset": -24.0905,
        "east_outlier_fraction": 0.045,
        "north_outlier_fraction": 0.051,
        "up_outlier_fraction": 0.057,
        "east_pair_std_m_per_yr": 0.00274,
        "north_pair_std_m_per_yr": 0.003183,
        "up_pair_std_m_per_yr": 0.008807,
        "assumed_steps": 1,
        "latitude": 24.6042393328,
        "longitude": 90.03013020280002,
        "raw_longitude": -269.9698697972,
        "height_m": -24.09231
      }
    },
    {
      "type": "Feature",
      "geometry": {
        "type": "Point",
        "coordinates": [
          77.65012878409999,
          8.762210417,
          -27.10546
        ]
      },
      "properties": {
        "station": "MSON",
        "method": "MIDAS5",
        "reference_frame": "IN",
        "source": "UNR NGL IGS20 MIDAS",
        "first_epoch": 2012.9528,
        "last_epoch": 2016.9993,
        "duration_years": 4.0465,
        "n_east": 687,
        "n_north": 687,
        "n_up": 1185,
        "east_velocity_m_per_yr": -0.000534,
        "north_velocity_m_per_yr": -0.000143,
        "up_velocity_m_per_yr": -0.003376,
        "east_velocity_mm_per_yr": -0.5339999999999999,
        "north_velocity_mm_per_yr": -0.14300000000000002,
        "up_velocity_mm_per_yr": -3.376,
        "horizontal_speed_mm_per_yr": 0.5528155207661956,
        "azimuth_degrees_clockwise_from_north": 255.00849638203738,
        "horizontal_vector_rotation_degrees": 180,
        "original_east_velocity_m_per_yr": 0.000534,
        "original_north_velocity_m_per_yr": 0.000143,
        "original_east_velocity_mm_per_yr": 0.5339999999999999,
        "original_north_velocity_mm_per_yr": 0.14300000000000002,
        "original_azimuth_degrees_clockwise_from_north": 75.00849638203738,
        "east_uncertainty_m_per_yr": 0.000519,
        "north_uncertainty_m_per_yr": 0.000455,
        "up_uncertainty_m_per_yr": 0.001857,
        "east_uncertainty_mm_per_yr": 0.519,
        "north_uncertainty_mm_per_yr": 0.455,
        "up_uncertainty_mm_per_yr": 1.857,
        "east_offset": -5487.3718,
        "north_offset": 968950.4923,
        "up_offset": -27.098,
        "east_outlier_fraction": 0.046,
        "north_outlier_fraction": 0.055,
        "up_outlier_fraction": 0.078,
        "east_pair_std_m_per_yr": 0.002319,
        "north_pair_std_m_per_yr": 0.002025,
        "up_pair_std_m_per_yr": 0.008159,
        "assumed_steps": 0,
        "latitude": 8.762210417,
        "longitude": 77.65012878409999,
        "raw_longitude": -282.3498712159,
        "height_m": -27.10546
      }
    },
    {
      "type": "Feature",
      "geometry": {
        "type": "Point",
        "coordinates": [
          91.83360566840003,
          25.5636516579,
          1513.92878
        ]
      },
      "properties": {
        "station": "MTWR",
        "method": "MIDAS5",
        "reference_frame": "IN",
        "source": "UNR NGL IGS20 MIDAS",
        "first_epoch": 2012.1396,
        "last_epoch": 2015.718,
        "duration_years": 3.5784,
        "n_east": 1284,
        "n_north": 1105,
        "n_up": 1483,
        "east_velocity_m_per_yr": 0.003279,
        "north_velocity_m_per_yr": 0.003875,
        "up_velocity_m_per_yr": -0.001949,
        "east_velocity_mm_per_yr": 3.279,
        "north_velocity_mm_per_yr": 3.875,
        "up_velocity_mm_per_yr": -1.949,
        "horizontal_speed_mm_per_yr": 5.076166466931516,
        "azimuth_degrees_clockwise_from_north": 40.23768392538375,
        "horizontal_vector_rotation_degrees": 180,
        "original_east_velocity_m_per_yr": -0.003279,
        "original_north_velocity_m_per_yr": -0.003875,
        "original_east_velocity_mm_per_yr": -3.279,
        "original_north_velocity_mm_per_yr": -3.875,
        "original_azimuth_degrees_clockwise_from_north": 220.23768392538372,
        "east_uncertainty_m_per_yr": 0.000751,
        "north_uncertainty_m_per_yr": 0.000708,
        "up_uncertainty_m_per_yr": 0.001828,
        "east_uncertainty_mm_per_yr": 0.751,
        "north_uncertainty_mm_per_yr": 0.708,
        "up_uncertainty_mm_per_yr": 1.828,
        "east_offset": 3376.7953,
        "north_offset": 2828493.8165,
        "up_offset": 1513.9315,
        "east_outlier_fraction": 0.046,
        "north_outlier_fraction": 0.118,
        "up_outlier_fraction": 0.061,
        "east_pair_std_m_per_yr": 0.003758,
        "north_pair_std_m_per_yr": 0.003405,
        "up_pair_std_m_per_yr": 0.009074,
        "assumed_steps": 3,
        "latitude": 25.5636516579,
        "longitude": 91.83360566840003,
        "raw_longitude": -268.1663943316,
        "height_m": 1513.92878
      }
    },
    {
      "type": "Feature",
      "geometry": {
        "type": "Point",
        "coordinates": [
          68.25598644730002,
          25.4006334255,
          29.22347
        ]
      },
      "properties": {
        "station": "MUET",
        "method": "MIDAS5",
        "reference_frame": "IN",
        "source": "UNR NGL IGS20 MIDAS",
        "first_epoch": 2016.627,
        "last_epoch": 2024.2136,
        "duration_years": 7.5866,
        "n_east": 647,
        "n_north": 647,
        "n_up": 738,
        "east_velocity_m_per_yr": 0.00166,
        "north_velocity_m_per_yr": 0.001951,
        "up_velocity_m_per_yr": -0.002069,
        "east_velocity_mm_per_yr": 1.66,
        "north_velocity_mm_per_yr": 1.951,
        "up_velocity_mm_per_yr": -2.069,
        "horizontal_speed_mm_per_yr": 2.5616402948111197,
        "azimuth_degrees_clockwise_from_north": 40.39265615328958,
        "horizontal_vector_rotation_degrees": 180,
        "original_east_velocity_m_per_yr": -0.00166,
        "original_north_velocity_m_per_yr": -0.001951,
        "original_east_velocity_mm_per_yr": -1.66,
        "original_north_velocity_mm_per_yr": -1.951,
        "original_azimuth_degrees_clockwise_from_north": 220.39265615328958,
        "east_uncertainty_m_per_yr": 0.000098,
        "north_uncertainty_m_per_yr": 0.000129,
        "up_uncertainty_m_per_yr": 0.000588,
        "east_uncertainty_mm_per_yr": 0.098,
        "north_uncertainty_mm_per_yr": 0.129,
        "up_uncertainty_mm_per_yr": 0.588,
        "east_offset": -4428.6892,
        "north_offset": 2810434.6561,
        "up_offset": 29.2292,
        "east_outlier_fraction": 0.173,
        "north_outlier_fraction": 0.148,
        "up_outlier_fraction": 0.095,
        "east_pair_std_m_per_yr": 0.000323,
        "north_pair_std_m_per_yr": 0.000431,
        "up_pair_std_m_per_yr": 0.002021,
        "assumed_steps": 0,
        "latitude": 25.4006334255,
        "longitude": 68.25598644730002,
        "raw_longitude": -291.7440135527,
        "height_m": 29.22347
      }
    },
    {
      "type": "Feature",
      "geometry": {
        "type": "Point",
        "coordinates": [
          85.52121514219999,
          27.6927205478,
          2105.14458
        ]
      },
      "properties": {
        "station": "NAGA",
        "method": "MIDAS5",
        "reference_frame": "IN",
        "source": "UNR NGL IGS20 MIDAS",
        "first_epoch": 1995.8932,
        "last_epoch": 2013.7057,
        "duration_years": 17.8125,
        "n_east": 1566,
        "n_north": 1052,
        "n_up": 1052,
        "east_velocity_m_per_yr": 0.00031,
        "north_velocity_m_per_yr": 0.001021,
        "up_velocity_m_per_yr": -0.007697,
        "east_velocity_mm_per_yr": 0.31,
        "north_velocity_mm_per_yr": 1.021,
        "up_velocity_mm_per_yr": -7.697,
        "horizontal_speed_mm_per_yr": 1.067024367106956,
        "azimuth_degrees_clockwise_from_north": 16.889543699583896,
        "horizontal_vector_rotation_degrees": 180,
        "original_east_velocity_m_per_yr": -0.00031,
        "original_north_velocity_m_per_yr": -0.001021,
        "original_east_velocity_mm_per_yr": -0.31,
        "original_north_velocity_mm_per_yr": -1.021,
        "original_azimuth_degrees_clockwise_from_north": 196.88954369958392,
        "east_uncertainty_m_per_yr": 0.001051,
        "north_uncertainty_m_per_yr": 0.000818,
        "up_uncertainty_m_per_yr": 0.005314,
        "east_uncertainty_mm_per_yr": 1.0510000000000002,
        "north_uncertainty_mm_per_yr": 0.8180000000000001,
        "up_uncertainty_mm_per_yr": 5.314,
        "east_offset": 2092.569,
        "north_offset": 3064389.8934,
        "up_offset": 2105.1659,
        "east_outlier_fraction": 0.052,
        "north_outlier_fraction": 0.036,
        "up_outlier_fraction": 0.047,
        "east_pair_std_m_per_yr": 0.004414,
        "north_pair_std_m_per_yr": 0.003465,
        "up_pair_std_m_per_yr": 0.022379,
        "assumed_steps": 9,
        "latitude": 27.6927205478,
        "longitude": 85.52121514219999,
        "raw_longitude": -274.4787848578,
        "height_m": 2105.14458
      }
    },
    {
      "type": "Feature",
      "geometry": {
        "type": "Point",
        "coordinates": [
          85.5209187785,
          27.6933921795,
          2110.5586
        ]
      },
      "properties": {
        "station": "NAGR",
        "method": "MIDAS5",
        "reference_frame": "IN",
        "source": "UNR NGL IGS20 MIDAS",
        "first_epoch": 2014.4038,
        "last_epoch": 2026.152,
        "duration_years": 11.7482,
        "n_east": 1855,
        "n_north": 1471,
        "n_up": 2524,
        "east_velocity_m_per_yr": 0.002968,
        "north_velocity_m_per_yr": 0.003986,
        "up_velocity_m_per_yr": 0.001069,
        "east_velocity_mm_per_yr": 2.968,
        "north_velocity_mm_per_yr": 3.9859999999999998,
        "up_velocity_mm_per_yr": 1.0690000000000002,
        "horizontal_speed_mm_per_yr": 4.969629764881887,
        "azimuth_degrees_clockwise_from_north": 36.67159527288413,
        "horizontal_vector_rotation_degrees": 180,
        "original_east_velocity_m_per_yr": -0.002968,
        "original_north_velocity_m_per_yr": -0.003986,
        "original_east_velocity_mm_per_yr": -2.968,
        "original_north_velocity_mm_per_yr": -3.9859999999999998,
        "original_azimuth_degrees_clockwise_from_north": 216.67159527288416,
        "east_uncertainty_m_per_yr": 0.000438,
        "north_uncertainty_m_per_yr": 0.000395,
        "up_uncertainty_m_per_yr": 0.001833,
        "east_uncertainty_mm_per_yr": 0.438,
        "north_uncertainty_mm_per_yr": 0.395,
        "up_uncertainty_mm_per_yr": 1.833,
        "east_offset": 2063.0943,
        "north_offset": 3064464.1249,
        "up_offset": 2110.5501,
        "east_outlier_fraction": 0.112,
        "north_outlier_fraction": 0.093,
        "up_outlier_fraction": 0.101,
        "east_pair_std_m_per_yr": 0.002761,
        "north_pair_std_m_per_yr": 0.002516,
        "up_pair_std_m_per_yr": 0.011608,
        "assumed_steps": 5,
        "latitude": 27.6933921795,
        "longitude": 85.5209187785,
        "raw_longitude": -274.4790812215,
        "height_m": 2110.5586
      }
    },
    {
      "type": "Feature",
      "geometry": {
        "type": "Point",
        "coordinates": [
          85.32772612240001,
          27.6566765598,
          1278.11459
        ]
      },
      "properties": {
        "station": "NAST",
        "method": "MIDAS5",
        "reference_frame": "IN",
        "source": "UNR NGL IGS20 MIDAS",
        "first_epoch": 2014.0479,
        "last_epoch": 2025.9493,
        "duration_years": 11.9014,
        "n_east": 3174,
        "n_north": 2553,
        "n_up": 4287,
        "east_velocity_m_per_yr": 0.00396,
        "north_velocity_m_per_yr": -0.000225,
        "up_velocity_m_per_yr": -0.130841,
        "east_velocity_mm_per_yr": 3.96,
        "north_velocity_mm_per_yr": -0.225,
        "up_velocity_mm_per_yr": -130.841,
        "horizontal_speed_mm_per_yr": 3.9663868948956553,
        "azimuth_degrees_clockwise_from_north": 93.25194560036391,
        "horizontal_vector_rotation_degrees": 180,
        "original_east_velocity_m_per_yr": -0.00396,
        "original_north_velocity_m_per_yr": 0.000225,
        "original_east_velocity_mm_per_yr": -3.96,
        "original_north_velocity_mm_per_yr": 0.225,
        "original_azimuth_degrees_clockwise_from_north": 273.2519456003639,
        "east_uncertainty_m_per_yr": 0.000372,
        "north_uncertainty_m_per_yr": 0.000361,
        "up_uncertainty_m_per_yr": 0.002727,
        "east_uncertainty_mm_per_yr": 0.372,
        "north_uncertainty_mm_per_yr": 0.361,
        "up_uncertainty_mm_per_yr": 2.727,
        "east_offset": 2735.6223,
        "north_offset": 3060395.612,
        "up_offset": 1278.7203,
        "east_outlier_fraction": 0.045,
        "north_outlier_fraction": 0.091,
        "up_outlier_fraction": 0.029,
        "east_pair_std_m_per_yr": 0.003166,
        "north_pair_std_m_per_yr": 0.002994,
        "up_pair_std_m_per_yr": 0.023394,
        "assumed_steps": 5,
        "latitude": 27.6566765598,
        "longitude": 85.32772612240001,
        "raw_longitude": -274.6722738776,
        "height_m": 1278.11459
      }
    },
    {
      "type": "Feature",
      "geometry": {
        "type": "Point",
        "coordinates": [
          81.57467300870002,
          28.1340967034,
          89.20288
        ]
      },
      "properties": {
        "station": "NEPA",
        "method": "MIDAS5",
        "reference_frame": "IN",
        "source": "UNR NGL IGS20 MIDAS",
        "first_epoch": 1996.8433,
        "last_epoch": 1998.4559,
        "duration_years": 1.6126,
        "n_east": 193,
        "n_north": 145,
        "n_up": 145,
        "east_velocity_m_per_yr": 0.000757,
        "north_velocity_m_per_yr": -0.001691,
        "up_velocity_m_per_yr": -0.005939,
        "east_velocity_mm_per_yr": 0.757,
        "north_velocity_mm_per_yr": -1.691,
        "up_velocity_mm_per_yr": -5.939,
        "horizontal_speed_mm_per_yr": 1.8527088276359025,
        "azimuth_degrees_clockwise_from_north": 155.8836508594943,
        "horizontal_vector_rotation_degrees": 180,
        "original_east_velocity_m_per_yr": -0.000757,
        "original_north_velocity_m_per_yr": 0.001691,
        "original_east_velocity_mm_per_yr": -0.757,
        "original_north_velocity_mm_per_yr": 1.691,
        "original_azimuth_degrees_clockwise_from_north": 335.8836508594943,
        "east_uncertainty_m_per_yr": 0.006992,
        "north_uncertainty_m_per_yr": 0.002232,
        "up_uncertainty_m_per_yr": 0.004533,
        "east_uncertainty_mm_per_yr": 6.992,
        "north_uncertainty_mm_per_yr": 2.232,
        "up_uncertainty_mm_per_yr": 4.5329999999999995,
        "east_offset": -2488.1447,
        "north_offset": 3113302.3959,
        "up_offset": 89.2074,
        "east_outlier_fraction": 0.028,
        "north_outlier_fraction": 0.034,
        "up_outlier_fraction": 0.076,
        "east_pair_std_m_per_yr": 0.011041,
        "north_pair_std_m_per_yr": 0.003511,
        "up_pair_std_m_per_yr": 0.006978,
        "assumed_steps": 0,
        "latitude": 28.1340967034,
        "longitude": 81.57467300870002,
        "raw_longitude": -278.4253269913,
        "height_m": 89.20288
      }
    },
    {
      "type": "Feature",
      "geometry": {
        "type": "Point",
        "coordinates": [
          81.61535072890001,
          28.0493497766,
          97.81528
        ]
      },
      "properties": {
        "station": "NEPJ",
        "method": "MIDAS5",
        "reference_frame": "IN",
        "source": "UNR NGL IGS20 MIDAS",
        "first_epoch": 1998.4586,
        "last_epoch": 2000.9199,
        "duration_years": 2.4613,
        "n_east": 434,
        "n_north": 434,
        "n_up": 492,
        "east_velocity_m_per_yr": 0.002234,
        "north_velocity_m_per_yr": 0.001032,
        "up_velocity_m_per_yr": 0.002184,
        "east_velocity_mm_per_yr": 2.234,
        "north_velocity_mm_per_yr": 1.032,
        "up_velocity_mm_per_yr": 2.184,
        "horizontal_speed_mm_per_yr": 2.460849446837413,
        "azimuth_degrees_clockwise_from_north": 65.20534562837611,
        "horizontal_vector_rotation_degrees": 180,
        "original_east_velocity_m_per_yr": -0.002234,
        "original_north_velocity_m_per_yr": -0.001032,
        "original_east_velocity_mm_per_yr": -2.234,
        "original_north_velocity_mm_per_yr": -1.032,
        "original_azimuth_degrees_clockwise_from_north": 245.2053456283761,
        "east_uncertainty_m_per_yr": 0.001197,
        "north_uncertainty_m_per_yr": 0.001136,
        "up_uncertainty_m_per_yr": 0.004795,
        "east_uncertainty_mm_per_yr": 1.1969999999999998,
        "north_uncertainty_mm_per_yr": 1.1360000000000001,
        "up_uncertainty_mm_per_yr": 4.795,
        "east_offset": 1509.2117,
        "north_offset": 3103910.6573,
        "up_offset": 97.8139,
        "east_outlier_fraction": 0.057,
        "north_outlier_fraction": 0.063,
        "up_outlier_fraction": 0.065,
        "east_pair_std_m_per_yr": 0.003429,
        "north_pair_std_m_per_yr": 0.003243,
        "up_pair_std_m_per_yr": 0.013677,
        "assumed_steps": 0,
        "latitude": 28.0493497766,
        "longitude": 81.61535072890001,
        "raw_longitude": -278.3846492711,
        "height_m": 97.81528
      }
    },
    {
      "type": "Feature",
      "geometry": {
        "type": "Point",
        "coordinates": [
          88.00022952760003,
          26.9261083955,
          1479.70708
        ]
      },
      "properties": {
        "station": "NMS2",
        "method": "MIDAS5",
        "reference_frame": "IN",
        "source": "UNR NGL IGS20 MIDAS",
        "first_epoch": 2020.0958,
        "last_epoch": 2025.9932,
        "duration_years": 5.8974,
        "n_east": 721,
        "n_north": 364,
        "n_up": 370,
        "east_velocity_m_per_yr": 0.000698,
        "north_velocity_m_per_yr": 0.001101,
        "up_velocity_m_per_yr": 0.004856,
        "east_velocity_mm_per_yr": 0.6980000000000001,
        "north_velocity_mm_per_yr": 1.101,
        "up_velocity_mm_per_yr": 4.856,
        "horizontal_speed_mm_per_yr": 1.3036122889877957,
        "azimuth_degrees_clockwise_from_north": 32.37343527528316,
        "horizontal_vector_rotation_degrees": 180,
        "original_east_velocity_m_per_yr": -0.000698,
        "original_north_velocity_m_per_yr": -0.001101,
        "original_east_velocity_mm_per_yr": -0.6980000000000001,
        "original_north_velocity_mm_per_yr": -1.101,
        "original_azimuth_degrees_clockwise_from_north": 212.37343527528316,
        "east_uncertainty_m_per_yr": 0.000181,
        "north_uncertainty_m_per_yr": 0.000218,
        "up_uncertainty_m_per_yr": 0.001162,
        "east_uncertainty_mm_per_yr": 0.18100000000000002,
        "north_uncertainty_mm_per_yr": 0.21800000000000003,
        "up_uncertainty_mm_per_yr": 1.1620000000000001,
        "east_offset": 22.6216,
        "north_offset": 2979442.7359,
        "up_offset": 1479.6858,
        "east_outlier_fraction": 0.068,
        "north_outlier_fraction": 0.076,
        "up_outlier_fraction": 0.041,
        "east_pair_std_m_per_yr": 0.000446,
        "north_pair_std_m_per_yr": 0.000536,
        "up_pair_std_m_per_yr": 0.002911,
        "assumed_steps": 2,
        "latitude": 26.9261083955,
        "longitude": 88.00022952760003,
        "raw_longitude": -271.9997704724,
        "height_m": 1479.70708
      }
    },
    {
      "type": "Feature",
      "geometry": {
        "type": "Point",
        "coordinates": [
          81.5953041267,
          28.117175492,
          87.7339
        ]
      },
      "properties": {
        "station": "NPGJ",
        "method": "MIDAS5",
        "reference_frame": "IN",
        "source": "UNR NGL IGS20 MIDAS",
        "first_epoch": 2007.3785,
        "last_epoch": 2022.0999,
        "duration_years": 14.7214,
        "n_east": 4679,
        "n_north": 4058,
        "n_up": 5800,
        "east_velocity_m_per_yr": 0.000922,
        "north_velocity_m_per_yr": 0.000025,
        "up_velocity_m_per_yr": -0.002077,
        "east_velocity_mm_per_yr": 0.9219999999999999,
        "north_velocity_mm_per_yr": 0.025,
        "up_velocity_mm_per_yr": -2.077,
        "horizontal_speed_mm_per_yr": 0.9223388748177104,
        "azimuth_degrees_clockwise_from_north": 88.44680737504012,
        "horizontal_vector_rotation_degrees": 180,
        "original_east_velocity_m_per_yr": -0.000922,
        "original_north_velocity_m_per_yr": -0.000025,
        "original_east_velocity_mm_per_yr": -0.9219999999999999,
        "original_north_velocity_mm_per_yr": -0.025,
        "original_azimuth_degrees_clockwise_from_north": 268.4468073750401,
        "east_uncertainty_m_per_yr": 0.000271,
        "north_uncertainty_m_per_yr": 0.0003,
        "up_uncertainty_m_per_yr": 0.000848,
        "east_uncertainty_mm_per_yr": 0.27099999999999996,
        "north_uncertainty_mm_per_yr": 0.3,
        "up_uncertainty_mm_per_yr": 0.848,
        "east_offset": -461.6881,
        "north_offset": 3111426.9018,
        "up_offset": 87.7494,
        "east_outlier_fraction": 0.07,
        "north_outlier_fraction": 0.066,
        "up_outlier_fraction": 0.107,
        "east_pair_std_m_per_yr": 0.002644,
        "north_pair_std_m_per_yr": 0.002935,
        "up_pair_std_m_per_yr": 0.008121,
        "assumed_steps": 5,
        "latitude": 28.117175492,
        "longitude": 81.5953041267,
        "raw_longitude": -278.4046958733,
        "height_m": 87.7339
      }
    },
    {
      "type": "Feature",
      "geometry": {
        "type": "Point",
        "coordinates": [
          87.39213854619999,
          26.8660903735,
          1995.04747
        ]
      },
      "properties": {
        "station": "ODRE",
        "method": "MIDAS5",
        "reference_frame": "IN",
        "source": "UNR NGL IGS20 MIDAS",
        "first_epoch": 2004.8569,
        "last_epoch": 2019.9754,
        "duration_years": 15.1185,
        "n_east": 3415,
        "n_north": 2723,
        "n_up": 3510,
        "east_velocity_m_per_yr": 0.000554,
        "north_velocity_m_per_yr": 0.000519,
        "up_velocity_m_per_yr": -0.00122,
        "east_velocity_mm_per_yr": 0.554,
        "north_velocity_mm_per_yr": 0.519,
        "up_velocity_mm_per_yr": -1.22,
        "horizontal_speed_mm_per_yr": 0.7591291062790309,
        "azimuth_degrees_clockwise_from_north": 46.86825863299538,
        "horizontal_vector_rotation_degrees": 180,
        "original_east_velocity_m_per_yr": -0.000554,
        "original_north_velocity_m_per_yr": -0.000519,
        "original_east_velocity_mm_per_yr": -0.554,
        "original_north_velocity_mm_per_yr": -0.519,
        "original_azimuth_degrees_clockwise_from_north": 226.86825863299538,
        "east_uncertainty_m_per_yr": 0.000255,
        "north_uncertainty_m_per_yr": 0.000236,
        "up_uncertainty_m_per_yr": 0.000991,
        "east_uncertainty_mm_per_yr": 0.255,
        "north_uncertainty_mm_per_yr": 0.236,
        "up_uncertainty_mm_per_yr": 0.9909999999999999,
        "east_offset": -781.4055,
        "north_offset": 2972792.6054,
        "up_offset": 1995.0531,
        "east_outlier_fraction": 0.175,
        "north_outlier_fraction": 0.14,
        "up_outlier_fraction": 0.052,
        "east_pair_std_m_per_yr": 0.001828,
        "north_pair_std_m_per_yr": 0.001723,
        "up_pair_std_m_per_yr": 0.007602,
        "assumed_steps": 10,
        "latitude": 26.8660903735,
        "longitude": 87.39213854619999,
        "raw_longitude": -272.6078614538,
        "height_m": 1995.04747
      }
    },
    {
      "type": "Feature",
      "geometry": {
        "type": "Point",
        "coordinates": [
          80.0414135519,
          15.497057637,
          -41.30646
        ]
      },
      "properties": {
        "station": "ONG1",
        "method": "MIDAS5",
        "reference_frame": "IN",
        "source": "UNR NGL IGS20 MIDAS",
        "first_epoch": 2012.7173,
        "last_epoch": 2021.681,
        "duration_years": 8.9637,
        "n_east": 2797,
        "n_north": 2797,
        "n_up": 4885,
        "east_velocity_m_per_yr": 0.000103,
        "north_velocity_m_per_yr": 0.000273,
        "up_velocity_m_per_yr": -0.000836,
        "east_velocity_mm_per_yr": 0.103,
        "north_velocity_mm_per_yr": 0.273,
        "up_velocity_mm_per_yr": -0.8360000000000001,
        "horizontal_speed_mm_per_yr": 0.2917841668082763,
        "azimuth_degrees_clockwise_from_north": 20.670958381816263,
        "horizontal_vector_rotation_degrees": 180,
        "original_east_velocity_m_per_yr": -0.000103,
        "original_north_velocity_m_per_yr": -0.000273,
        "original_east_velocity_mm_per_yr": -0.103,
        "original_north_velocity_mm_per_yr": -0.273,
        "original_azimuth_degrees_clockwise_from_north": 200.6709583818163,
        "east_uncertainty_m_per_yr": 0.000202,
        "north_uncertainty_m_per_yr": 0.000217,
        "up_uncertainty_m_per_yr": 0.000775,
        "east_uncertainty_mm_per_yr": 0.202,
        "north_uncertainty_mm_per_yr": 0.217,
        "up_uncertainty_mm_per_yr": 0.775,
        "east_offset": 4443.4038,
        "north_offset": 1713989.4217,
        "up_offset": -41.3025,
        "east_outlier_fraction": 0.064,
        "north_outlier_fraction": 0.066,
        "up_outlier_fraction": 0.056,
        "east_pair_std_m_per_yr": 0.001812,
        "north_pair_std_m_per_yr": 0.00195,
        "up_pair_std_m_per_yr": 0.006998,
        "assumed_steps": 0,
        "latitude": 15.497057637,
        "longitude": 80.0414135519,
        "raw_longitude": -279.9585864481,
        "height_m": -41.30646
      }
    },
    {
      "type": "Feature",
      "geometry": {
        "type": "Point",
        "coordinates": [
          80.70262386259998,
          7.2727545448,
          380.28836
        ]
      },
      "properties": {
        "station": "PALK",
        "method": "MIDAS5",
        "reference_frame": "IN",
        "source": "UNR NGL IGS20 MIDAS",
        "first_epoch": 2009.6537,
        "last_epoch": 2013.3005,
        "duration_years": 3.6468,
        "n_east": 1210,
        "n_north": 876,
        "n_up": 1104,
        "east_velocity_m_per_yr": -0.002705,
        "north_velocity_m_per_yr": -0.000169,
        "up_velocity_m_per_yr": -0.000281,
        "east_velocity_mm_per_yr": -2.705,
        "north_velocity_mm_per_yr": -0.16899999999999998,
        "up_velocity_mm_per_yr": -0.281,
        "horizontal_speed_mm_per_yr": 2.7102741558742727,
        "azimuth_degrees_clockwise_from_north": 266.42498431540986,
        "horizontal_vector_rotation_degrees": 180,
        "original_east_velocity_m_per_yr": 0.002705,
        "original_north_velocity_m_per_yr": 0.000169,
        "original_east_velocity_mm_per_yr": 2.705,
        "original_north_velocity_mm_per_yr": 0.16899999999999998,
        "original_azimuth_degrees_clockwise_from_north": 86.42498431540986,
        "east_uncertainty_m_per_yr": 0.000756,
        "north_uncertainty_m_per_yr": 0.000484,
        "up_uncertainty_m_per_yr": 0.003231,
        "east_uncertainty_mm_per_yr": 0.756,
        "north_uncertainty_mm_per_yr": 0.484,
        "up_uncertainty_mm_per_yr": 3.231,
        "east_offset": 289.6839,
        "north_offset": 804222.7501,
        "up_offset": 380.2887,
        "east_outlier_fraction": 0.048,
        "north_outlier_fraction": 0.053,
        "up_outlier_fraction": 0.034,
        "east_pair_std_m_per_yr": 0.00326,
        "north_pair_std_m_per_yr": 0.002083,
        "up_pair_std_m_per_yr": 0.014027,
        "assumed_steps": 1,
        "latitude": 7.2727545448,
        "longitude": 80.70262386259998,
        "raw_longitude": -279.2973761374,
        "height_m": 380.28836
      }
    },
    {
      "type": "Feature",
      "geometry": {
        "type": "Point",
        "coordinates": [
          92.71224569869997,
          11.6378062053,
          -22.39436
        ]
      },
      "properties": {
        "station": "PBR2",
        "method": "MIDAS5",
        "reference_frame": "IN",
        "source": "UNR NGL IGS20 MIDAS",
        "first_epoch": 2011.3018,
        "last_epoch": 2016.1533,
        "duration_years": 4.8515,
        "n_east": 1708,
        "n_north": 1366,
        "n_up": 2031,
        "east_velocity_m_per_yr": 0.03699,
        "north_velocity_m_per_yr": 0.016935,
        "up_velocity_m_per_yr": 0.018628,
        "east_velocity_mm_per_yr": 36.99,
        "north_velocity_mm_per_yr": 16.935,
        "up_velocity_mm_per_yr": 18.628,
        "horizontal_speed_mm_per_yr": 40.68235889178503,
        "azimuth_degrees_clockwise_from_north": 65.40044081813807,
        "horizontal_vector_rotation_degrees": 180,
        "original_east_velocity_m_per_yr": -0.03699,
        "original_north_velocity_m_per_yr": -0.016935,
        "original_east_velocity_mm_per_yr": -36.99,
        "original_north_velocity_mm_per_yr": -16.935,
        "original_azimuth_degrees_clockwise_from_north": 245.40044081813807,
        "east_uncertainty_m_per_yr": 0.000435,
        "north_uncertainty_m_per_yr": 0.000381,
        "up_uncertainty_m_per_yr": 0.001274,
        "east_uncertainty_mm_per_yr": 0.435,
        "north_uncertainty_mm_per_yr": 0.381,
        "up_uncertainty_mm_per_yr": 1.274,
        "east_offset": 1335.3235,
        "north_offset": 1287018.2261,
        "up_offset": -22.4501,
        "east_outlier_fraction": 0.063,
        "north_outlier_fraction": 0.066,
        "up_outlier_fraction": 0.056,
        "east_pair_std_m_per_yr": 0.002525,
        "north_pair_std_m_per_yr": 0.002205,
        "up_pair_std_m_per_yr": 0.00742,
        "assumed_steps": 1,
        "latitude": 11.6378062053,
        "longitude": 92.71224569869997,
        "raw_longitude": -267.2877543013,
        "height_m": -22.39436
      }
    },
    {
      "type": "Feature",
      "geometry": {
        "type": "Point",
        "coordinates": [
          92.71242855539998,
          11.6374404089,
          -15.62135
        ]
      },
      "properties": {
        "station": "PBR4",
        "method": "MIDAS5",
        "reference_frame": "IN",
        "source": "UNR NGL IGS20 MIDAS",
        "first_epoch": 2021.1964,
        "last_epoch": 2022.5462,
        "duration_years": 1.3498,
        "n_east": 317,
        "n_north": 109,
        "n_up": 109,
        "east_velocity_m_per_yr": 0.027241,
        "north_velocity_m_per_yr": 0.011194,
        "up_velocity_m_per_yr": 0.017848,
        "east_velocity_mm_per_yr": 27.241,
        "north_velocity_mm_per_yr": 11.194,
        "up_velocity_mm_per_yr": 17.848,
        "horizontal_speed_mm_per_yr": 29.451277001176024,
        "azimuth_degrees_clockwise_from_north": 67.66102821072326,
        "horizontal_vector_rotation_degrees": 180,
        "original_east_velocity_m_per_yr": -0.027241,
        "original_north_velocity_m_per_yr": -0.011194,
        "original_east_velocity_mm_per_yr": -27.241,
        "original_north_velocity_mm_per_yr": -11.194,
        "original_azimuth_degrees_clockwise_from_north": 247.66102821072326,
        "east_uncertainty_m_per_yr": 0.001544,
        "north_uncertainty_m_per_yr": 0.00231,
        "up_uncertainty_m_per_yr": 0.005106,
        "east_uncertainty_mm_per_yr": 1.544,
        "north_uncertainty_mm_per_yr": 2.31,
        "up_uncertainty_mm_per_yr": 5.106,
        "east_offset": 1355.266,
        "north_offset": 1286977.7849,
        "up_offset": -15.6411,
        "east_outlier_fraction": 0.083,
        "north_outlier_fraction": 0,
        "up_outlier_fraction": 0.018,
        "east_pair_std_m_per_yr": 0.002053,
        "north_pair_std_m_per_yr": 0.003208,
        "up_pair_std_m_per_yr": 0.007023,
        "assumed_steps": 0,
        "latitude": 11.6374404089,
        "longitude": 92.71242855539998,
        "raw_longitude": -267.2875714446,
        "height_m": -15.62135
      }
    },
    {
      "type": "Feature",
      "geometry": {
        "type": "Point",
        "coordinates": [
          92.7121366179,
          11.6377802038,
          -22.4933
        ]
      },
      "properties": {
        "station": "PBRI",
        "method": "MIDAS5",
        "reference_frame": "IN",
        "source": "UNR NGL IGS20 MIDAS",
        "first_epoch": 2010.6995,
        "last_epoch": 2020.7611,
        "duration_years": 10.0616,
        "n_east": 2612,
        "n_north": 2242,
        "n_up": 4120,
        "east_velocity_m_per_yr": 0.033773,
        "north_velocity_m_per_yr": 0.015636,
        "up_velocity_m_per_yr": 0.017351,
        "east_velocity_mm_per_yr": 33.772999999999996,
        "north_velocity_mm_per_yr": 15.636000000000001,
        "up_velocity_mm_per_yr": 17.351,
        "horizontal_speed_mm_per_yr": 37.21693196651223,
        "azimuth_degrees_clockwise_from_north": 65.15711933888446,
        "horizontal_vector_rotation_degrees": 180,
        "original_east_velocity_m_per_yr": -0.033773,
        "original_north_velocity_m_per_yr": -0.015636,
        "original_east_velocity_mm_per_yr": -33.772999999999996,
        "original_north_velocity_mm_per_yr": -15.636000000000001,
        "original_azimuth_degrees_clockwise_from_north": 245.15711933888446,
        "east_uncertainty_m_per_yr": 0.000483,
        "north_uncertainty_m_per_yr": 0.000295,
        "up_uncertainty_m_per_yr": 0.000941,
        "east_uncertainty_mm_per_yr": 0.483,
        "north_uncertainty_mm_per_yr": 0.29500000000000004,
        "up_uncertainty_mm_per_yr": 0.941,
        "east_offset": 1323.4029,
        "north_offset": 1287015.3051,
        "up_offset": -22.5836,
        "east_outlier_fraction": 0.032,
        "north_outlier_fraction": 0.062,
        "up_outlier_fraction": 0.067,
        "east_pair_std_m_per_yr": 0.004058,
        "north_pair_std_m_per_yr": 0.002441,
        "up_pair_std_m_per_yr": 0.007755,
        "assumed_steps": 3,
        "latitude": 11.6377802038,
        "longitude": 92.7121366179,
        "raw_longitude": -267.2878633821,
        "height_m": -22.4933
      }
    },
    {
      "type": "Feature",
      "geometry": {
        "type": "Point",
        "coordinates": [
          89.43590368809998,
          22.5045733021,
          -47.17056
        ]
      },
      "properties": {
        "station": "PD32",
        "method": "MIDAS5",
        "reference_frame": "IN",
        "source": "UNR NGL IGS20 MIDAS",
        "first_epoch": 2012.8049,
        "last_epoch": 2026.3217,
        "duration_years": 13.5168,
        "n_east": 3962,
        "n_north": 3625,
        "n_up": 6021,
        "east_velocity_m_per_yr": 0.001563,
        "north_velocity_m_per_yr": 0.001285,
        "up_velocity_m_per_yr": -0.007186,
        "east_velocity_mm_per_yr": 1.563,
        "north_velocity_mm_per_yr": 1.285,
        "up_velocity_mm_per_yr": -7.186,
        "horizontal_speed_mm_per_yr": 2.023411475701371,
        "azimuth_degrees_clockwise_from_north": 50.575114114421694,
        "horizontal_vector_rotation_degrees": 180,
        "original_east_velocity_m_per_yr": -0.001563,
        "original_north_velocity_m_per_yr": -0.001285,
        "original_east_velocity_mm_per_yr": -1.563,
        "original_north_velocity_mm_per_yr": -1.285,
        "original_azimuth_degrees_clockwise_from_north": 230.57511411442172,
        "east_uncertainty_m_per_yr": 0.000244,
        "north_uncertainty_m_per_yr": 0.000215,
        "up_uncertainty_m_per_yr": 0.000614,
        "east_uncertainty_mm_per_yr": 0.244,
        "north_uncertainty_mm_per_yr": 0.215,
        "up_uncertainty_mm_per_yr": 0.614,
        "east_offset": 3693.9496,
        "north_offset": 2489673.5039,
        "up_offset": -47.1201,
        "east_outlier_fraction": 0.096,
        "north_outlier_fraction": 0.092,
        "up_outlier_fraction": 0.092,
        "east_pair_std_m_per_yr": 0.00239,
        "north_pair_std_m_per_yr": 0.002117,
        "up_pair_std_m_per_yr": 0.006035,
        "assumed_steps": 3,
        "latitude": 22.5045733021,
        "longitude": 89.43590368809998,
        "raw_longitude": -270.5640963119,
        "height_m": -47.17056
      }
    },
    {
      "type": "Feature",
      "geometry": {
        "type": "Point",
        "coordinates": [
          89.39485062670002,
          26.850120115,
          403.35861
        ]
      },
      "properties": {
        "station": "PHUN",
        "method": "MIDAS5",
        "reference_frame": "IN",
        "source": "UNR NGL IGS20 MIDAS",
        "first_epoch": 2012.6762,
        "last_epoch": 2021.7139,
        "duration_years": 9.0377,
        "n_east": 234,
        "n_north": 212,
        "n_up": 212,
        "east_velocity_m_per_yr": 0.000204,
        "north_velocity_m_per_yr": 0.004583,
        "up_velocity_m_per_yr": 0.010058,
        "east_velocity_mm_per_yr": 0.204,
        "north_velocity_mm_per_yr": 4.583,
        "up_velocity_mm_per_yr": 10.058,
        "horizontal_speed_mm_per_yr": 4.58753801074171,
        "azimuth_degrees_clockwise_from_north": 2.5486861513318786,
        "horizontal_vector_rotation_degrees": 180,
        "original_east_velocity_m_per_yr": -0.000204,
        "original_north_velocity_m_per_yr": -0.004583,
        "original_east_velocity_mm_per_yr": -0.204,
        "original_north_velocity_mm_per_yr": -4.583,
        "original_azimuth_degrees_clockwise_from_north": 182.54868615133188,
        "east_uncertainty_m_per_yr": 0.000868,
        "north_uncertainty_m_per_yr": 0.000932,
        "up_uncertainty_m_per_yr": 0.003718,
        "east_uncertainty_mm_per_yr": 0.868,
        "north_uncertainty_mm_per_yr": 0.9319999999999999,
        "up_uncertainty_mm_per_yr": 3.718,
        "east_offset": -511.7919,
        "north_offset": 2971023.2418,
        "up_offset": 403.3535,
        "east_outlier_fraction": 0.042,
        "north_outlier_fraction": 0.057,
        "up_outlier_fraction": 0.066,
        "east_pair_std_m_per_yr": 0.001644,
        "north_pair_std_m_per_yr": 0.001753,
        "up_pair_std_m_per_yr": 0.006957,
        "assumed_steps": 3,
        "latitude": 26.850120115,
        "longitude": 89.39485062670002,
        "raw_longitude": -270.6051493733,
        "height_m": 403.35861
      }
    },
    {
      "type": "Feature",
      "geometry": {
        "type": "Point",
        "coordinates": [
          96.47236162159999,
          22.0253462605,
          1026.47781
        ]
      },
      "properties": {
        "station": "POL5",
        "method": "MIDAS5",
        "reference_frame": "IN",
        "source": "UNR NGL IGS20 MIDAS",
        "first_epoch": 2019.7043,
        "last_epoch": 2025.7002,
        "duration_years": 5.9959,
        "n_east": 28,
        "n_north": 21,
        "n_up": 26,
        "east_velocity_m_per_yr": 0.015348,
        "north_velocity_m_per_yr": 0.035462,
        "up_velocity_m_per_yr": 0.000682,
        "east_velocity_mm_per_yr": 15.348,
        "north_velocity_mm_per_yr": 35.462,
        "up_velocity_mm_per_yr": 0.6819999999999999,
        "horizontal_speed_mm_per_yr": 38.64084041529118,
        "azimuth_degrees_clockwise_from_north": 23.4030241212879,
        "horizontal_vector_rotation_degrees": 180,
        "original_east_velocity_m_per_yr": -0.015348,
        "original_north_velocity_m_per_yr": -0.035462,
        "original_east_velocity_mm_per_yr": -15.348,
        "original_north_velocity_mm_per_yr": -35.462,
        "original_azimuth_degrees_clockwise_from_north": 203.4030241212879,
        "east_uncertainty_m_per_yr": 0.011752,
        "north_uncertainty_m_per_yr": 0.012889,
        "up_uncertainty_m_per_yr": 0.015329,
        "east_uncertainty_mm_per_yr": 11.752,
        "north_uncertainty_mm_per_yr": 12.889,
        "up_uncertainty_mm_per_yr": 15.329,
        "east_offset": -2853.5238,
        "north_offset": 2436607.0824,
        "up_offset": 1026.4778,
        "east_outlier_fraction": 0,
        "north_outlier_fraction": 0,
        "up_outlier_fraction": 0.077,
        "east_pair_std_m_per_yr": 0.007969,
        "north_pair_std_m_per_yr": 0.00874,
        "up_pair_std_m_per_yr": 0.009986,
        "assumed_steps": 1,
        "latitude": 22.0253462605,
        "longitude": 96.47236162159999,
        "raw_longitude": -263.5276383784,
        "height_m": 1026.47781
      }
    },
    {
      "type": "Feature",
      "geometry": {
        "type": "Point",
        "coordinates": [
          73.88155287479998,
          18.5576670781,
          494.37555
        ]
      },
      "properties": {
        "station": "PUNE",
        "method": "MIDAS5",
        "reference_frame": "IN",
        "source": "UNR NGL IGS20 MIDAS",
        "first_epoch": 2019.7043,
        "last_epoch": 2021.7139,
        "duration_years": 2.0096,
        "n_east": 11,
        "n_north": 11,
        "n_up": 11,
        "east_velocity_m_per_yr": 0.001176,
        "north_velocity_m_per_yr": 0.001929,
        "up_velocity_m_per_yr": 0.006001,
        "east_velocity_mm_per_yr": 1.176,
        "north_velocity_mm_per_yr": 1.929,
        "up_velocity_mm_per_yr": 6.001,
        "horizontal_speed_mm_per_yr": 2.259207161815844,
        "azimuth_degrees_clockwise_from_north": 31.36825201293027,
        "horizontal_vector_rotation_degrees": 180,
        "original_east_velocity_m_per_yr": -0.001176,
        "original_north_velocity_m_per_yr": -0.001929,
        "original_east_velocity_mm_per_yr": -1.176,
        "original_north_velocity_mm_per_yr": -1.929,
        "original_azimuth_degrees_clockwise_from_north": 211.36825201293024,
        "east_uncertainty_m_per_yr": 0.000556,
        "north_uncertainty_m_per_yr": 0.000924,
        "up_uncertainty_m_per_yr": 0.004572,
        "east_uncertainty_mm_per_yr": 0.5559999999999999,
        "north_uncertainty_mm_per_yr": 0.924,
        "up_uncertainty_mm_per_yr": 4.572,
        "east_offset": -1947.486,
        "north_offset": 2052706.4682,
        "up_offset": 494.3665,
        "east_outlier_fraction": 0.182,
        "north_outlier_fraction": 0,
        "up_outlier_fraction": 0.182,
        "east_pair_std_m_per_yr": 0.000222,
        "north_pair_std_m_per_yr": 0.000407,
        "up_pair_std_m_per_yr": 0.001824,
        "assumed_steps": 0,
        "latitude": 18.5576670781,
        "longitude": 73.88155287479998,
        "raw_longitude": -286.1184471252,
        "height_m": 494.37555
      }
    },
    {
      "type": "Feature",
      "geometry": {
        "type": "Point",
        "coordinates": [
          90.38332769639999,
          22.4650187329,
          -37.85256
        ]
      },
      "properties": {
        "station": "PUST",
        "method": "MIDAS5",
        "reference_frame": "IN",
        "source": "UNR NGL IGS20 MIDAS",
        "first_epoch": 2003.4004,
        "last_epoch": 2025.807,
        "duration_years": 22.4066,
        "n_east": 2650,
        "n_north": 2451,
        "n_up": 3620,
        "east_velocity_m_per_yr": 0.000885,
        "north_velocity_m_per_yr": -0.000529,
        "up_velocity_m_per_yr": -0.006702,
        "east_velocity_mm_per_yr": 0.885,
        "north_velocity_mm_per_yr": -0.5289999999999999,
        "up_velocity_mm_per_yr": -6.702,
        "horizontal_speed_mm_per_yr": 1.0310509201780482,
        "azimuth_degrees_clockwise_from_north": 120.86845425883149,
        "horizontal_vector_rotation_degrees": 180,
        "original_east_velocity_m_per_yr": -0.000885,
        "original_north_velocity_m_per_yr": 0.000529,
        "original_east_velocity_mm_per_yr": -0.885,
        "original_north_velocity_mm_per_yr": 0.5289999999999999,
        "original_azimuth_degrees_clockwise_from_north": 300.8684542588315,
        "east_uncertainty_m_per_yr": 0.000233,
        "north_uncertainty_m_per_yr": 0.000243,
        "up_uncertainty_m_per_yr": 0.000871,
        "east_uncertainty_mm_per_yr": 0.23299999999999998,
        "north_uncertainty_mm_per_yr": 0.243,
        "up_uncertainty_mm_per_yr": 0.871,
        "east_offset": -1716.675,
        "north_offset": 2485292.968,
        "up_offset": -37.7324,
        "east_outlier_fraction": 0.046,
        "north_outlier_fraction": 0.058,
        "up_outlier_fraction": 0.083,
        "east_pair_std_m_per_yr": 0.001819,
        "north_pair_std_m_per_yr": 0.001886,
        "up_pair_std_m_per_yr": 0.006673,
        "assumed_steps": 7,
        "latitude": 22.4650187329,
        "longitude": 90.38332769639999,
        "raw_longitude": -269.6166723036,
        "height_m": -37.85256
      }
    },
    {
      "type": "Feature",
      "geometry": {
        "type": "Point",
        "coordinates": [
          82.98671167139997,
          28.101259846,
          1961.97923
        ]
      },
      "properties": {
        "station": "PYUT",
        "method": "MIDAS5",
        "reference_frame": "IN",
        "source": "UNR NGL IGS20 MIDAS",
        "first_epoch": 2011.2416,
        "last_epoch": 2016.5229,
        "duration_years": 5.2813,
        "n_east": 1629,
        "n_north": 954,
        "n_up": 1147,
        "east_velocity_m_per_yr": 0.001876,
        "north_velocity_m_per_yr": 0.001484,
        "up_velocity_m_per_yr": -0.000635,
        "east_velocity_mm_per_yr": 1.8760000000000001,
        "north_velocity_mm_per_yr": 1.484,
        "up_velocity_mm_per_yr": -0.635,
        "horizontal_speed_mm_per_yr": 2.391993311027437,
        "azimuth_degrees_clockwise_from_north": 51.65442504600662,
        "horizontal_vector_rotation_degrees": 180,
        "original_east_velocity_m_per_yr": -0.001876,
        "original_north_velocity_m_per_yr": -0.001484,
        "original_east_velocity_mm_per_yr": -1.8760000000000001,
        "original_north_velocity_mm_per_yr": -1.484,
        "original_azimuth_degrees_clockwise_from_north": 231.6544250460066,
        "east_uncertainty_m_per_yr": 0.000373,
        "north_uncertainty_m_per_yr": 0.000399,
        "up_uncertainty_m_per_yr": 0.001596,
        "east_uncertainty_mm_per_yr": 0.373,
        "north_uncertainty_mm_per_yr": 0.399,
        "up_uncertainty_mm_per_yr": 1.596,
        "east_offset": -1305.954,
        "north_offset": 3109663.2867,
        "up_offset": 1961.9808,
        "east_outlier_fraction": 0.089,
        "north_outlier_fraction": 0.051,
        "up_outlier_fraction": 0.039,
        "east_pair_std_m_per_yr": 0.001604,
        "north_pair_std_m_per_yr": 0.001753,
        "up_pair_std_m_per_yr": 0.007047,
        "assumed_steps": 4,
        "latitude": 28.101259846,
        "longitude": 82.98671167139997,
        "raw_longitude": -277.0132883286,
        "height_m": 1961.97923
      }
    },
    {
      "type": "Feature",
      "geometry": {
        "type": "Point",
        "coordinates": [
          80.7250777909,
          7.2744161929,
          368.23105
        ]
      },
      "properties": {
        "station": "QKNP",
        "method": "MIDAS5",
        "reference_frame": "IN",
        "source": "UNR NGL IGS20 MIDAS",
        "first_epoch": 2022.0014,
        "last_epoch": 2026.371,
        "duration_years": 4.3696,
        "n_east": 1383,
        "n_north": 1383,
        "n_up": 2138,
        "east_velocity_m_per_yr": -0.001366,
        "north_velocity_m_per_yr": -0.000534,
        "up_velocity_m_per_yr": 0.000816,
        "east_velocity_mm_per_yr": -1.366,
        "north_velocity_mm_per_yr": -0.5339999999999999,
        "up_velocity_mm_per_yr": 0.816,
        "horizontal_speed_mm_per_yr": 1.4666669696969385,
        "azimuth_degrees_clockwise_from_north": 248.64835822229236,
        "horizontal_vector_rotation_degrees": 180,
        "original_east_velocity_m_per_yr": 0.001366,
        "original_north_velocity_m_per_yr": 0.000534,
        "original_east_velocity_mm_per_yr": 1.366,
        "original_north_velocity_mm_per_yr": 0.5339999999999999,
        "original_azimuth_degrees_clockwise_from_north": 68.64835822229236,
        "east_uncertainty_m_per_yr": 0.000425,
        "north_uncertainty_m_per_yr": 0.000368,
        "up_uncertainty_m_per_yr": 0.001605,
        "east_uncertainty_mm_per_yr": 0.425,
        "north_uncertainty_mm_per_yr": 0.368,
        "up_uncertainty_mm_per_yr": 1.605,
        "east_offset": 2769.2168,
        "north_offset": 804406.4776,
        "up_offset": 368.2291,
        "east_outlier_fraction": 0.062,
        "north_outlier_fraction": 0.051,
        "up_outlier_fraction": 0.051,
        "east_pair_std_m_per_yr": 0.002531,
        "north_pair_std_m_per_yr": 0.002205,
        "up_pair_std_m_per_yr": 0.009613,
        "assumed_steps": 0,
        "latitude": 7.2744161929,
        "longitude": 80.7250777909,
        "raw_longitude": -279.2749222091,
        "height_m": 368.23105
      }
    },
    {
      "type": "Feature",
      "geometry": {
        "type": "Point",
        "coordinates": [
          88.63801571850001,
          24.3709475703,
          -20.73152
        ]
      },
      "properties": {
        "station": "RAJS",
        "method": "MIDAS5",
        "reference_frame": "IN",
        "source": "UNR NGL IGS20 MIDAS",
        "first_epoch": 2003.3758,
        "last_epoch": 2026.3901,
        "duration_years": 23.0143,
        "n_east": 1061,
        "n_north": 815,
        "n_up": 985,
        "east_velocity_m_per_yr": 0.00218,
        "north_velocity_m_per_yr": 0.000445,
        "up_velocity_m_per_yr": 0.000263,
        "east_velocity_mm_per_yr": 2.18,
        "north_velocity_mm_per_yr": 0.44499999999999995,
        "up_velocity_mm_per_yr": 0.263,
        "horizontal_speed_mm_per_yr": 2.2249550557258457,
        "azimuth_degrees_clockwise_from_north": 78.46280471799747,
        "horizontal_vector_rotation_degrees": 180,
        "original_east_velocity_m_per_yr": -0.00218,
        "original_north_velocity_m_per_yr": -0.000445,
        "original_east_velocity_mm_per_yr": -2.18,
        "original_north_velocity_mm_per_yr": -0.44499999999999995,
        "original_azimuth_degrees_clockwise_from_north": 258.46280471799747,
        "east_uncertainty_m_per_yr": 0.000457,
        "north_uncertainty_m_per_yr": 0.000413,
        "up_uncertainty_m_per_yr": 0.001687,
        "east_uncertainty_mm_per_yr": 0.457,
        "north_uncertainty_mm_per_yr": 0.41300000000000003,
        "up_uncertainty_mm_per_yr": 1.6869999999999998,
        "east_offset": 3856.9058,
        "north_offset": 2696375.0606,
        "up_offset": -20.7323,
        "east_outlier_fraction": 0.047,
        "north_outlier_fraction": 0.066,
        "up_outlier_fraction": 0.176,
        "east_pair_std_m_per_yr": 0.00186,
        "north_pair_std_m_per_yr": 0.001667,
        "up_pair_std_m_per_yr": 0.006393,
        "assumed_steps": 9,
        "latitude": 24.3709475703,
        "longitude": 88.63801571850001,
        "raw_longitude": -271.3619842815,
        "height_m": -20.73152
      }
    },
    {
      "type": "Feature",
      "geometry": {
        "type": "Point",
        "coordinates": [
          89.2215832485,
          25.7640121139,
          0.97429
        ]
      },
      "properties": {
        "station": "RANG",
        "method": "MIDAS5",
        "reference_frame": "IN",
        "source": "UNR NGL IGS20 MIDAS",
        "first_epoch": 2013.6865,
        "last_epoch": 2019.7207,
        "duration_years": 6.0342,
        "n_east": 24,
        "n_north": 19,
        "n_up": 26,
        "east_velocity_m_per_yr": 0.001271,
        "north_velocity_m_per_yr": 0.000639,
        "up_velocity_m_per_yr": -0.004499,
        "east_velocity_mm_per_yr": 1.271,
        "north_velocity_mm_per_yr": 0.639,
        "up_velocity_mm_per_yr": -4.4990000000000006,
        "horizontal_speed_mm_per_yr": 1.4225898917115922,
        "azimuth_degrees_clockwise_from_north": 63.30886589013346,
        "horizontal_vector_rotation_degrees": 180,
        "original_east_velocity_m_per_yr": -0.001271,
        "original_north_velocity_m_per_yr": -0.000639,
        "original_east_velocity_mm_per_yr": -1.271,
        "original_north_velocity_mm_per_yr": -0.639,
        "original_azimuth_degrees_clockwise_from_north": 243.3088658901335,
        "east_uncertainty_m_per_yr": 0.001438,
        "north_uncertainty_m_per_yr": 0.001142,
        "up_uncertainty_m_per_yr": 0.004676,
        "east_uncertainty_mm_per_yr": 1.438,
        "north_uncertainty_mm_per_yr": 1.142,
        "up_uncertainty_mm_per_yr": 4.675999999999999,
        "east_offset": 2165.0049,
        "north_offset": 2850690.2339,
        "up_offset": 0.9951,
        "east_outlier_fraction": 0,
        "north_outlier_fraction": 0,
        "up_outlier_fraction": 0.192,
        "east_pair_std_m_per_yr": 0.000975,
        "north_pair_std_m_per_yr": 0.000774,
        "up_pair_std_m_per_yr": 0.00285,
        "assumed_steps": 2,
        "latitude": 25.7640121139,
        "longitude": 89.2215832485,
        "raw_longitude": -270.7784167515,
        "height_m": 0.97429
      }
    },
    {
      "type": "Feature",
      "geometry": {
        "type": "Point",
        "coordinates": [
          80.38076960069998,
          6.7129897769,
          -3.13229
        ]
      },
      "properties": {
        "station": "RAT2",
        "method": "MIDAS5",
        "reference_frame": "IN",
        "source": "UNR NGL IGS20 MIDAS",
        "first_epoch": 2016.7146,
        "last_epoch": 2024.7009,
        "duration_years": 7.9863,
        "n_east": 19,
        "n_north": 19,
        "n_up": 26,
        "east_velocity_m_per_yr": -0.00187,
        "north_velocity_m_per_yr": -0.000342,
        "up_velocity_m_per_yr": -0.000841,
        "east_velocity_mm_per_yr": -1.8699999999999999,
        "north_velocity_mm_per_yr": -0.342,
        "up_velocity_mm_per_yr": -0.841,
        "horizontal_speed_mm_per_yr": 1.9010165701539796,
        "azimuth_degrees_clockwise_from_north": 259.63584673255576,
        "horizontal_vector_rotation_degrees": 180,
        "original_east_velocity_m_per_yr": 0.00187,
        "original_north_velocity_m_per_yr": 0.000342,
        "original_east_velocity_mm_per_yr": 1.8699999999999999,
        "original_north_velocity_mm_per_yr": 0.342,
        "original_azimuth_degrees_clockwise_from_north": 79.63584673255576,
        "east_uncertainty_m_per_yr": 0.000647,
        "north_uncertainty_m_per_yr": 0.000586,
        "up_uncertainty_m_per_yr": 0.002942,
        "east_uncertainty_mm_per_yr": 0.647,
        "north_uncertainty_mm_per_yr": 0.5860000000000001,
        "up_uncertainty_mm_per_yr": 2.942,
        "east_offset": -2126.4083,
        "north_offset": 742317.7854,
        "up_offset": -3.1293,
        "east_outlier_fraction": 0.231,
        "north_outlier_fraction": 0.115,
        "up_outlier_fraction": 0.192,
        "east_pair_std_m_per_yr": 0.000385,
        "north_pair_std_m_per_yr": 0.000374,
        "up_pair_std_m_per_yr": 0.001793,
        "assumed_steps": 0,
        "latitude": 6.7129897769,
        "longitude": 80.38076960069998,
        "raw_longitude": -279.6192303993,
        "height_m": -3.13229
      }
    },
    {
      "type": "Feature",
      "geometry": {
        "type": "Point",
        "coordinates": [
          89.39230897599998,
          26.8492525049,
          387.56526
        ]
      },
      "properties": {
        "station": "RBIT",
        "method": "MIDAS5",
        "reference_frame": "IN",
        "source": "UNR NGL IGS20 MIDAS",
        "first_epoch": 2003.8111,
        "last_epoch": 2005.9959,
        "duration_years": 2.1848,
        "n_east": 592,
        "n_north": 119,
        "n_up": 119,
        "east_velocity_m_per_yr": -0.007115,
        "north_velocity_m_per_yr": -0.001283,
        "up_velocity_m_per_yr": -0.030423,
        "east_velocity_mm_per_yr": -7.115,
        "north_velocity_mm_per_yr": -1.2830000000000001,
        "up_velocity_mm_per_yr": -30.423,
        "horizontal_speed_mm_per_yr": 7.229752001279159,
        "azimuth_degrees_clockwise_from_north": 259.77808707803337,
        "horizontal_vector_rotation_degrees": 180,
        "original_east_velocity_m_per_yr": 0.007115,
        "original_north_velocity_m_per_yr": 0.001283,
        "original_east_velocity_mm_per_yr": 7.115,
        "original_north_velocity_mm_per_yr": 1.2830000000000001,
        "original_azimuth_degrees_clockwise_from_north": 79.77808707803337,
        "east_uncertainty_m_per_yr": 0.00199,
        "north_uncertainty_m_per_yr": 0.001482,
        "up_uncertainty_m_per_yr": 0.004828,
        "east_uncertainty_mm_per_yr": 1.99,
        "north_uncertainty_mm_per_yr": 1.482,
        "up_uncertainty_mm_per_yr": 4.827999999999999,
        "east_offset": -764.4349,
        "north_offset": 2970927.0854,
        "up_offset": 387.5918,
        "east_outlier_fraction": 0.017,
        "north_outlier_fraction": 0.042,
        "up_outlier_fraction": 0.059,
        "east_pair_std_m_per_yr": 0.002863,
        "north_pair_std_m_per_yr": 0.002104,
        "up_pair_std_m_per_yr": 0.006794,
        "assumed_steps": 2,
        "latitude": 26.8492525049,
        "longitude": 89.39230897599998,
        "raw_longitude": -270.607691024,
        "height_m": 387.56526
      }
    },
    {
      "type": "Feature",
      "geometry": {
        "type": "Point",
        "coordinates": [
          75.78662030380002,
          26.9675104125,
          426.14056
        ]
      },
      "properties": {
        "station": "RGDC",
        "method": "MIDAS5",
        "reference_frame": "IN",
        "source": "UNR NGL IGS20 MIDAS",
        "first_epoch": 2019.7043,
        "last_epoch": 2025.7002,
        "duration_years": 5.9959,
        "n_east": 23,
        "n_north": 23,
        "n_up": 32,
        "east_velocity_m_per_yr": 0.000735,
        "north_velocity_m_per_yr": 0.002054,
        "up_velocity_m_per_yr": -0.094361,
        "east_velocity_mm_per_yr": 0.735,
        "north_velocity_mm_per_yr": 2.054,
        "up_velocity_mm_per_yr": -94.361,
        "horizontal_speed_mm_per_yr": 2.181545553042613,
        "azimuth_degrees_clockwise_from_north": 19.689158011523546,
        "horizontal_vector_rotation_degrees": 180,
        "original_east_velocity_m_per_yr": -0.000735,
        "original_north_velocity_m_per_yr": -0.002054,
        "original_east_velocity_mm_per_yr": -0.735,
        "original_north_velocity_mm_per_yr": -2.054,
        "original_azimuth_degrees_clockwise_from_north": 199.68915801152357,
        "east_uncertainty_m_per_yr": 0.004526,
        "north_uncertainty_m_per_yr": 0.001904,
        "up_uncertainty_m_per_yr": 0.010489,
        "east_uncertainty_mm_per_yr": 4.526,
        "north_uncertainty_mm_per_yr": 1.9040000000000001,
        "up_uncertainty_mm_per_yr": 10.489,
        "east_offset": -1328.4537,
        "north_offset": 2984030.3411,
        "up_offset": 426.3289,
        "east_outlier_fraction": 0.438,
        "north_outlier_fraction": 0.438,
        "up_outlier_fraction": 0.438,
        "east_pair_std_m_per_yr": 0.002554,
        "north_pair_std_m_per_yr": 0.001074,
        "up_pair_std_m_per_yr": 0.005918,
        "assumed_steps": 0,
        "latitude": 26.9675104125,
        "longitude": 75.78662030380002,
        "raw_longitude": -284.2133796962,
        "height_m": 426.14056
      }
    },
    {
      "type": "Feature",
      "geometry": {
        "type": "Point",
        "coordinates": [
          86.55001042790002,
          27.3051259636,
          1343.07516
        ]
      },
      "properties": {
        "station": "RMJT",
        "method": "MIDAS5",
        "reference_frame": "IN",
        "source": "UNR NGL IGS20 MIDAS",
        "first_epoch": 2009.8453,
        "last_epoch": 2021.2129,
        "duration_years": 11.3676,
        "n_east": 2891,
        "n_north": 2203,
        "n_up": 3503,
        "east_velocity_m_per_yr": 0.001205,
        "north_velocity_m_per_yr": 0.006331,
        "up_velocity_m_per_yr": 0.002181,
        "east_velocity_mm_per_yr": 1.2049999999999998,
        "north_velocity_mm_per_yr": 6.3309999999999995,
        "up_velocity_mm_per_yr": 2.181,
        "horizontal_speed_mm_per_yr": 6.444655615314134,
        "azimuth_degrees_clockwise_from_north": 10.776396206081984,
        "horizontal_vector_rotation_degrees": 180,
        "original_east_velocity_m_per_yr": -0.001205,
        "original_north_velocity_m_per_yr": -0.006331,
        "original_east_velocity_mm_per_yr": -1.2049999999999998,
        "original_north_velocity_mm_per_yr": -6.3309999999999995,
        "original_azimuth_degrees_clockwise_from_north": 190.77639620608198,
        "east_uncertainty_m_per_yr": 0.000247,
        "north_uncertainty_m_per_yr": 0.000264,
        "up_uncertainty_m_per_yr": 0.000862,
        "east_uncertainty_mm_per_yr": 0.247,
        "north_uncertainty_mm_per_yr": 0.264,
        "up_uncertainty_mm_per_yr": 0.862,
        "east_offset": -4948.5584,
        "north_offset": 3021439.828,
        "up_offset": 1343.0585,
        "east_outlier_fraction": 0.081,
        "north_outlier_fraction": 0.069,
        "up_outlier_fraction": 0.075,
        "east_pair_std_m_per_yr": 0.001862,
        "north_pair_std_m_per_yr": 0.002001,
        "up_pair_std_m_per_yr": 0.006528,
        "assumed_steps": 7,
        "latitude": 27.3051259636,
        "longitude": 86.55001042790002,
        "raw_longitude": -273.4499895721,
        "height_m": 1343.07516
      }
    },
    {
      "type": "Feature",
      "geometry": {
        "type": "Point",
        "coordinates": [
          86.5970592269,
          26.9909482142,
          2073.54997
        ]
      },
      "properties": {
        "station": "RMTE",
        "method": "MIDAS5",
        "reference_frame": "IN",
        "source": "UNR NGL IGS20 MIDAS",
        "first_epoch": 2008.9774,
        "last_epoch": 2016.1889,
        "duration_years": 7.2115,
        "n_east": 2186,
        "n_north": 1521,
        "n_up": 1770,
        "east_velocity_m_per_yr": 0.002739,
        "north_velocity_m_per_yr": 0.001586,
        "up_velocity_m_per_yr": -0.000479,
        "east_velocity_mm_per_yr": 2.7390000000000003,
        "north_velocity_mm_per_yr": 1.5859999999999999,
        "up_velocity_mm_per_yr": -0.479,
        "horizontal_speed_mm_per_yr": 3.165046129205703,
        "azimuth_degrees_clockwise_from_north": 59.92729440845301,
        "horizontal_vector_rotation_degrees": 180,
        "original_east_velocity_m_per_yr": -0.002739,
        "original_north_velocity_m_per_yr": -0.001586,
        "original_east_velocity_mm_per_yr": -2.7390000000000003,
        "original_north_velocity_mm_per_yr": -1.5859999999999999,
        "original_azimuth_degrees_clockwise_from_north": 239.927294408453,
        "east_uncertainty_m_per_yr": 0.000389,
        "north_uncertainty_m_per_yr": 0.000332,
        "up_uncertainty_m_per_yr": 0.001189,
        "east_uncertainty_mm_per_yr": 0.389,
        "north_uncertainty_mm_per_yr": 0.332,
        "up_uncertainty_mm_per_yr": 1.189,
        "east_offset": -292.0512,
        "north_offset": 2986627.1953,
        "up_offset": 2073.5514,
        "east_outlier_fraction": 0.067,
        "north_outlier_fraction": 0.051,
        "up_outlier_fraction": 0.075,
        "east_pair_std_m_per_yr": 0.002101,
        "north_pair_std_m_per_yr": 0.00181,
        "up_pair_std_m_per_yr": 0.006398,
        "assumed_steps": 7,
        "latitude": 26.9909482142,
        "longitude": 86.5970592269,
        "raw_longitude": -273.4029407731,
        "height_m": 2073.54997
      }
    },
    {
      "type": "Feature",
      "geometry": {
        "type": "Point",
        "coordinates": [
          85.3156473825,
          23.4466372207,
          570.62907
        ]
      },
      "properties": {
        "station": "RNCI",
        "method": "MIDAS5",
        "reference_frame": "IN",
        "source": "UNR NGL IGS20 MIDAS",
        "first_epoch": 2015.7481,
        "last_epoch": 2022.3819,
        "duration_years": 6.6338,
        "n_east": 709,
        "n_north": 709,
        "n_up": 969,
        "east_velocity_m_per_yr": 0.001898,
        "north_velocity_m_per_yr": -0.000584,
        "up_velocity_m_per_yr": -0.001653,
        "east_velocity_mm_per_yr": 1.898,
        "north_velocity_mm_per_yr": -0.584,
        "up_velocity_mm_per_yr": -1.653,
        "horizontal_speed_mm_per_yr": 1.9858146942753747,
        "azimuth_degrees_clockwise_from_north": 107.10272896905235,
        "horizontal_vector_rotation_degrees": 180,
        "original_east_velocity_m_per_yr": -0.001898,
        "original_north_velocity_m_per_yr": 0.000584,
        "original_east_velocity_mm_per_yr": -1.898,
        "original_north_velocity_mm_per_yr": 0.584,
        "original_azimuth_degrees_clockwise_from_north": 287.10272896905235,
        "east_uncertainty_m_per_yr": 0.00039,
        "north_uncertainty_m_per_yr": 0.00018,
        "up_uncertainty_m_per_yr": 0.000758,
        "east_uncertainty_mm_per_yr": 0.39,
        "north_uncertainty_mm_per_yr": 0.18000000000000002,
        "up_uncertainty_mm_per_yr": 0.758,
        "east_offset": 1598.714,
        "north_offset": 2594001.2176,
        "up_offset": 570.6355,
        "east_outlier_fraction": 0.035,
        "north_outlier_fraction": 0.175,
        "up_outlier_fraction": 0.199,
        "east_pair_std_m_per_yr": 0.001584,
        "north_pair_std_m_per_yr": 0.000678,
        "up_pair_std_m_per_yr": 0.002808,
        "assumed_steps": 0,
        "latitude": 23.4466372207,
        "longitude": 85.3156473825,
        "raw_longitude": -274.6843526175,
        "height_m": 570.62907
      }
    },
    {
      "type": "Feature",
      "geometry": {
        "type": "Point",
        "coordinates": [
          92.90638449289997,
          12.5135600847,
          -8.99928
        ]
      },
      "properties": {
        "station": "RNGT",
        "method": "MIDAS5",
        "reference_frame": "IN",
        "source": "UNR NGL IGS20 MIDAS",
        "first_epoch": 2008.0548,
        "last_epoch": 2016.6735,
        "duration_years": 8.6187,
        "n_east": 1044,
        "n_north": 476,
        "n_up": 476,
        "east_velocity_m_per_yr": 0.025202,
        "north_velocity_m_per_yr": 0.004688,
        "up_velocity_m_per_yr": 0.008076,
        "east_velocity_mm_per_yr": 25.201999999999998,
        "north_velocity_mm_per_yr": 4.688000000000001,
        "up_velocity_mm_per_yr": 8.076,
        "horizontal_speed_mm_per_yr": 25.63431582859195,
        "azimuth_degrees_clockwise_from_north": 79.46245155615304,
        "horizontal_vector_rotation_degrees": 180,
        "original_east_velocity_m_per_yr": -0.025202,
        "original_north_velocity_m_per_yr": -0.004688,
        "original_east_velocity_mm_per_yr": -25.201999999999998,
        "original_north_velocity_mm_per_yr": -4.688000000000001,
        "original_azimuth_degrees_clockwise_from_north": 259.46245155615304,
        "east_uncertainty_m_per_yr": 0.002161,
        "north_uncertainty_m_per_yr": 0.002505,
        "up_uncertainty_m_per_yr": 0.004501,
        "east_uncertainty_mm_per_yr": 2.161,
        "north_uncertainty_mm_per_yr": 2.505,
        "up_uncertainty_mm_per_yr": 4.5009999999999994,
        "east_offset": 693.8041,
        "north_offset": 1383896.4856,
        "up_offset": -9.0598,
        "east_outlier_fraction": 0.008,
        "north_outlier_fraction": 0,
        "up_outlier_fraction": 0.046,
        "east_pair_std_m_per_yr": 0.006243,
        "north_pair_std_m_per_yr": 0.007268,
        "up_pair_std_m_per_yr": 0.012754,
        "assumed_steps": 11,
        "latitude": 12.5135600847,
        "longitude": 92.90638449289997,
        "raw_longitude": -267.0936155071,
        "height_m": -8.99928
      }
    },
    {
      "type": "Feature",
      "geometry": {
        "type": "Point",
        "coordinates": [
          90.76319000000001,
          23.036452596,
          -41.65816
        ]
      },
      "properties": {
        "station": "RPUR",
        "method": "MIDAS5",
        "reference_frame": "IN",
        "source": "UNR NGL IGS20 MIDAS",
        "first_epoch": 2007.1622,
        "last_epoch": 2025.911,
        "duration_years": 18.7488,
        "n_east": 2752,
        "n_north": 1964,
        "n_up": 2908,
        "east_velocity_m_per_yr": 0.001037,
        "north_velocity_m_per_yr": 0.000557,
        "up_velocity_m_per_yr": -0.003692,
        "east_velocity_mm_per_yr": 1.037,
        "north_velocity_mm_per_yr": 0.5569999999999999,
        "up_velocity_mm_per_yr": -3.692,
        "horizontal_speed_mm_per_yr": 1.1771227633513845,
        "azimuth_degrees_clockwise_from_north": 61.758583915380086,
        "horizontal_vector_rotation_degrees": 180,
        "original_east_velocity_m_per_yr": -0.001037,
        "original_north_velocity_m_per_yr": -0.000557,
        "original_east_velocity_mm_per_yr": -1.037,
        "original_north_velocity_mm_per_yr": -0.5569999999999999,
        "original_azimuth_degrees_clockwise_from_north": 241.7585839153801,
        "east_uncertainty_m_per_yr": 0.00046,
        "north_uncertainty_m_per_yr": 0.000449,
        "up_uncertainty_m_per_yr": 0.002136,
        "east_uncertainty_mm_per_yr": 0.46,
        "north_uncertainty_mm_per_yr": 0.449,
        "up_uncertainty_mm_per_yr": 2.1359999999999997,
        "east_offset": -3772.9489,
        "north_offset": 2548574.4024,
        "up_offset": -41.6517,
        "east_outlier_fraction": 0.054,
        "north_outlier_fraction": 0.099,
        "up_outlier_fraction": 0.086,
        "east_pair_std_m_per_yr": 0.003206,
        "north_pair_std_m_per_yr": 0.003059,
        "up_pair_std_m_per_yr": 0.014648,
        "assumed_steps": 8,
        "latitude": 23.036452596,
        "longitude": 90.76319000000001,
        "raw_longitude": -269.23681,
        "height_m": -41.65816
      }
    },
    {
      "type": "Feature",
      "geometry": {
        "type": "Point",
        "coordinates": [
          74.03187215719998,
          18.3475934902,
          709.25977
        ]
      },
      "properties": {
        "station": "SASW",
        "method": "MIDAS5",
        "reference_frame": "IN",
        "source": "UNR NGL IGS20 MIDAS",
        "first_epoch": 2022.694,
        "last_epoch": 2025.7002,
        "duration_years": 3.0062,
        "n_east": 14,
        "n_north": 14,
        "n_up": 14,
        "east_velocity_m_per_yr": 0.001328,
        "north_velocity_m_per_yr": 0.000076,
        "up_velocity_m_per_yr": 0.001982,
        "east_velocity_mm_per_yr": 1.328,
        "north_velocity_mm_per_yr": 0.076,
        "up_velocity_mm_per_yr": 1.9819999999999998,
        "horizontal_speed_mm_per_yr": 1.3301729210895854,
        "azimuth_degrees_clockwise_from_north": 86.7245973590799,
        "horizontal_vector_rotation_degrees": 180,
        "original_east_velocity_m_per_yr": -0.001328,
        "original_north_velocity_m_per_yr": -0.000076,
        "original_east_velocity_mm_per_yr": -1.328,
        "original_north_velocity_mm_per_yr": -0.076,
        "original_azimuth_degrees_clockwise_from_north": 266.7245973590799,
        "east_uncertainty_m_per_yr": 0.000822,
        "north_uncertainty_m_per_yr": 0.002612,
        "up_uncertainty_m_per_yr": 0.008656,
        "east_uncertainty_mm_per_yr": 0.8220000000000001,
        "north_uncertainty_mm_per_yr": 2.612,
        "up_uncertainty_mm_per_yr": 8.656,
        "east_offset": 3368.6859,
        "north_offset": 2029454.3575,
        "up_offset": 709.2549,
        "east_outlier_fraction": 0.143,
        "north_outlier_fraction": 0,
        "up_outlier_fraction": 0,
        "east_pair_std_m_per_yr": 0.000379,
        "north_pair_std_m_per_yr": 0.0013,
        "up_pair_std_m_per_yr": 0.004307,
        "assumed_steps": 0,
        "latitude": 18.3475934902,
        "longitude": 74.03187215719998,
        "raw_longitude": -285.9681278428,
        "height_m": 709.25977
      }
    },
    {
      "type": "Feature",
      "geometry": {
        "type": "Point",
        "coordinates": [
          97.09694775240001,
          17.4624110666,
          797.86245
        ]
      },
      "properties": {
        "station": "SATG",
        "method": "MIDAS5",
        "reference_frame": "IN",
        "source": "UNR NGL IGS20 MIDAS",
        "first_epoch": 2011.1102,
        "last_epoch": 2020.9993,
        "duration_years": 9.8891,
        "n_east": 1702,
        "n_north": 1336,
        "n_up": 1788,
        "east_velocity_m_per_yr": 0.013743,
        "north_velocity_m_per_yr": 0.041415,
        "up_velocity_m_per_yr": -0.000718,
        "east_velocity_mm_per_yr": 13.743,
        "north_velocity_mm_per_yr": 41.415,
        "up_velocity_mm_per_yr": -0.718,
        "horizontal_speed_mm_per_yr": 43.63567661902356,
        "azimuth_degrees_clockwise_from_north": 18.357717407617656,
        "horizontal_vector_rotation_degrees": 180,
        "original_east_velocity_m_per_yr": -0.013743,
        "original_north_velocity_m_per_yr": -0.041415,
        "original_east_velocity_mm_per_yr": -13.743,
        "original_north_velocity_mm_per_yr": -41.415,
        "original_azimuth_degrees_clockwise_from_north": 198.35771740761766,
        "east_uncertainty_m_per_yr": 0.000674,
        "north_uncertainty_m_per_yr": 0.000611,
        "up_uncertainty_m_per_yr": 0.003787,
        "east_uncertainty_mm_per_yr": 0.674,
        "north_uncertainty_mm_per_yr": 0.611,
        "up_uncertainty_mm_per_yr": 3.787,
        "east_offset": -324.4567,
        "north_offset": 1931483.072,
        "up_offset": 797.8678,
        "east_outlier_fraction": 0.111,
        "north_outlier_fraction": 0.097,
        "up_outlier_fraction": 0.083,
        "east_pair_std_m_per_yr": 0.003575,
        "north_pair_std_m_per_yr": 0.003266,
        "up_pair_std_m_per_yr": 0.020388,
        "assumed_steps": 3,
        "latitude": 17.4624110666,
        "longitude": 97.09694775240001,
        "raw_longitude": -262.9030522476,
        "height_m": 797.86245
      }
    },
    {
      "type": "Feature",
      "geometry": {
        "type": "Point",
        "coordinates": [
          96.11896210830002,
          22.5864456084,
          80.53211
        ]
      },
      "properties": {
        "station": "SDWN",
        "method": "MIDAS5",
        "reference_frame": "IN",
        "source": "UNR NGL IGS20 MIDAS",
        "first_epoch": 2012.0931,
        "last_epoch": 2020.9993,
        "duration_years": 8.9062,
        "n_east": 2407,
        "n_north": 1776,
        "n_up": 2611,
        "east_velocity_m_per_yr": 0.015054,
        "north_velocity_m_per_yr": 0.034624,
        "up_velocity_m_per_yr": 0.00221,
        "east_velocity_mm_per_yr": 15.054,
        "north_velocity_mm_per_yr": 34.624,
        "up_velocity_mm_per_yr": 2.21,
        "horizontal_speed_mm_per_yr": 37.75505650902936,
        "azimuth_degrees_clockwise_from_north": 23.498686694567766,
        "horizontal_vector_rotation_degrees": 180,
        "original_east_velocity_m_per_yr": -0.015054,
        "original_north_velocity_m_per_yr": -0.034624,
        "original_east_velocity_mm_per_yr": -15.054,
        "original_north_velocity_mm_per_yr": -34.624,
        "original_azimuth_degrees_clockwise_from_north": 203.49868669456777,
        "east_uncertainty_m_per_yr": 0.000391,
        "north_uncertainty_m_per_yr": 0.000381,
        "up_uncertainty_m_per_yr": 0.001278,
        "east_uncertainty_mm_per_yr": 0.391,
        "north_uncertainty_mm_per_yr": 0.381,
        "up_uncertainty_mm_per_yr": 1.278,
        "east_offset": 1949.7369,
        "north_offset": 2498740.0971,
        "up_offset": 80.5162,
        "east_outlier_fraction": 0.049,
        "north_outlier_fraction": 0.144,
        "up_outlier_fraction": 0.2,
        "east_pair_std_m_per_yr": 0.00259,
        "north_pair_std_m_per_yr": 0.002397,
        "up_pair_std_m_per_yr": 0.007768,
        "assumed_steps": 6,
        "latitude": 22.5864456084,
        "longitude": 96.11896210830002,
        "raw_longitude": -263.8810378917,
        "height_m": 80.53211
      }
    },
    {
      "type": "Feature",
      "geometry": {
        "type": "Point",
        "coordinates": [
          79.87417985899998,
          6.8920775572,
          -78.49947
        ]
      },
      "properties": {
        "station": "SGOC",
        "method": "MIDAS5",
        "reference_frame": "IN",
        "source": "UNR NGL IGS20 MIDAS",
        "first_epoch": 2012.3094,
        "last_epoch": 2026.371,
        "duration_years": 14.0616,
        "n_east": 4608,
        "n_north": 4369,
        "n_up": 7049,
        "east_velocity_m_per_yr": -0.001445,
        "north_velocity_m_per_yr": -0.000025,
        "up_velocity_m_per_yr": -0.000462,
        "east_velocity_mm_per_yr": -1.445,
        "north_velocity_mm_per_yr": -0.025,
        "up_velocity_mm_per_yr": -0.462,
        "horizontal_speed_mm_per_yr": 1.4452162467949217,
        "azimuth_degrees_clockwise_from_north": 269.0088224249892,
        "horizontal_vector_rotation_degrees": 180,
        "original_east_velocity_m_per_yr": 0.001445,
        "original_north_velocity_m_per_yr": 0.000025,
        "original_east_velocity_mm_per_yr": 1.445,
        "original_north_velocity_mm_per_yr": 0.025,
        "original_azimuth_degrees_clockwise_from_north": 89.0088224249892,
        "east_uncertainty_m_per_yr": 0.000224,
        "north_uncertainty_m_per_yr": 0.000187,
        "up_uncertainty_m_per_yr": 0.00073,
        "east_uncertainty_mm_per_yr": 0.224,
        "north_uncertainty_mm_per_yr": 0.187,
        "up_uncertainty_mm_per_yr": 0.73,
        "east_offset": -2853.9696,
        "north_offset": 762123.0417,
        "up_offset": -78.4961,
        "east_outlier_fraction": 0.126,
        "north_outlier_fraction": 0.087,
        "up_outlier_fraction": 0.058,
        "east_pair_std_m_per_yr": 0.002343,
        "north_pair_std_m_per_yr": 0.001999,
        "up_pair_std_m_per_yr": 0.007912,
        "assumed_steps": 2,
        "latitude": 6.8920775572,
        "longitude": 79.87417985899998,
        "raw_longitude": -280.125820141,
        "height_m": -78.49947
      }
    },
    {
      "type": "Feature",
      "geometry": {
        "type": "Point",
        "coordinates": [
          91.8847890243,
          25.5657924726,
          1496.63523
        ]
      },
      "properties": {
        "station": "SHIL",
        "method": "MIDAS5",
        "reference_frame": "IN",
        "source": "UNR NGL IGS20 MIDAS",
        "first_epoch": 2019.7043,
        "last_epoch": 2025.7002,
        "duration_years": 5.9959,
        "n_east": 28,
        "n_north": 12,
        "n_up": 12,
        "east_velocity_m_per_yr": -0.000567,
        "north_velocity_m_per_yr": 0.003696,
        "up_velocity_m_per_yr": 0.007206,
        "east_velocity_mm_per_yr": -0.5670000000000001,
        "north_velocity_mm_per_yr": 3.696,
        "up_velocity_mm_per_yr": 7.2059999999999995,
        "horizontal_speed_mm_per_yr": 3.739238558851254,
        "azimuth_degrees_clockwise_from_north": 351.27830220201827,
        "horizontal_vector_rotation_degrees": 180,
        "original_east_velocity_m_per_yr": 0.000567,
        "original_north_velocity_m_per_yr": -0.003696,
        "original_east_velocity_mm_per_yr": 0.5670000000000001,
        "original_north_velocity_mm_per_yr": -3.696,
        "original_azimuth_degrees_clockwise_from_north": 171.27830220201827,
        "east_uncertainty_m_per_yr": 0.000348,
        "north_uncertainty_m_per_yr": 0.003795,
        "up_uncertainty_m_per_yr": 0.008397,
        "east_uncertainty_mm_per_yr": 0.348,
        "north_uncertainty_mm_per_yr": 3.7950000000000004,
        "up_uncertainty_mm_per_yr": 8.397,
        "east_offset": -1528.5485,
        "north_offset": 2828730.953,
        "up_offset": 1496.618,
        "east_outlier_fraction": 0.333,
        "north_outlier_fraction": 0,
        "up_outlier_fraction": 0.167,
        "east_pair_std_m_per_yr": 0.000131,
        "north_pair_std_m_per_yr": 0.001748,
        "up_pair_std_m_per_yr": 0.003531,
        "assumed_steps": 3,
        "latitude": 25.5657924726,
        "longitude": 91.8847890243,
        "raw_longitude": -268.1152109757,
        "height_m": 1496.63523
      }
    },
    {
      "type": "Feature",
      "geometry": {
        "type": "Point",
        "coordinates": [
          91.91330309710003,
          25.6739410661,
          1006.49316
        ]
      },
      "properties": {
        "station": "SHLG",
        "method": "MIDAS5",
        "reference_frame": "IN",
        "source": "UNR NGL IGS20 MIDAS",
        "first_epoch": 2021.5305,
        "last_epoch": 2026.371,
        "duration_years": 4.8405,
        "n_east": 1559,
        "n_north": 1096,
        "n_up": 1596,
        "east_velocity_m_per_yr": 0.001353,
        "north_velocity_m_per_yr": 0.004305,
        "up_velocity_m_per_yr": -0.000796,
        "east_velocity_mm_per_yr": 1.353,
        "north_velocity_mm_per_yr": 4.305,
        "up_velocity_mm_per_yr": -0.796,
        "horizontal_speed_mm_per_yr": 4.512608336649659,
        "azimuth_degrees_clockwise_from_north": 17.447188423282228,
        "horizontal_vector_rotation_degrees": 180,
        "original_east_velocity_m_per_yr": -0.001353,
        "original_north_velocity_m_per_yr": -0.004305,
        "original_east_velocity_mm_per_yr": -1.353,
        "original_north_velocity_mm_per_yr": -4.305,
        "original_azimuth_degrees_clockwise_from_north": 197.4471884232822,
        "east_uncertainty_m_per_yr": 0.000375,
        "north_uncertainty_m_per_yr": 0.000432,
        "up_uncertainty_m_per_yr": 0.001468,
        "east_uncertainty_mm_per_yr": 0.375,
        "north_uncertainty_mm_per_yr": 0.432,
        "up_uncertainty_mm_per_yr": 1.468,
        "east_offset": 1335.4574,
        "north_offset": 2840711.9124,
        "up_offset": 1006.4946,
        "east_outlier_fraction": 0.053,
        "north_outlier_fraction": 0.052,
        "up_outlier_fraction": 0.075,
        "east_pair_std_m_per_yr": 0.00194,
        "north_pair_std_m_per_yr": 0.002236,
        "up_pair_std_m_per_yr": 0.0075,
        "assumed_steps": 3,
        "latitude": 25.6739410661,
        "longitude": 91.91330309710003,
        "raw_longitude": -268.0866969029,
        "height_m": 1006.49316
      }
    },
    {
      "type": "Feature",
      "geometry": {
        "type": "Point",
        "coordinates": [
          84.98521842420001,
          27.1656427596,
          71.91184
        ]
      },
      "properties": {
        "station": "SIM4",
        "method": "MIDAS5",
        "reference_frame": "IN",
        "source": "UNR NGL IGS20 MIDAS",
        "first_epoch": 2004.2327,
        "last_epoch": 2016.3833,
        "duration_years": 12.1506,
        "n_east": 2010,
        "n_north": 1298,
        "n_up": 2145,
        "east_velocity_m_per_yr": 0.00148,
        "north_velocity_m_per_yr": 0.000606,
        "up_velocity_m_per_yr": 0.000299,
        "east_velocity_mm_per_yr": 1.48,
        "north_velocity_mm_per_yr": 0.606,
        "up_velocity_mm_per_yr": 0.299,
        "horizontal_speed_mm_per_yr": 1.5992610793738464,
        "azimuth_degrees_clockwise_from_north": 67.7328896028676,
        "horizontal_vector_rotation_degrees": 180,
        "original_east_velocity_m_per_yr": -0.00148,
        "original_north_velocity_m_per_yr": -0.000606,
        "original_east_velocity_mm_per_yr": -1.48,
        "original_north_velocity_mm_per_yr": -0.606,
        "original_azimuth_degrees_clockwise_from_north": 247.7328896028676,
        "east_uncertainty_m_per_yr": 0.000325,
        "north_uncertainty_m_per_yr": 0.000323,
        "up_uncertainty_m_per_yr": 0.001784,
        "east_uncertainty_mm_per_yr": 0.325,
        "north_uncertainty_mm_per_yr": 0.323,
        "up_uncertainty_mm_per_yr": 1.784,
        "east_offset": -1465.1771,
        "north_offset": 3005984.1394,
        "up_offset": 71.9104,
        "east_outlier_fraction": 0.055,
        "north_outlier_fraction": 0.058,
        "up_outlier_fraction": 0.036,
        "east_pair_std_m_per_yr": 0.001949,
        "north_pair_std_m_per_yr": 0.001929,
        "up_pair_std_m_per_yr": 0.01079,
        "assumed_steps": 9,
        "latitude": 27.1656427596,
        "longitude": 84.98521842420001,
        "raw_longitude": -275.0147815758,
        "height_m": 71.91184
      }
    },
    {
      "type": "Feature",
      "geometry": {
        "type": "Point",
        "coordinates": [
          84.98441601830001,
          27.164633372,
          71.32127
        ]
      },
      "properties": {
        "station": "SIM9",
        "method": "MIDAS5",
        "reference_frame": "IN",
        "source": "UNR NGL IGS20 MIDAS",
        "first_epoch": 1997.9357,
        "last_epoch": 2005.3717,
        "duration_years": 7.436,
        "n_east": 1830,
        "n_north": 1788,
        "n_up": 2623,
        "east_velocity_m_per_yr": 0.001685,
        "north_velocity_m_per_yr": 0.001265,
        "up_velocity_m_per_yr": 0.005372,
        "east_velocity_mm_per_yr": 1.685,
        "north_velocity_mm_per_yr": 1.2650000000000001,
        "up_velocity_mm_per_yr": 5.372,
        "horizontal_speed_mm_per_yr": 2.1070002373042107,
        "azimuth_degrees_clockwise_from_north": 53.10290929520437,
        "horizontal_vector_rotation_degrees": 180,
        "original_east_velocity_m_per_yr": -0.001685,
        "original_north_velocity_m_per_yr": -0.001265,
        "original_east_velocity_mm_per_yr": -1.685,
        "original_north_velocity_mm_per_yr": -1.2650000000000001,
        "original_azimuth_degrees_clockwise_from_north": 233.10290929520437,
        "east_uncertainty_m_per_yr": 0.000491,
        "north_uncertainty_m_per_yr": 0.000468,
        "up_uncertainty_m_per_yr": 0.001804,
        "east_uncertainty_mm_per_yr": 0.491,
        "north_uncertainty_mm_per_yr": 0.46799999999999997,
        "up_uncertainty_mm_per_yr": 1.804,
        "east_offset": -1544.6531,
        "north_offset": 3005872.3528,
        "up_offset": 71.3015,
        "east_outlier_fraction": 0.063,
        "north_outlier_fraction": 0.081,
        "up_outlier_fraction": 0.044,
        "east_pair_std_m_per_yr": 0.003237,
        "north_pair_std_m_per_yr": 0.003055,
        "up_pair_std_m_per_yr": 0.012012,
        "assumed_steps": 3,
        "latitude": 27.164633372,
        "longitude": 84.98441601830001,
        "raw_longitude": -275.0155839817,
        "height_m": 71.32127
      }
    },
    {
      "type": "Feature",
      "geometry": {
        "type": "Point",
        "coordinates": [
          84.98381253939999,
          27.1650779926,
          70.5437
        ]
      },
      "properties": {
        "station": "SIMP",
        "method": "MIDAS5",
        "reference_frame": "IN",
        "source": "UNR NGL IGS20 MIDAS",
        "first_epoch": 1996.9719,
        "last_epoch": 2000.6954,
        "duration_years": 3.7235,
        "n_east": 451,
        "n_north": 63,
        "n_up": 63,
        "east_velocity_m_per_yr": 0.00918,
        "north_velocity_m_per_yr": 0.003667,
        "up_velocity_m_per_yr": -0.023099,
        "east_velocity_mm_per_yr": 9.180000000000001,
        "north_velocity_mm_per_yr": 3.6670000000000003,
        "up_velocity_mm_per_yr": -23.099,
        "horizontal_speed_mm_per_yr": 9.885306722606034,
        "azimuth_degrees_clockwise_from_north": 68.22549802355775,
        "horizontal_vector_rotation_degrees": 180,
        "original_east_velocity_m_per_yr": -0.00918,
        "original_north_velocity_m_per_yr": -0.003667,
        "original_east_velocity_mm_per_yr": -9.180000000000001,
        "original_north_velocity_mm_per_yr": -3.6670000000000003,
        "original_azimuth_degrees_clockwise_from_north": 248.22549802355772,
        "east_uncertainty_m_per_yr": 0.003471,
        "north_uncertainty_m_per_yr": 0.003447,
        "up_uncertainty_m_per_yr": 0.008579,
        "east_uncertainty_mm_per_yr": 3.471,
        "north_uncertainty_mm_per_yr": 3.447,
        "up_uncertainty_mm_per_yr": 8.579,
        "east_offset": -1604.408,
        "north_offset": 3005921.6519,
        "up_offset": 70.6046,
        "east_outlier_fraction": 0.063,
        "north_outlier_fraction": 0.048,
        "up_outlier_fraction": 0.111,
        "east_pair_std_m_per_yr": 0.003546,
        "north_pair_std_m_per_yr": 0.00355,
        "up_pair_std_m_per_yr": 0.008537,
        "assumed_steps": 2,
        "latitude": 27.1650779926,
        "longitude": 84.98381253939999,
        "raw_longitude": -275.0161874606,
        "height_m": 70.5437
      }
    },
    {
      "type": "Feature",
      "geometry": {
        "type": "Point",
        "coordinates": [
          91.66245624589999,
          22.6148276799,
          -33.12322
        ]
      },
      "properties": {
        "station": "SITA",
        "method": "MIDAS5",
        "reference_frame": "IN",
        "source": "UNR NGL IGS20 MIDAS",
        "first_epoch": 2007.1431,
        "last_epoch": 2016.9555,
        "duration_years": 9.8124,
        "n_east": 3021,
        "n_north": 2301,
        "n_up": 3137,
        "east_velocity_m_per_yr": -0.000753,
        "north_velocity_m_per_yr": 0.002189,
        "up_velocity_m_per_yr": -0.003899,
        "east_velocity_mm_per_yr": -0.753,
        "north_velocity_mm_per_yr": 2.189,
        "up_velocity_mm_per_yr": -3.899,
        "horizontal_speed_mm_per_yr": 2.3148930860841066,
        "azimuth_degrees_clockwise_from_north": 341.01715741809767,
        "horizontal_vector_rotation_degrees": 180,
        "original_east_velocity_m_per_yr": 0.000753,
        "original_north_velocity_m_per_yr": -0.002189,
        "original_east_velocity_mm_per_yr": 0.753,
        "original_north_velocity_mm_per_yr": -2.189,
        "original_azimuth_degrees_clockwise_from_north": 161.01715741809767,
        "east_uncertainty_m_per_yr": 0.000517,
        "north_uncertainty_m_per_yr": 0.000299,
        "up_uncertainty_m_per_yr": 0.001316,
        "east_uncertainty_mm_per_yr": 0.517,
        "north_uncertainty_mm_per_yr": 0.299,
        "up_uncertainty_mm_per_yr": 1.3159999999999998,
        "east_offset": -3860.0815,
        "north_offset": 2501882.9536,
        "up_offset": -33.113,
        "east_outlier_fraction": 0.128,
        "north_outlier_fraction": 0.162,
        "up_outlier_fraction": 0.151,
        "east_pair_std_m_per_yr": 0.003598,
        "north_pair_std_m_per_yr": 0.002041,
        "up_pair_std_m_per_yr": 0.00903,
        "assumed_steps": 7,
        "latitude": 22.6148276799,
        "longitude": 91.66245624589999,
        "raw_longitude": -268.3375437541,
        "height_m": -33.12322
      }
    },
    {
      "type": "Feature",
      "geometry": {
        "type": "Point",
        "coordinates": [
          80.03971901210002,
          6.8259892541,
          -48.21455
        ]
      },
      "properties": {
        "station": "SL02",
        "method": "MIDAS5",
        "reference_frame": "IN",
        "source": "UNR NGL IGS20 MIDAS",
        "first_epoch": 2018.9322,
        "last_epoch": 2021.1006,
        "duration_years": 2.1684,
        "n_east": 565,
        "n_north": 565,
        "n_up": 628,
        "east_velocity_m_per_yr": -0.001858,
        "north_velocity_m_per_yr": -0.000703,
        "up_velocity_m_per_yr": -0.002013,
        "east_velocity_mm_per_yr": -1.858,
        "north_velocity_mm_per_yr": -0.703,
        "up_velocity_mm_per_yr": -2.013,
        "horizontal_speed_mm_per_yr": 1.9865480109979725,
        "azimuth_degrees_clockwise_from_north": 249.2751701996849,
        "horizontal_vector_rotation_degrees": 180,
        "original_east_velocity_m_per_yr": 0.001858,
        "original_north_velocity_m_per_yr": 0.000703,
        "original_east_velocity_mm_per_yr": 1.858,
        "original_north_velocity_mm_per_yr": 0.703,
        "original_azimuth_degrees_clockwise_from_north": 69.27517019968491,
        "east_uncertainty_m_per_yr": 0.000781,
        "north_uncertainty_m_per_yr": 0.000578,
        "up_uncertainty_m_per_yr": 0.001775,
        "east_uncertainty_mm_per_yr": 0.781,
        "north_uncertainty_mm_per_yr": 0.578,
        "up_uncertainty_mm_per_yr": 1.7750000000000001,
        "east_offset": 4390.3175,
        "north_offset": 754814.5367,
        "up_offset": -48.2125,
        "east_outlier_fraction": 0.209,
        "north_outlier_fraction": 0.054,
        "up_outlier_fraction": 0.099,
        "east_pair_std_m_per_yr": 0.002314,
        "north_pair_std_m_per_yr": 0.001874,
        "up_pair_std_m_per_yr": 0.005615,
        "assumed_steps": 0,
        "latitude": 6.8259892541,
        "longitude": 80.03971901210002,
        "raw_longitude": -279.9602809879,
        "height_m": -48.21455
      }
    },
    {
      "type": "Feature",
      "geometry": {
        "type": "Point",
        "coordinates": [
          91.83660315729998,
          24.9254864319,
          -21.60962
        ]
      },
      "properties": {
        "station": "SLET",
        "method": "MIDAS5",
        "reference_frame": "IN",
        "source": "UNR NGL IGS20 MIDAS",
        "first_epoch": 2013.0267,
        "last_epoch": 2020.4983,
        "duration_years": 7.4716,
        "n_east": 2278,
        "n_north": 1840,
        "n_up": 2487,
        "east_velocity_m_per_yr": -0.000187,
        "north_velocity_m_per_yr": 0.0045,
        "up_velocity_m_per_yr": -0.00834,
        "east_velocity_mm_per_yr": -0.187,
        "north_velocity_mm_per_yr": 4.5,
        "up_velocity_mm_per_yr": -8.34,
        "horizontal_speed_mm_per_yr": 4.503883768482486,
        "azimuth_degrees_clockwise_from_north": 357.62041116340833,
        "horizontal_vector_rotation_degrees": 180,
        "original_east_velocity_m_per_yr": 0.000187,
        "original_north_velocity_m_per_yr": -0.0045,
        "original_east_velocity_mm_per_yr": 0.187,
        "original_north_velocity_mm_per_yr": -4.5,
        "original_azimuth_degrees_clockwise_from_north": 177.62041116340833,
        "east_uncertainty_m_per_yr": 0.000623,
        "north_uncertainty_m_per_yr": 0.0005,
        "up_uncertainty_m_per_yr": 0.002378,
        "east_uncertainty_mm_per_yr": 0.623,
        "north_uncertainty_mm_per_yr": 0.5,
        "up_uncertainty_mm_per_yr": 2.378,
        "east_offset": 3697.1139,
        "north_offset": 2757799.9765,
        "up_offset": -21.5869,
        "east_outlier_fraction": 0.173,
        "north_outlier_fraction": 0.056,
        "up_outlier_fraction": 0.19,
        "east_pair_std_m_per_yr": 0.003755,
        "north_pair_std_m_per_yr": 0.003219,
        "up_pair_std_m_per_yr": 0.014194,
        "assumed_steps": 5,
        "latitude": 24.9254864319,
        "longitude": 91.83660315729998,
        "raw_longitude": -268.1633968427,
        "height_m": -21.60962
      }
    },
    {
      "type": "Feature",
      "geometry": {
        "type": "Point",
        "coordinates": [
          81.80654166419998,
          29.9693848567,
          3190.95903
        ]
      },
      "properties": {
        "station": "SMKT",
        "method": "MIDAS5",
        "reference_frame": "IN",
        "source": "UNR NGL IGS20 MIDAS",
        "first_epoch": 2008.3723,
        "last_epoch": 2016.5503,
        "duration_years": 8.178,
        "n_east": 2532,
        "n_north": 2116,
        "n_up": 2819,
        "east_velocity_m_per_yr": 0.003662,
        "north_velocity_m_per_yr": 0.013488,
        "up_velocity_m_per_yr": 0.003553,
        "east_velocity_mm_per_yr": 3.662,
        "north_velocity_mm_per_yr": 13.488,
        "up_velocity_mm_per_yr": 3.5530000000000004,
        "horizontal_speed_mm_per_yr": 13.976279476312714,
        "azimuth_degrees_clockwise_from_north": 15.18968057576069,
        "horizontal_vector_rotation_degrees": 180,
        "original_east_velocity_m_per_yr": -0.003662,
        "original_north_velocity_m_per_yr": -0.013488,
        "original_east_velocity_mm_per_yr": -3.662,
        "original_north_velocity_mm_per_yr": -13.488,
        "original_azimuth_degrees_clockwise_from_north": 195.1896805757607,
        "east_uncertainty_m_per_yr": 0.000301,
        "north_uncertainty_m_per_yr": 0.000306,
        "up_uncertainty_m_per_yr": 0.00083,
        "east_uncertainty_mm_per_yr": 0.301,
        "north_uncertainty_mm_per_yr": 0.306,
        "up_uncertainty_mm_per_yr": 0.83,
        "east_offset": 631.2653,
        "north_offset": 3316719.568,
        "up_offset": 3190.9448,
        "east_outlier_fraction": 0.048,
        "north_outlier_fraction": 0.04,
        "up_outlier_fraction": 0.048,
        "east_pair_std_m_per_yr": 0.002076,
        "north_pair_std_m_per_yr": 0.002117,
        "up_pair_std_m_per_yr": 0.005722,
        "assumed_steps": 4,
        "latitude": 29.9693848567,
        "longitude": 81.80654166419998,
        "raw_longitude": -278.1934583358,
        "height_m": 3190.95903
      }
    },
    {
      "type": "Feature",
      "geometry": {
        "type": "Point",
        "coordinates": [
          85.79885870020001,
          27.3848275966,
          2002.72019
        ]
      },
      "properties": {
        "station": "SNDL",
        "method": "MIDAS5",
        "reference_frame": "IN",
        "source": "UNR NGL IGS20 MIDAS",
        "first_epoch": 2011.258,
        "last_epoch": 2021.9274,
        "duration_years": 10.6694,
        "n_east": 3774,
        "n_north": 3398,
        "n_up": 5372,
        "east_velocity_m_per_yr": 0.002314,
        "north_velocity_m_per_yr": 0.002223,
        "up_velocity_m_per_yr": 0.000086,
        "east_velocity_mm_per_yr": 2.314,
        "north_velocity_mm_per_yr": 2.2230000000000003,
        "up_velocity_mm_per_yr": 0.08600000000000001,
        "horizontal_speed_mm_per_yr": 3.208788712271346,
        "azimuth_degrees_clockwise_from_north": 46.14904494732616,
        "horizontal_vector_rotation_degrees": 180,
        "original_east_velocity_m_per_yr": -0.002314,
        "original_north_velocity_m_per_yr": -0.002223,
        "original_east_velocity_mm_per_yr": -2.314,
        "original_north_velocity_mm_per_yr": -2.2230000000000003,
        "original_azimuth_degrees_clockwise_from_north": 226.14904494732616,
        "east_uncertainty_m_per_yr": 0.000168,
        "north_uncertainty_m_per_yr": 0.000176,
        "up_uncertainty_m_per_yr": 0.000567,
        "east_uncertainty_mm_per_yr": 0.16799999999999998,
        "north_uncertainty_mm_per_yr": 0.176,
        "up_uncertainty_mm_per_yr": 0.5670000000000001,
        "east_offset": -113.11,
        "north_offset": 3030271.4369,
        "up_offset": 2002.7196,
        "east_outlier_fraction": 0.069,
        "north_outlier_fraction": 0.068,
        "up_outlier_fraction": 0.067,
        "east_pair_std_m_per_yr": 0.001581,
        "north_pair_std_m_per_yr": 0.001659,
        "up_pair_std_m_per_yr": 0.005341,
        "assumed_steps": 6,
        "latitude": 27.3848275966,
        "longitude": 85.79885870020001,
        "raw_longitude": -274.2011412998,
        "height_m": 2002.72019
      }
    },
    {
      "type": "Feature",
      "geometry": {
        "type": "Point",
        "coordinates": [
          89.8050549257,
          22.2521783743,
          -44.70813
        ]
      },
      "properties": {
        "station": "SNT1",
        "method": "MIDAS5",
        "reference_frame": "IN",
        "source": "UNR NGL IGS20 MIDAS",
        "first_epoch": 2019.5483,
        "last_epoch": 2026.1492,
        "duration_years": 6.6009,
        "n_east": 2192,
        "n_north": 1970,
        "n_up": 2527,
        "east_velocity_m_per_yr": 0.000109,
        "north_velocity_m_per_yr": 0.001307,
        "up_velocity_m_per_yr": -0.000824,
        "east_velocity_mm_per_yr": 0.10900000000000001,
        "north_velocity_mm_per_yr": 1.307,
        "up_velocity_mm_per_yr": -0.824,
        "horizontal_speed_mm_per_yr": 1.3115372659593016,
        "azimuth_degrees_clockwise_from_north": 4.767269613187807,
        "horizontal_vector_rotation_degrees": 180,
        "original_east_velocity_m_per_yr": -0.000109,
        "original_north_velocity_m_per_yr": -0.001307,
        "original_east_velocity_mm_per_yr": -0.10900000000000001,
        "original_north_velocity_mm_per_yr": -1.307,
        "original_azimuth_degrees_clockwise_from_north": 184.7672696131878,
        "east_uncertainty_m_per_yr": 0.000328,
        "north_uncertainty_m_per_yr": 0.000332,
        "up_uncertainty_m_per_yr": 0.001278,
        "east_uncertainty_mm_per_yr": 0.328,
        "north_uncertainty_mm_per_yr": 0.332,
        "up_uncertainty_mm_per_yr": 1.278,
        "east_offset": 520.9295,
        "north_offset": 2461724.585,
        "up_offset": -44.7063,
        "east_outlier_fraction": 0.049,
        "north_outlier_fraction": 0.101,
        "up_outlier_fraction": 0.057,
        "east_pair_std_m_per_yr": 0.002136,
        "north_pair_std_m_per_yr": 0.002104,
        "up_pair_std_m_per_yr": 0.008293,
        "assumed_steps": 3,
        "latitude": 22.2521783743,
        "longitude": 89.8050549257,
        "raw_longitude": -270.1949450743,
        "height_m": -44.70813
      }
    },
    {
      "type": "Feature",
      "geometry": {
        "type": "Point",
        "coordinates": [
          89.80553297239999,
          22.2555686423,
          -52.18446
        ]
      },
      "properties": {
        "station": "SNT2",
        "method": "MIDAS5",
        "reference_frame": "IN",
        "source": "UNR NGL IGS20 MIDAS",
        "first_epoch": 2019.5483,
        "last_epoch": 2026.3819,
        "duration_years": 6.8336,
        "n_east": 1549,
        "n_north": 1379,
        "n_up": 2397,
        "east_velocity_m_per_yr": 0.001473,
        "north_velocity_m_per_yr": -0.00007,
        "up_velocity_m_per_yr": 0.001382,
        "east_velocity_mm_per_yr": 1.4729999999999999,
        "north_velocity_mm_per_yr": -0.06999999999999999,
        "up_velocity_mm_per_yr": 1.382,
        "horizontal_speed_mm_per_yr": 1.474662334231128,
        "azimuth_degrees_clockwise_from_north": 92.72076677760452,
        "horizontal_vector_rotation_degrees": 180,
        "original_east_velocity_m_per_yr": -0.001473,
        "original_north_velocity_m_per_yr": 0.00007,
        "original_east_velocity_mm_per_yr": -1.4729999999999999,
        "original_north_velocity_mm_per_yr": 0.06999999999999999,
        "original_azimuth_degrees_clockwise_from_north": 272.7207667776045,
        "east_uncertainty_m_per_yr": 0.000355,
        "north_uncertainty_m_per_yr": 0.000291,
        "up_uncertainty_m_per_yr": 0.001151,
        "east_uncertainty_mm_per_yr": 0.355,
        "north_uncertainty_mm_per_yr": 0.29100000000000004,
        "up_uncertainty_mm_per_yr": 1.1509999999999998,
        "east_offset": 570.2384,
        "north_offset": 2462100.0332,
        "up_offset": -52.1876,
        "east_outlier_fraction": 0.057,
        "north_outlier_fraction": 0.067,
        "up_outlier_fraction": 0.073,
        "east_pair_std_m_per_yr": 0.002243,
        "north_pair_std_m_per_yr": 0.001828,
        "up_pair_std_m_per_yr": 0.007216,
        "assumed_steps": 2,
        "latitude": 22.2555686423,
        "longitude": 89.80553297239999,
        "raw_longitude": -270.1944670276,
        "height_m": -52.18446
      }
    },
    {
      "type": "Feature",
      "geometry": {
        "type": "Point",
        "coordinates": [
          73.65976968870001,
          17.2332287079,
          39.56263
        ]
      },
      "properties": {
        "station": "SPUR",
        "method": "MIDAS5",
        "reference_frame": "IN",
        "source": "UNR NGL IGS20 MIDAS",
        "first_epoch": 2019.9398,
        "last_epoch": 2022.7296,
        "duration_years": 2.7898,
        "n_east": 927,
        "n_north": 927,
        "n_up": 1130,
        "east_velocity_m_per_yr": 0.000453,
        "north_velocity_m_per_yr": 0.000815,
        "up_velocity_m_per_yr": 0.002388,
        "east_velocity_mm_per_yr": 0.453,
        "north_velocity_mm_per_yr": 0.815,
        "up_velocity_mm_per_yr": 2.388,
        "horizontal_speed_mm_per_yr": 0.9324344480980954,
        "azimuth_degrees_clockwise_from_north": 29.06654071963635,
        "horizontal_vector_rotation_degrees": 180,
        "original_east_velocity_m_per_yr": -0.000453,
        "original_north_velocity_m_per_yr": -0.000815,
        "original_east_velocity_mm_per_yr": -0.453,
        "original_north_velocity_mm_per_yr": -0.815,
        "original_azimuth_degrees_clockwise_from_north": 209.06654071963632,
        "east_uncertainty_m_per_yr": 0.000478,
        "north_uncertainty_m_per_yr": 0.0005,
        "up_uncertainty_m_per_yr": 0.002328,
        "east_uncertainty_mm_per_yr": 0.47800000000000004,
        "north_uncertainty_mm_per_yr": 0.5,
        "up_uncertainty_mm_per_yr": 2.3280000000000003,
        "east_offset": -4278.6841,
        "north_offset": 1906118.6507,
        "up_offset": 39.5596,
        "east_outlier_fraction": 0.083,
        "north_outlier_fraction": 0.043,
        "up_outlier_fraction": 0.045,
        "east_pair_std_m_per_yr": 0.002044,
        "north_pair_std_m_per_yr": 0.002187,
        "up_pair_std_m_per_yr": 0.010169,
        "assumed_steps": 0,
        "latitude": 17.2332287079,
        "longitude": 73.65976968870001,
        "raw_longitude": -286.3402303113,
        "height_m": 39.56263
      }
    },
    {
      "type": "Feature",
      "geometry": {
        "type": "Point",
        "coordinates": [
          91.72658971430002,
          24.3093012771,
          -30.25413
        ]
      },
      "properties": {
        "station": "SRIM",
        "method": "MIDAS5",
        "reference_frame": "IN",
        "source": "UNR NGL IGS20 MIDAS",
        "first_epoch": 2013.0294,
        "last_epoch": 2020.6188,
        "duration_years": 7.5894,
        "n_east": 706,
        "n_north": 262,
        "n_up": 262,
        "east_velocity_m_per_yr": 0.006212,
        "north_velocity_m_per_yr": 0.002642,
        "up_velocity_m_per_yr": -0.004485,
        "east_velocity_mm_per_yr": 6.212,
        "north_velocity_mm_per_yr": 2.642,
        "up_velocity_mm_per_yr": -4.485,
        "horizontal_speed_mm_per_yr": 6.750489463735203,
        "azimuth_degrees_clockwise_from_north": 66.95966624574572,
        "horizontal_vector_rotation_degrees": 180,
        "original_east_velocity_m_per_yr": -0.006212,
        "original_north_velocity_m_per_yr": -0.002642,
        "original_east_velocity_mm_per_yr": -6.212,
        "original_north_velocity_mm_per_yr": -2.642,
        "original_azimuth_degrees_clockwise_from_north": 246.95966624574572,
        "east_uncertainty_m_per_yr": 0.000696,
        "north_uncertainty_m_per_yr": 0.000532,
        "up_uncertainty_m_per_yr": 0.002241,
        "east_uncertainty_mm_per_yr": 0.696,
        "north_uncertainty_mm_per_yr": 0.532,
        "up_uncertainty_mm_per_yr": 2.241,
        "east_offset": 2698.7873,
        "north_offset": 2689546.7728,
        "up_offset": -30.2228,
        "east_outlier_fraction": 0.065,
        "north_outlier_fraction": 0.023,
        "up_outlier_fraction": 0.088,
        "east_pair_std_m_per_yr": 0.001449,
        "north_pair_std_m_per_yr": 0.001132,
        "up_pair_std_m_per_yr": 0.004608,
        "assumed_steps": 5,
        "latitude": 24.3093012771,
        "longitude": 91.72658971430002,
        "raw_longitude": -268.2734102857,
        "height_m": -30.25413
      }
    },
    {
      "type": "Feature",
      "geometry": {
        "type": "Point",
        "coordinates": [
          83.93580734850002,
          28.2602050323,
          1639.49864
        ]
      },
      "properties": {
        "station": "SRNK",
        "method": "MIDAS5",
        "reference_frame": "IN",
        "source": "UNR NGL IGS20 MIDAS",
        "first_epoch": 2005.2868,
        "last_epoch": 2012.4271,
        "duration_years": 7.1403,
        "n_east": 1729,
        "n_north": 460,
        "n_up": 460,
        "east_velocity_m_per_yr": 0.001519,
        "north_velocity_m_per_yr": 0.00533,
        "up_velocity_m_per_yr": 0.003002,
        "east_velocity_mm_per_yr": 1.519,
        "north_velocity_mm_per_yr": 5.33,
        "up_velocity_mm_per_yr": 3.002,
        "horizontal_speed_mm_per_yr": 5.5422252751038545,
        "azimuth_degrees_clockwise_from_north": 15.907054822903092,
        "horizontal_vector_rotation_degrees": 180,
        "original_east_velocity_m_per_yr": -0.001519,
        "original_north_velocity_m_per_yr": -0.00533,
        "original_east_velocity_mm_per_yr": -1.519,
        "original_north_velocity_mm_per_yr": -5.33,
        "original_azimuth_degrees_clockwise_from_north": 195.90705482290312,
        "east_uncertainty_m_per_yr": 0.000613,
        "north_uncertainty_m_per_yr": 0.000947,
        "up_uncertainty_m_per_yr": 0.002013,
        "east_uncertainty_mm_per_yr": 0.6130000000000001,
        "north_uncertainty_mm_per_yr": 0.9470000000000001,
        "up_uncertainty_mm_per_yr": 2.013,
        "east_offset": 3513.4967,
        "north_offset": 3127278.0042,
        "up_offset": 1639.4915,
        "east_outlier_fraction": 0.05,
        "north_outlier_fraction": 0.063,
        "up_outlier_fraction": 0.074,
        "east_pair_std_m_per_yr": 0.001705,
        "north_pair_std_m_per_yr": 0.002616,
        "up_pair_std_m_per_yr": 0.005525,
        "assumed_steps": 8,
        "latitude": 28.2602050323,
        "longitude": 83.93580734850002,
        "raw_longitude": -276.0641926515,
        "height_m": 1639.49864
      }
    },
    {
      "type": "Feature",
      "geometry": {
        "type": "Point",
        "coordinates": [
          91.8950420233,
          24.2819294751,
          -12.62555
        ]
      },
      "properties": {
        "station": "SSPS",
        "method": "MIDAS5",
        "reference_frame": "IN",
        "source": "UNR NGL IGS20 MIDAS",
        "first_epoch": 2018.1191,
        "last_epoch": 2025.8207,
        "duration_years": 7.7016,
        "n_east": 690,
        "n_north": 485,
        "n_up": 553,
        "east_velocity_m_per_yr": 0.003328,
        "north_velocity_m_per_yr": 0.002282,
        "up_velocity_m_per_yr": -0.000315,
        "east_velocity_mm_per_yr": 3.328,
        "north_velocity_mm_per_yr": 2.282,
        "up_velocity_mm_per_yr": -0.315,
        "horizontal_speed_mm_per_yr": 4.0352333265872,
        "azimuth_degrees_clockwise_from_north": 55.56167984680121,
        "horizontal_vector_rotation_degrees": 180,
        "original_east_velocity_m_per_yr": -0.003328,
        "original_north_velocity_m_per_yr": -0.002282,
        "original_east_velocity_mm_per_yr": -3.328,
        "original_north_velocity_mm_per_yr": -2.282,
        "original_azimuth_degrees_clockwise_from_north": 235.5616798468012,
        "east_uncertainty_m_per_yr": 0.000125,
        "north_uncertainty_m_per_yr": 0.000145,
        "up_uncertainty_m_per_yr": 0.000573,
        "east_uncertainty_mm_per_yr": 0.125,
        "north_uncertainty_mm_per_yr": 0.145,
        "up_uncertainty_mm_per_yr": 0.5730000000000001,
        "east_offset": -503.4038,
        "north_offset": 2686515.2139,
        "up_offset": -12.6246,
        "east_outlier_fraction": 0.204,
        "north_outlier_fraction": 0.143,
        "up_outlier_fraction": 0.141,
        "east_pair_std_m_per_yr": 0.000348,
        "north_pair_std_m_per_yr": 0.000421,
        "up_pair_std_m_per_yr": 0.00166,
        "assumed_steps": 1,
        "latitude": 24.2819294751,
        "longitude": 91.8950420233,
        "raw_longitude": -268.1049579767,
        "height_m": -12.62555
      }
    },
    {
      "type": "Feature",
      "geometry": {
        "type": "Point",
        "coordinates": [
          95.71806131340003,
          22.572392556,
          61.63246
        ]
      },
      "properties": {
        "station": "SWBO",
        "method": "MIDAS5",
        "reference_frame": "IN",
        "source": "UNR NGL IGS20 MIDAS",
        "first_epoch": 2012.0767,
        "last_epoch": 2020.9993,
        "duration_years": 8.9226,
        "n_east": 1847,
        "n_north": 1192,
        "n_up": 1959,
        "east_velocity_m_per_yr": 0.011359,
        "north_velocity_m_per_yr": 0.026019,
        "up_velocity_m_per_yr": -0.009788,
        "east_velocity_mm_per_yr": 11.359,
        "north_velocity_mm_per_yr": 26.019000000000002,
        "up_velocity_mm_per_yr": -9.788,
        "horizontal_speed_mm_per_yr": 28.390407570163557,
        "azimuth_degrees_clockwise_from_north": 23.58442555342708,
        "horizontal_vector_rotation_degrees": 180,
        "original_east_velocity_m_per_yr": -0.011359,
        "original_north_velocity_m_per_yr": -0.026019,
        "original_east_velocity_mm_per_yr": -11.359,
        "original_north_velocity_mm_per_yr": -26.019000000000002,
        "original_azimuth_degrees_clockwise_from_north": 203.58442555342705,
        "east_uncertainty_m_per_yr": 0.001103,
        "north_uncertainty_m_per_yr": 0.000606,
        "up_uncertainty_m_per_yr": 0.001304,
        "east_uncertainty_mm_per_yr": 1.103,
        "north_uncertainty_mm_per_yr": 0.606,
        "up_uncertainty_mm_per_yr": 1.304,
        "east_offset": 1857.2367,
        "north_offset": 2497183.8241,
        "up_offset": 61.7049,
        "east_outlier_fraction": 0.007,
        "north_outlier_fraction": 0.044,
        "up_outlier_fraction": 0.218,
        "east_pair_std_m_per_yr": 0.00647,
        "north_pair_std_m_per_yr": 0.003487,
        "up_pair_std_m_per_yr": 0.006786,
        "assumed_steps": 7,
        "latitude": 22.572392556,
        "longitude": 95.71806131340003,
        "raw_longitude": -264.2819386866,
        "height_m": 61.63246
      }
    },
    {
      "type": "Feature",
      "geometry": {
        "type": "Point",
        "coordinates": [
          86.71245892809998,
          27.8142346671,
          3794.24739
        ]
      },
      "properties": {
        "station": "SYBC",
        "method": "MIDAS5",
        "reference_frame": "IN",
        "source": "UNR NGL IGS20 MIDAS",
        "first_epoch": 2008.7584,
        "last_epoch": 2020.627,
        "duration_years": 11.8686,
        "n_east": 3075,
        "n_north": 2544,
        "n_up": 3439,
        "east_velocity_m_per_yr": 0.001682,
        "north_velocity_m_per_yr": 0.013335,
        "up_velocity_m_per_yr": 0.002164,
        "east_velocity_mm_per_yr": 1.682,
        "north_velocity_mm_per_yr": 13.334999999999999,
        "up_velocity_mm_per_yr": 2.164,
        "horizontal_speed_mm_per_yr": 13.440660288839979,
        "azimuth_degrees_clockwise_from_north": 7.188994371083822,
        "horizontal_vector_rotation_degrees": 180,
        "original_east_velocity_m_per_yr": -0.001682,
        "original_north_velocity_m_per_yr": -0.013335,
        "original_east_velocity_mm_per_yr": -1.682,
        "original_north_velocity_mm_per_yr": -13.334999999999999,
        "original_azimuth_degrees_clockwise_from_north": 187.1889943710838,
        "east_uncertainty_m_per_yr": 0.000274,
        "north_uncertainty_m_per_yr": 0.000366,
        "up_uncertainty_m_per_yr": 0.000824,
        "east_uncertainty_mm_per_yr": 0.27399999999999997,
        "north_uncertainty_mm_per_yr": 0.366,
        "up_uncertainty_mm_per_yr": 0.824,
        "east_offset": 1227.3144,
        "north_offset": 3077855.4445,
        "up_offset": 3794.2327,
        "east_outlier_fraction": 0.057,
        "north_outlier_fraction": 0.031,
        "up_outlier_fraction": 0.062,
        "east_pair_std_m_per_yr": 0.002078,
        "north_pair_std_m_per_yr": 0.002807,
        "up_pair_std_m_per_yr": 0.006221,
        "assumed_steps": 9,
        "latitude": 27.8142346671,
        "longitude": 86.71245892809998,
        "raw_longitude": -273.2875410719,
        "height_m": 3794.24739
      }
    },
    {
      "type": "Feature",
      "geometry": {
        "type": "Point",
        "coordinates": [
          93.64941977439997,
          23.3542367773,
          1731.54203
        ]
      },
      "properties": {
        "station": "TEDM",
        "method": "MIDAS5",
        "reference_frame": "IN",
        "source": "UNR NGL IGS20 MIDAS",
        "first_epoch": 2018.8364,
        "last_epoch": 2021.7084,
        "duration_years": 2.872,
        "n_east": 1050,
        "n_north": 506,
        "n_up": 506,
        "east_velocity_m_per_yr": 0.014039,
        "north_velocity_m_per_yr": 0.01472,
        "up_velocity_m_per_yr": 0.001091,
        "east_velocity_mm_per_yr": 14.039,
        "north_velocity_mm_per_yr": 14.72,
        "up_velocity_mm_per_yr": 1.091,
        "horizontal_speed_mm_per_yr": 20.341384441576242,
        "azimuth_degrees_clockwise_from_north": 43.6435155781939,
        "horizontal_vector_rotation_degrees": 180,
        "original_east_velocity_m_per_yr": -0.014039,
        "original_north_velocity_m_per_yr": -0.01472,
        "original_east_velocity_mm_per_yr": -14.039,
        "original_north_velocity_mm_per_yr": -14.72,
        "original_azimuth_degrees_clockwise_from_north": 223.6435155781939,
        "east_uncertainty_m_per_yr": 0.000651,
        "north_uncertainty_m_per_yr": 0.00047,
        "up_uncertainty_m_per_yr": 0.001625,
        "east_uncertainty_mm_per_yr": 0.651,
        "north_uncertainty_mm_per_yr": 0.47,
        "up_uncertainty_mm_per_yr": 1.625,
        "east_offset": 5053.2871,
        "north_offset": 2583768.0354,
        "up_offset": 1731.5406,
        "east_outlier_fraction": 0.067,
        "north_outlier_fraction": 0.075,
        "up_outlier_fraction": 0.115,
        "east_pair_std_m_per_yr": 0.00188,
        "north_pair_std_m_per_yr": 0.001353,
        "up_pair_std_m_per_yr": 0.004575,
        "assumed_steps": 2,
        "latitude": 23.3542367773,
        "longitude": 93.64941977439997,
        "raw_longitude": -266.3505802256,
        "height_m": 1731.54203
      }
    },
    {
      "type": "Feature",
      "geometry": {
        "type": "Point",
        "coordinates": [
          89.63032803089999,
          27.4801009742,
          2381.78987
        ]
      },
      "properties": {
        "station": "THIM",
        "method": "MIDAS5",
        "reference_frame": "IN",
        "source": "UNR NGL IGS20 MIDAS",
        "first_epoch": 2011.4333,
        "last_epoch": 2025.7029,
        "duration_years": 14.2696,
        "n_east": 972,
        "n_north": 708,
        "n_up": 954,
        "east_velocity_m_per_yr": -0.000773,
        "north_velocity_m_per_yr": 0.007547,
        "up_velocity_m_per_yr": -0.004864,
        "east_velocity_mm_per_yr": -0.773,
        "north_velocity_mm_per_yr": 7.547,
        "up_velocity_mm_per_yr": -4.864,
        "horizontal_speed_mm_per_yr": 7.586483902309422,
        "azimuth_degrees_clockwise_from_north": 354.15188463074367,
        "horizontal_vector_rotation_degrees": 180,
        "original_east_velocity_m_per_yr": 0.000773,
        "original_north_velocity_m_per_yr": -0.007547,
        "original_east_velocity_mm_per_yr": 0.773,
        "original_north_velocity_mm_per_yr": -7.547,
        "original_azimuth_degrees_clockwise_from_north": 174.15188463074367,
        "east_uncertainty_m_per_yr": 0.000605,
        "north_uncertainty_m_per_yr": 0.000374,
        "up_uncertainty_m_per_yr": 0.002095,
        "east_uncertainty_mm_per_yr": 0.605,
        "north_uncertainty_mm_per_yr": 0.374,
        "up_uncertainty_mm_per_yr": 2.095,
        "east_offset": 2997.2432,
        "north_offset": 3040828.9433,
        "up_offset": 2381.7995,
        "east_outlier_fraction": 0.038,
        "north_outlier_fraction": 0.062,
        "up_outlier_fraction": 0.066,
        "east_pair_std_m_per_yr": 0.002438,
        "north_pair_std_m_per_yr": 0.001487,
        "up_pair_std_m_per_yr": 0.008316,
        "assumed_steps": 7,
        "latitude": 27.4801009742,
        "longitude": 89.63032803089999,
        "raw_longitude": -270.3696719691,
        "height_m": 2381.78987
      }
    },
    {
      "type": "Feature",
      "geometry": {
        "type": "Point",
        "coordinates": [
          94.60974553070002,
          23.2021246931,
          273.99302
        ]
      },
      "properties": {
        "station": "THKG",
        "method": "MIDAS5",
        "reference_frame": "IN",
        "source": "UNR NGL IGS20 MIDAS",
        "first_epoch": 2018.8392,
        "last_epoch": 2022.4531,
        "duration_years": 3.6139,
        "n_east": 1315,
        "n_north": 768,
        "n_up": 768,
        "east_velocity_m_per_yr": 0.018135,
        "north_velocity_m_per_yr": 0.019632,
        "up_velocity_m_per_yr": 0.000947,
        "east_velocity_mm_per_yr": 18.134999999999998,
        "north_velocity_mm_per_yr": 19.632,
        "up_velocity_mm_per_yr": 0.9470000000000001,
        "horizontal_speed_mm_per_yr": 26.72627263574178,
        "azimuth_degrees_clockwise_from_north": 42.73011083705251,
        "horizontal_vector_rotation_degrees": 180,
        "original_east_velocity_m_per_yr": -0.018135,
        "original_north_velocity_m_per_yr": -0.019632,
        "original_east_velocity_mm_per_yr": -18.134999999999998,
        "original_north_velocity_mm_per_yr": -19.632,
        "original_azimuth_degrees_clockwise_from_north": 222.73011083705254,
        "east_uncertainty_m_per_yr": 0.00056,
        "north_uncertainty_m_per_yr": 0.000475,
        "up_uncertainty_m_per_yr": 0.001544,
        "east_uncertainty_mm_per_yr": 0.5599999999999999,
        "north_uncertainty_mm_per_yr": 0.475,
        "up_uncertainty_mm_per_yr": 1.544,
        "east_offset": 997.6038,
        "north_offset": 2566921.9392,
        "up_offset": 273.9915,
        "east_outlier_fraction": 0.038,
        "north_outlier_fraction": 0.055,
        "up_outlier_fraction": 0.068,
        "east_pair_std_m_per_yr": 0.002024,
        "north_pair_std_m_per_yr": 0.001704,
        "up_pair_std_m_per_yr": 0.005494,
        "assumed_steps": 2,
        "latitude": 23.2021246931,
        "longitude": 94.60974553070002,
        "raw_longitude": -265.3902544693,
        "height_m": 273.99302
      }
    },
    {
      "type": "Feature",
      "geometry": {
        "type": "Point",
        "coordinates": [
          95.15449628760001,
          22.9986436511,
          165.13963
        ]
      },
      "properties": {
        "station": "THKK",
        "method": "MIDAS5",
        "reference_frame": "IN",
        "source": "UNR NGL IGS20 MIDAS",
        "first_epoch": 2018.8446,
        "last_epoch": 2022.8994,
        "duration_years": 4.0548,
        "n_east": 1480,
        "n_north": 531,
        "n_up": 531,
        "east_velocity_m_per_yr": 0.016704,
        "north_velocity_m_per_yr": 0.021412,
        "up_velocity_m_per_yr": -0.00048,
        "east_velocity_mm_per_yr": 16.704,
        "north_velocity_mm_per_yr": 21.412,
        "up_velocity_mm_per_yr": -0.48000000000000004,
        "horizontal_speed_mm_per_yr": 27.156902621617213,
        "azimuth_degrees_clockwise_from_north": 37.95862274327203,
        "horizontal_vector_rotation_degrees": 180,
        "original_east_velocity_m_per_yr": -0.016704,
        "original_north_velocity_m_per_yr": -0.021412,
        "original_east_velocity_mm_per_yr": -16.704,
        "original_north_velocity_mm_per_yr": -21.412,
        "original_azimuth_degrees_clockwise_from_north": 217.95862274327206,
        "east_uncertainty_m_per_yr": 0.000616,
        "north_uncertainty_m_per_yr": 0.000734,
        "up_uncertainty_m_per_yr": 0.001389,
        "east_uncertainty_mm_per_yr": 0.616,
        "north_uncertainty_mm_per_yr": 0.734,
        "up_uncertainty_mm_per_yr": 1.389,
        "east_offset": -4665.2374,
        "north_offset": 2544387.3564,
        "up_offset": 165.14,
        "east_outlier_fraction": 0.296,
        "north_outlier_fraction": 0.023,
        "up_outlier_fraction": 0.072,
        "east_pair_std_m_per_yr": 0.001583,
        "north_pair_std_m_per_yr": 0.002224,
        "up_pair_std_m_per_yr": 0.004101,
        "assumed_steps": 5,
        "latitude": 22.9986436511,
        "longitude": 95.15449628760001,
        "raw_longitude": -264.8455037124,
        "height_m": 165.13963
      }
    },
    {
      "type": "Feature",
      "geometry": {
        "type": "Point",
        "coordinates": [
          89.63484110690001,
          27.4719278873,
          2314.24661
        ]
      },
      "properties": {
        "station": "TIMP",
        "method": "MIDAS5",
        "reference_frame": "IN",
        "source": "UNR NGL IGS20 MIDAS",
        "first_epoch": 2002.3847,
        "last_epoch": 2008.2519,
        "duration_years": 5.8672,
        "n_east": 1752,
        "n_north": 1030,
        "n_up": 1361,
        "east_velocity_m_per_yr": 0.000074,
        "north_velocity_m_per_yr": 0.007137,
        "up_velocity_m_per_yr": -0.002665,
        "east_velocity_mm_per_yr": 0.074,
        "north_velocity_mm_per_yr": 7.1370000000000005,
        "up_velocity_mm_per_yr": -2.665,
        "horizontal_speed_mm_per_yr": 7.137383624270171,
        "azimuth_degrees_clockwise_from_north": 0.5940501269734,
        "horizontal_vector_rotation_degrees": 180,
        "original_east_velocity_m_per_yr": -0.000074,
        "original_north_velocity_m_per_yr": -0.007137,
        "original_east_velocity_mm_per_yr": -0.074,
        "original_north_velocity_mm_per_yr": -7.1370000000000005,
        "original_azimuth_degrees_clockwise_from_north": 180.5940501269734,
        "east_uncertainty_m_per_yr": 0.000573,
        "north_uncertainty_m_per_yr": 0.000455,
        "up_uncertainty_m_per_yr": 0.002457,
        "east_uncertainty_mm_per_yr": 0.5730000000000001,
        "north_uncertainty_mm_per_yr": 0.455,
        "up_uncertainty_mm_per_yr": 2.457,
        "east_offset": 3443.4189,
        "north_offset": 3039923.2028,
        "up_offset": 2314.2579,
        "east_outlier_fraction": 0.044,
        "north_outlier_fraction": 0.054,
        "up_outlier_fraction": 0.065,
        "east_pair_std_m_per_yr": 0.002748,
        "north_pair_std_m_per_yr": 0.002169,
        "up_pair_std_m_per_yr": 0.011654,
        "assumed_steps": 5,
        "latitude": 27.4719278873,
        "longitude": 89.63484110690001,
        "raw_longitude": -270.3651588931,
        "height_m": 2314.24661
      }
    },
    {
      "type": "Feature",
      "geometry": {
        "type": "Point",
        "coordinates": [
          87.70981487649999,
          27.3522424064,
          2508.45258
        ]
      },
      "properties": {
        "station": "TPLJ",
        "method": "MIDAS5",
        "reference_frame": "IN",
        "source": "UNR NGL IGS20 MIDAS",
        "first_epoch": 2004.1889,
        "last_epoch": 2016.46,
        "duration_years": 12.2711,
        "n_east": 2763,
        "n_north": 1511,
        "n_up": 1750,
        "east_velocity_m_per_yr": 0.001101,
        "north_velocity_m_per_yr": 0.004282,
        "up_velocity_m_per_yr": 0.004324,
        "east_velocity_mm_per_yr": 1.101,
        "north_velocity_mm_per_yr": 4.282,
        "up_velocity_mm_per_yr": 4.324,
        "horizontal_speed_mm_per_yr": 4.4212809229905305,
        "azimuth_degrees_clockwise_from_north": 14.419697345721602,
        "horizontal_vector_rotation_degrees": 180,
        "original_east_velocity_m_per_yr": -0.001101,
        "original_north_velocity_m_per_yr": -0.004282,
        "original_east_velocity_mm_per_yr": -1.101,
        "original_north_velocity_mm_per_yr": -4.282,
        "original_azimuth_degrees_clockwise_from_north": 194.41969734572163,
        "east_uncertainty_m_per_yr": 0.000355,
        "north_uncertainty_m_per_yr": 0.000397,
        "up_uncertainty_m_per_yr": 0.001097,
        "east_uncertainty_mm_per_yr": 0.355,
        "north_uncertainty_mm_per_yr": 0.397,
        "up_uncertainty_mm_per_yr": 1.0970000000000002,
        "east_offset": 970.871,
        "north_offset": 3026660.7714,
        "up_offset": 2508.4208,
        "east_outlier_fraction": 0.042,
        "north_outlier_fraction": 0.081,
        "up_outlier_fraction": 0.055,
        "east_pair_std_m_per_yr": 0.001932,
        "north_pair_std_m_per_yr": 0.002117,
        "up_pair_std_m_per_yr": 0.005934,
        "assumed_steps": 11,
        "latitude": 27.3522424064,
        "longitude": 87.70981487649999,
        "raw_longitude": -272.2901851235,
        "height_m": 2508.45258
      }
    },
    {
      "type": "Feature",
      "geometry": {
        "type": "Point",
        "coordinates": [
          76.96911167360003,
          8.4229501066,
          -17.90996
        ]
      },
      "properties": {
        "station": "TRI1",
        "method": "MIDAS5",
        "reference_frame": "IN",
        "source": "UNR NGL IGS20 MIDAS",
        "first_epoch": 2019.7043,
        "last_epoch": 2021.7139,
        "duration_years": 2.0096,
        "n_east": 14,
        "n_north": 14,
        "n_up": 14,
        "east_velocity_m_per_yr": -0.000133,
        "north_velocity_m_per_yr": -0.002145,
        "up_velocity_m_per_yr": 0.002536,
        "east_velocity_mm_per_yr": -0.133,
        "north_velocity_mm_per_yr": -2.145,
        "up_velocity_mm_per_yr": 2.536,
        "horizontal_speed_mm_per_yr": 2.149119354526407,
        "azimuth_degrees_clockwise_from_north": 183.5480631599312,
        "horizontal_vector_rotation_degrees": 180,
        "original_east_velocity_m_per_yr": 0.000133,
        "original_north_velocity_m_per_yr": 0.002145,
        "original_east_velocity_mm_per_yr": 0.133,
        "original_north_velocity_mm_per_yr": 2.145,
        "original_azimuth_degrees_clockwise_from_north": 3.548063159931189,
        "east_uncertainty_m_per_yr": 0.000163,
        "north_uncertainty_m_per_yr": 0.001966,
        "up_uncertainty_m_per_yr": 0.008231,
        "east_uncertainty_mm_per_yr": 0.163,
        "north_uncertainty_mm_per_yr": 1.966,
        "up_uncertainty_mm_per_yr": 8.231,
        "east_offset": -3401.6713,
        "north_offset": 931428.6597,
        "up_offset": -17.9114,
        "east_outlier_fraction": 0.429,
        "north_outlier_fraction": 0.143,
        "up_outlier_fraction": 0,
        "east_pair_std_m_per_yr": 0.000061,
        "north_pair_std_m_per_yr": 0.000906,
        "up_pair_std_m_per_yr": 0.004096,
        "assumed_steps": 0,
        "latitude": 8.4229501066,
        "longitude": 76.96911167360003,
        "raw_longitude": -283.0308883264,
        "height_m": -17.90996
      }
    },
    {
      "type": "Feature",
      "geometry": {
        "type": "Point",
        "coordinates": [
          73.7128475014,
          24.5800467721,
          527.73483
        ]
      },
      "properties": {
        "station": "UDAI",
        "method": "MIDAS5",
        "reference_frame": "IN",
        "source": "UNR NGL IGS20 MIDAS",
        "first_epoch": 2011.0007,
        "last_epoch": 2018.3135,
        "duration_years": 7.3128,
        "n_east": 1333,
        "n_north": 849,
        "n_up": 1126,
        "east_velocity_m_per_yr": 0.000822,
        "north_velocity_m_per_yr": 0.001773,
        "up_velocity_m_per_yr": -0.000142,
        "east_velocity_mm_per_yr": 0.8220000000000001,
        "north_velocity_mm_per_yr": 1.7730000000000001,
        "up_velocity_mm_per_yr": -0.14200000000000002,
        "horizontal_speed_mm_per_yr": 1.9542806860837572,
        "azimuth_degrees_clockwise_from_north": 24.873428504177355,
        "horizontal_vector_rotation_degrees": 180,
        "original_east_velocity_m_per_yr": -0.000822,
        "original_north_velocity_m_per_yr": -0.001773,
        "original_east_velocity_mm_per_yr": -0.8220000000000001,
        "original_north_velocity_mm_per_yr": -1.7730000000000001,
        "original_azimuth_degrees_clockwise_from_north": 204.87342850417738,
        "east_uncertainty_m_per_yr": 0.0004,
        "north_uncertainty_m_per_yr": 0.000457,
        "up_uncertainty_m_per_yr": 0.002396,
        "east_uncertainty_mm_per_yr": 0.4,
        "north_uncertainty_mm_per_yr": 0.457,
        "up_uncertainty_mm_per_yr": 2.396,
        "east_offset": 1301.1469,
        "north_offset": 2719535.8776,
        "up_offset": 527.7357,
        "east_outlier_fraction": 0.078,
        "north_outlier_fraction": 0.044,
        "up_outlier_fraction": 0.037,
        "east_pair_std_m_per_yr": 0.001712,
        "north_pair_std_m_per_yr": 0.001994,
        "up_pair_std_m_per_yr": 0.010489,
        "assumed_steps": 3,
        "latitude": 24.5800467721,
        "longitude": 73.7128475014,
        "raw_longitude": -286.2871524986,
        "height_m": 527.73483
      }
    },
    {
      "type": "Feature",
      "geometry": {
        "type": "Point",
        "coordinates": [
          83.32247521760002,
          17.7249429169,
          -3.12517
        ]
      },
      "properties": {
        "station": "VIS1",
        "method": "MIDAS5",
        "reference_frame": "IN",
        "source": "UNR NGL IGS20 MIDAS",
        "first_epoch": 2012.8214,
        "last_epoch": 2021.9138,
        "duration_years": 9.0924,
        "n_east": 2927,
        "n_north": 2926,
        "n_up": 4750,
        "east_velocity_m_per_yr": 0.00035,
        "north_velocity_m_per_yr": 0.000482,
        "up_velocity_m_per_yr": -0.00143,
        "east_velocity_mm_per_yr": 0.35,
        "north_velocity_mm_per_yr": 0.482,
        "up_velocity_mm_per_yr": -1.4300000000000002,
        "horizontal_speed_mm_per_yr": 0.5956710501610767,
        "azimuth_degrees_clockwise_from_north": 35.98494255145346,
        "horizontal_vector_rotation_degrees": 180,
        "original_east_velocity_m_per_yr": -0.00035,
        "original_north_velocity_m_per_yr": -0.000482,
        "original_east_velocity_mm_per_yr": -0.35,
        "original_north_velocity_mm_per_yr": -0.482,
        "original_azimuth_degrees_clockwise_from_north": 215.98494255145346,
        "east_uncertainty_m_per_yr": 0.000208,
        "north_uncertainty_m_per_yr": 0.000207,
        "up_uncertainty_m_per_yr": 0.000758,
        "east_uncertainty_mm_per_yr": 0.208,
        "north_uncertainty_mm_per_yr": 0.207,
        "up_uncertainty_mm_per_yr": 0.758,
        "east_offset": 2383.6908,
        "north_offset": 1960538.7614,
        "up_offset": -3.1184,
        "east_outlier_fraction": 0.069,
        "north_outlier_fraction": 0.064,
        "up_outlier_fraction": 0.054,
        "east_pair_std_m_per_yr": 0.001839,
        "north_pair_std_m_per_yr": 0.001836,
        "up_pair_std_m_per_yr": 0.006755,
        "assumed_steps": 1,
        "latitude": 17.7249429169,
        "longitude": 83.32247521760002,
        "raw_longitude": -276.6775247824,
        "height_m": -3.12517
      }
    },
    {
      "type": "Feature",
      "geometry": {
        "type": "Point",
        "coordinates": [
          90.3988697922,
          24.4097629979,
          -41.57192
        ]
      },
      "properties": {
        "station": "VLKA",
        "method": "MIDAS5",
        "reference_frame": "IN",
        "source": "UNR NGL IGS20 MIDAS",
        "first_epoch": 2012.8433,
        "last_epoch": 2020.9993,
        "duration_years": 8.156,
        "n_east": 1750,
        "n_north": 1331,
        "n_up": 2148,
        "east_velocity_m_per_yr": 0.000062,
        "north_velocity_m_per_yr": 0.001564,
        "up_velocity_m_per_yr": -0.013412,
        "east_velocity_mm_per_yr": 0.062,
        "north_velocity_mm_per_yr": 1.564,
        "up_velocity_mm_per_yr": -13.412,
        "horizontal_speed_mm_per_yr": 1.5652284178355567,
        "azimuth_degrees_clockwise_from_north": 2.2701274094989685,
        "horizontal_vector_rotation_degrees": 180,
        "original_east_velocity_m_per_yr": -0.000062,
        "original_north_velocity_m_per_yr": -0.001564,
        "original_east_velocity_mm_per_yr": -0.062,
        "original_north_velocity_mm_per_yr": -1.564,
        "original_azimuth_degrees_clockwise_from_north": 182.27012740949894,
        "east_uncertainty_m_per_yr": 0.00052,
        "north_uncertainty_m_per_yr": 0.000356,
        "up_uncertainty_m_per_yr": 0.001433,
        "east_uncertainty_mm_per_yr": 0.5199999999999999,
        "north_uncertainty_mm_per_yr": 0.356,
        "up_uncertainty_mm_per_yr": 1.433,
        "east_offset": -114.9014,
        "north_offset": 2700674.2793,
        "up_offset": -41.4842,
        "east_outlier_fraction": 0.04,
        "north_outlier_fraction": 0.056,
        "up_outlier_fraction": 0.226,
        "east_pair_std_m_per_yr": 0.00314,
        "north_pair_std_m_per_yr": 0.00213,
        "up_pair_std_m_per_yr": 0.00777,
        "assumed_steps": 3,
        "latitude": 24.4097629979,
        "longitude": 90.3988697922,
        "raw_longitude": -269.6011302078,
        "height_m": -41.57192
      }
    },
    {
      "type": "Feature",
      "geometry": {
        "type": "Point",
        "coordinates": [
          96.66716673230002,
          17.4693657846,
          -36.86553
        ]
      },
      "properties": {
        "station": "WAAW",
        "method": "MIDAS5",
        "reference_frame": "IN",
        "source": "UNR NGL IGS20 MIDAS",
        "first_epoch": 2011.1184,
        "last_epoch": 2019.666,
        "duration_years": 8.5476,
        "n_east": 1570,
        "n_north": 1116,
        "n_up": 1539,
        "east_velocity_m_per_yr": 0.013752,
        "north_velocity_m_per_yr": 0.039771,
        "up_velocity_m_per_yr": -0.003854,
        "east_velocity_mm_per_yr": 13.752,
        "north_velocity_mm_per_yr": 39.771,
        "up_velocity_mm_per_yr": -3.8539999999999996,
        "horizontal_speed_mm_per_yr": 42.081467952057,
        "azimuth_degrees_clockwise_from_north": 19.07434085371608,
        "horizontal_vector_rotation_degrees": 180,
        "original_east_velocity_m_per_yr": -0.013752,
        "original_north_velocity_m_per_yr": -0.039771,
        "original_east_velocity_mm_per_yr": -13.752,
        "original_north_velocity_mm_per_yr": -39.771,
        "original_azimuth_degrees_clockwise_from_north": 199.07434085371608,
        "east_uncertainty_m_per_yr": 0.000891,
        "north_uncertainty_m_per_yr": 0.000725,
        "up_uncertainty_m_per_yr": 0.003982,
        "east_uncertainty_mm_per_yr": 0.891,
        "north_uncertainty_mm_per_yr": 0.725,
        "up_uncertainty_mm_per_yr": 3.982,
        "east_offset": -3487.5333,
        "north_offset": 1932252.7395,
        "up_offset": -36.8534,
        "east_outlier_fraction": 0.066,
        "north_outlier_fraction": 0.077,
        "up_outlier_fraction": 0.048,
        "east_pair_std_m_per_yr": 0.004491,
        "north_pair_std_m_per_yr": 0.003631,
        "up_pair_std_m_per_yr": 0.020269,
        "assumed_steps": 3,
        "latitude": 17.4693657846,
        "longitude": 96.66716673230002,
        "raw_longitude": -263.3328332677,
        "height_m": -36.86553
      }
    },
    {
      "type": "Feature",
      "geometry": {
        "type": "Point",
        "coordinates": [
          73.88449927580001,
          17.1229830695,
          515.3962
        ]
      },
      "properties": {
        "station": "WRNA",
        "method": "MIDAS5",
        "reference_frame": "IN",
        "source": "UNR NGL IGS20 MIDAS",
        "first_epoch": 2013.0376,
        "last_epoch": 2022.7296,
        "duration_years": 9.692,
        "n_east": 2847,
        "n_north": 2847,
        "n_up": 4983,
        "east_velocity_m_per_yr": 0.000004,
        "north_velocity_m_per_yr": 0.000535,
        "up_velocity_m_per_yr": -0.000035,
        "east_velocity_mm_per_yr": 0.004,
        "north_velocity_mm_per_yr": 0.535,
        "up_velocity_mm_per_yr": -0.034999999999999996,
        "horizontal_speed_mm_per_yr": 0.5350149530620617,
        "azimuth_degrees_clockwise_from_north": 0.4283716780263376,
        "horizontal_vector_rotation_degrees": 180,
        "original_east_velocity_m_per_yr": -0.000004,
        "original_north_velocity_m_per_yr": -0.000535,
        "original_east_velocity_mm_per_yr": -0.004,
        "original_north_velocity_mm_per_yr": -0.535,
        "original_azimuth_degrees_clockwise_from_north": 180.42837167802637,
        "east_uncertainty_m_per_yr": 0.000278,
        "north_uncertainty_m_per_yr": 0.00026,
        "up_uncertainty_m_per_yr": 0.001164,
        "east_uncertainty_mm_per_yr": 0.27799999999999997,
        "north_uncertainty_mm_per_yr": 0.25999999999999995,
        "up_uncertainty_mm_per_yr": 1.1640000000000001,
        "east_offset": -1649.7104,
        "north_offset": 1893917.5241,
        "up_offset": 515.3964,
        "east_outlier_fraction": 0.09,
        "north_outlier_fraction": 0.103,
        "up_outlier_fraction": 0.071,
        "east_pair_std_m_per_yr": 0.002485,
        "north_pair_std_m_per_yr": 0.00231,
        "up_pair_std_m_per_yr": 0.010525,
        "assumed_steps": 0,
        "latitude": 17.1229830695,
        "longitude": 73.88449927580001,
        "raw_longitude": -286.1155007242,
        "height_m": 515.3962
      }
    },
    {
      "type": "Feature",
      "geometry": {
        "type": "Point",
        "coordinates": [
          85.89964772270002,
          27.7781140315,
          827.40147
        ]
      },
      "properties": {
        "station": "XBAR",
        "method": "MIDAS5",
        "reference_frame": "IN",
        "source": "UNR NGL IGS20 MIDAS",
        "first_epoch": 2015.4689,
        "last_epoch": 2017.4319,
        "duration_years": 1.963,
        "n_east": 632,
        "n_north": 620,
        "n_up": 620,
        "east_velocity_m_per_yr": 0.004747,
        "north_velocity_m_per_yr": 0.024647,
        "up_velocity_m_per_yr": 0.013781,
        "east_velocity_mm_per_yr": 4.747000000000001,
        "north_velocity_mm_per_yr": 24.647,
        "up_velocity_mm_per_yr": 13.781,
        "horizontal_speed_mm_per_yr": 25.099972470104426,
        "azimuth_degrees_clockwise_from_north": 10.901649539992832,
        "horizontal_vector_rotation_degrees": 180,
        "original_east_velocity_m_per_yr": -0.004747,
        "original_north_velocity_m_per_yr": -0.024647,
        "original_east_velocity_mm_per_yr": -4.747000000000001,
        "original_north_velocity_mm_per_yr": -24.647,
        "original_azimuth_degrees_clockwise_from_north": 190.9016495399928,
        "east_uncertainty_m_per_yr": 0.000693,
        "north_uncertainty_m_per_yr": 0.000974,
        "up_uncertainty_m_per_yr": 0.002873,
        "east_uncertainty_mm_per_yr": 0.6930000000000001,
        "north_uncertainty_mm_per_yr": 0.9740000000000001,
        "up_uncertainty_mm_per_yr": 2.873,
        "east_offset": -34.7512,
        "north_offset": 3073852.8516,
        "up_offset": 827.3886,
        "east_outlier_fraction": 0.053,
        "north_outlier_fraction": 0.116,
        "up_outlier_fraction": 0.089,
        "east_pair_std_m_per_yr": 0.002231,
        "north_pair_std_m_per_yr": 0.003033,
        "up_pair_std_m_per_yr": 0.009083,
        "assumed_steps": 0,
        "latitude": 27.7781140315,
        "longitude": 85.89964772270002,
        "raw_longitude": -274.1003522773,
        "height_m": 827.40147
      }
    },
    {
      "type": "Feature",
      "geometry": {
        "type": "Point",
        "coordinates": [
          85.53732041580002,
          27.556759097,
          1443.7502
        ]
      },
      "properties": {
        "station": "XYAK",
        "method": "MIDAS5",
        "reference_frame": "IN",
        "source": "UNR NGL IGS20 MIDAS",
        "first_epoch": 2015.4606,
        "last_epoch": 2017.5441,
        "duration_years": 2.0835,
        "n_east": 761,
        "n_north": 761,
        "n_up": 793,
        "east_velocity_m_per_yr": 0.002595,
        "north_velocity_m_per_yr": 0.004624,
        "up_velocity_m_per_yr": -0.002532,
        "east_velocity_mm_per_yr": 2.595,
        "north_velocity_mm_per_yr": 4.624,
        "up_velocity_mm_per_yr": -2.532,
        "horizontal_speed_mm_per_yr": 5.302395779268085,
        "azimuth_degrees_clockwise_from_north": 29.301245945118353,
        "horizontal_vector_rotation_degrees": 180,
        "original_east_velocity_m_per_yr": -0.002595,
        "original_north_velocity_m_per_yr": -0.004624,
        "original_east_velocity_mm_per_yr": -2.595,
        "original_north_velocity_mm_per_yr": -4.624,
        "original_azimuth_degrees_clockwise_from_north": 209.30124594511832,
        "east_uncertainty_m_per_yr": 0.000437,
        "north_uncertainty_m_per_yr": 0.000456,
        "up_uncertainty_m_per_yr": 0.001698,
        "east_uncertainty_mm_per_yr": 0.437,
        "north_uncertainty_mm_per_yr": 0.456,
        "up_uncertainty_mm_per_yr": 1.6980000000000002,
        "east_offset": 3685.7777,
        "north_offset": 3049323.5803,
        "up_offset": 1443.7529,
        "east_outlier_fraction": 0.061,
        "north_outlier_fraction": 0.066,
        "up_outlier_fraction": 0.053,
        "east_pair_std_m_per_yr": 0.001585,
        "north_pair_std_m_per_yr": 0.00165,
        "up_pair_std_m_per_yr": 0.00619,
        "assumed_steps": 0,
        "latitude": 27.556759097,
        "longitude": 85.53732041580002,
        "raw_longitude": -274.4626795842,
        "height_m": 1443.7502
      }
    }
  ]
}
