{"type": "FeatureCollection", "features": [{"type": "Feature", "geometry": {"type": "Point", "coordinates": [80.4099538374, 8.3289973109]}, "properties": {"station": "AA03", "magnitude": 3.04, "azimuth": 254.52, "type": "anchor"}}, {"type": "Feature", "geometry": {"type": "LineString", "coordinates": [[80.4099538374, 8.3289973109], [80.2928338374, 8.2965573109]]}, "properties": {"station": "AA03", "magnitude": 3.04, "azimuth": 254.52, "type": "vector"}}, {"type": "Feature", "geometry": {"type": "Point", "coordinates": [80.2928338374, 8.2965573109]}, "properties": {"station": "AA03", "magnitude": 3.04, "azimuth": 254.52, "type": "head"}}, {"type": "Feature", "geometry": {"type": "Point", "coordinates": [81.22960589360002, 8.5705144193]}, "properties": {"station": "AA05", "magnitude": 1.72, "azimuth": 202.59, "type": "anchor"}}, {"type": "Feature", "geometry": {"type": "LineString", "coordinates": [[81.22960589360002, 8.5705144193], [81.20312589360002, 8.5068744193]]}, "properties": {"station": "AA05", "magnitude": 1.72, "azimuth": 202.59, "type": "vector"}}, {"type": "Feature", "geometry": {"type": "Point", "coordinates": [81.20312589360002, 8.5068744193]}, "properties": {"station": "AA05", "magnitude": 1.72, "azimuth": 202.59, "type": "head"}}, {"type": "Feature", "geometry": {"type": "Point", "coordinates": [80.54462081269997, 5.9567426425]}, "properties": {"station": "AA09", "magnitude": 4.77, "azimuth": 215.5, "type": "anchor"}}, {"type": "Feature", "geometry": {"type": "LineString", "coordinates": [[80.54462081269997, 5.9567426425], [80.43378081269998, 5.8013426425]]}, "properties": {"station": "AA09", "magnitude": 4.77, "azimuth": 215.5, "type": "vector"}}, {"type": "Feature", "geometry": {"type": "Point", "coordinates": [80.43378081269998, 5.8013426425]}, "properties": {"station": "AA09", "magnitude": 4.77, "azimuth": 215.5, "type": "head"}}, {"type": "Feature", "geometry": {"type": "Point", "coordinates": [91.73943262670002, 26.3159435177]}, "properties": {"station": "ABNG", "magnitude": 6.2, "azimuth": 0.46, "type": "anchor"}}, {"type": "Feature", "geometry": {"type": "LineString", "coordinates": [[91.73943262670002, 26.3159435177], [91.74143262670002, 26.5637835177]]}, "properties": {"station": "ABNG", "magnitude": 6.2, "azimuth": 0.46, "type": "vector"}}, {"type": "Feature", "geometry": {"type": "Point", "coordinates": [91.74143262670002, 26.5637835177]}, "properties": {"station": "ABNG", "magnitude": 6.2, "azimuth": 0.46, "type": "head"}}, {"type": "Feature", "geometry": {"type": "Point", "coordinates": [73.15014823169997, -0.6905889894]}, "properties": {"station": "ADDU", "magnitude": 1.02, "azimuth": 277.69, "type": "anchor"}}, {"type": "Feature", "geometry": {"type": "LineString", "coordinates": [[73.15014823169997, -0.6905889894], [73.10958823169997, -0.6851089894]]}, "properties": {"station": "ADDU", "magnitude": 1.02, "azimuth": 277.69, "type": "vector"}}, {"type": "Feature", "geometry": {"type": "Point", "coordinates": [73.10958823169997, -0.6851089894]}, "properties": {"station": "ADDU", "magnitude": 1.02, "azimuth": 277.69, "type": "head"}}, {"type": "Feature", "geometry": {"type": "Point", "coordinates": [87.4498210438, 26.1185807768]}, "properties": {"station": "ARA3", "magnitude": 1.46, "azimuth": 25.44, "type": "anchor"}}, {"type": "Feature", "geometry": {"type": "LineString", "coordinates": [[87.4498210438, 26.1185807768], [87.4749010438, 26.1713007768]]}, "properties": {"station": "ARA3", "magnitude": 1.46, "azimuth": 25.44, "type": "vector"}}, {"type": "Feature", "geometry": {"type": "Point", "coordinates": [87.4749010438, 26.1713007768]}, "properties": {"station": "ARA3", "magnitude": 1.46, "azimuth": 25.44, "type": "head"}}, {"type": "Feature", "geometry": {"type": "Point", "coordinates": [73.76796918849999, 17.2884442618]}, "properties": {"station": "ATOL", "magnitude": 0.94, "azimuth": 18.28, "type": "anchor"}}, {"type": "Feature", "geometry": {"type": "LineString", "coordinates": [[73.76796918849999, 17.2884442618], [73.77976918849998, 17.3241642618]]}, "properties": {"station": "ATOL", "magnitude": 0.94, "azimuth": 18.28, "type": "vector"}}, {"type": "Feature", "geometry": {"type": "Point", "coordinates": [73.77976918849998, 17.3241642618]}, "properties": {"station": "ATOL", "magnitude": 0.94, "azimuth": 18.28, "type": "head"}}, {"type": "Feature", "geometry": {"type": "Point", "coordinates": [80.20449711409998, 6.9576734876]}, "properties": {"station": "AWIS", "magnitude": 1.94, "azimuth": 271.57, "type": "anchor"}}, {"type": "Feature", "geometry": {"type": "LineString", "coordinates": [[80.20449711409998, 6.9576734876], [80.12693711409997, 6.9597934876]]}, "properties": {"station": "AWIS", "magnitude": 1.94, "azimuth": 271.57, "type": "vector"}}, {"type": "Feature", "geometry": {"type": "Point", "coordinates": [80.12693711409997, 6.9597934876]}, "properties": {"station": "AWIS", "magnitude": 1.94, "azimuth": 271.57, "type": "head"}}, {"type": "Feature", "geometry": {"type": "Point", "coordinates": [92.19185881840002, 23.161652304]}, "properties": {"station": "BAGH", "magnitude": 5.75, "azimuth": 66.47, "type": "anchor"}}, {"type": "Feature", "geometry": {"type": "LineString", "coordinates": [[92.19185881840002, 23.161652304], [92.40265881840003, 23.253452304]]}, "properties": {"station": "BAGH", "magnitude": 5.75, "azimuth": 66.47, "type": "vector"}}, {"type": "Feature", "geometry": {"type": "Point", "coordinates": [92.40265881840003, 23.253452304]}, "properties": {"station": "BAGH", "magnitude": 5.75, "azimuth": 66.47, "type": "head"}}, {"type": "Feature", "geometry": {"type": "Point", "coordinates": [77.51161817309998, 13.0343196425]}, "properties": {"station": "BAN2", "magnitude": 1.16, "azimuth": 275.86, "type": "anchor"}}, {"type": "Feature", "geometry": {"type": "LineString", "coordinates": [[77.51161817309998, 13.0343196425], [77.46565817309998, 13.0390396425]]}, "properties": {"station": "BAN2", "magnitude": 1.16, "azimuth": 275.86, "type": "vector"}}, {"type": "Feature", "geometry": {"type": "Point", "coordinates": [77.46565817309998, 13.0390396425]}, "properties": {"station": "BAN2", "magnitude": 1.16, "azimuth": 275.86, "type": "head"}}, {"type": "Feature", "geometry": {"type": "Point", "coordinates": [77.62299605769999, 12.9254006239]}, "properties": {"station": "BANG", "magnitude": 1.51, "azimuth": 299.19, "type": "anchor"}}, {"type": "Feature", "geometry": {"type": "LineString", "coordinates": [[77.62299605769999, 12.9254006239], [77.57023605769999, 12.9548806239]]}, "properties": {"station": "BANG", "magnitude": 1.51, "azimuth": 299.19, "type": "vector"}}, {"type": "Feature", "geometry": {"type": "Point", "coordinates": [77.57023605769999, 12.9548806239]}, "properties": {"station": "BANG", "magnitude": 1.51, "azimuth": 299.19, "type": "head"}}, {"type": "Feature", "geometry": {"type": "Point", "coordinates": [92.37526740380002, 22.725562273]}, "properties": {"station": "BARK", "magnitude": 7.29, "azimuth": 19.18, "type": "anchor"}}, {"type": "Feature", "geometry": {"type": "LineString", "coordinates": [[92.37526740380002, 22.725562273], [92.47110740380002, 23.001122273]]}, "properties": {"station": "BARK", "magnitude": 7.29, "azimuth": 19.18, "type": "vector"}}, {"type": "Feature", "geometry": {"type": "Point", "coordinates": [92.47110740380002, 23.001122273]}, "properties": {"station": "BARK", "magnitude": 7.29, "azimuth": 19.18, "type": "head"}}, {"type": "Feature", "geometry": {"type": "Point", "coordinates": [83.82572237250002, 27.4573641144]}, "properties": {"station": "BELT", "magnitude": 2.02, "azimuth": 92.13, "type": "anchor"}}, {"type": "Feature", "geometry": {"type": "LineString", "coordinates": [[83.82572237250002, 27.4573641144], [83.90648237250002, 27.4543641144]]}, "properties": {"station": "BELT", "magnitude": 2.02, "azimuth": 92.13, "type": "vector"}}, {"type": "Feature", "geometry": {"type": "Point", "coordinates": [83.90648237250002, 27.4543641144]}, "properties": {"station": "BELT", "magnitude": 2.02, "azimuth": 92.13, "type": "head"}}, {"type": "Feature", "geometry": {"type": "Point", "coordinates": [84.3796695936, 28.2286090664]}, "properties": {"station": "BESI", "magnitude": 6.62, "azimuth": 28.22, "type": "anchor"}}, {"type": "Feature", "geometry": {"type": "LineString", "coordinates": [[84.3796695936, 28.2286090664], [84.5047895936, 28.4618090664]]}, "properties": {"station": "BESI", "magnitude": 6.62, "azimuth": 28.22, "type": "vector"}}, {"type": "Feature", "geometry": {"type": "Point", "coordinates": [84.5047895936, 28.4618090664]}, "properties": {"station": "BESI", "magnitude": 6.62, "azimuth": 28.22, "type": "head"}}, {"type": "Feature", "geometry": {"type": "Point", "coordinates": [84.85271084060003, 27.0236774491]}, "properties": {"station": "BGNJ", "magnitude": 1.86, "azimuth": 44.91, "type": "anchor"}}, {"type": "Feature", "geometry": {"type": "LineString", "coordinates": [[84.85271084060003, 27.0236774491], [84.90531084060002, 27.0764374491]]}, "properties": {"station": "BGNJ", "magnitude": 1.86, "azimuth": 44.91, "type": "vector"}}, {"type": "Feature", "geometry": {"type": "Point", "coordinates": [84.90531084060002, 27.0764374491]}, "properties": {"station": "BGNJ", "magnitude": 1.86, "azimuth": 44.91, "type": "head"}}, {"type": "Feature", "geometry": {"type": "Point", "coordinates": [87.04773686879997, 25.2263632217]}, "properties": {"station": "BHGP", "magnitude": 1.34, "azimuth": 76.65, "type": "anchor"}}, {"type": "Feature", "geometry": {"type": "LineString", "coordinates": [[87.04773686879997, 25.2263632217], [87.09981686879998, 25.238723221700003]]}, "properties": {"station": "BHGP", "magnitude": 1.34, "azimuth": 76.65, "type": "vector"}}, {"type": "Feature", "geometry": {"type": "Point", "coordinates": [87.09981686879998, 25.238723221700003]}, "properties": {"station": "BHGP", "magnitude": 1.34, "azimuth": 76.65, "type": "head"}}, {"type": "Feature", "geometry": {"type": "Point", "coordinates": [73.2583064081, 28.0335591241]}, "properties": {"station": "BIKA", "magnitude": 3.35, "azimuth": 49.21, "type": "anchor"}}, {"type": "Feature", "geometry": {"type": "LineString", "coordinates": [[73.2583064081, 28.0335591241], [73.35978640809999, 28.1211191241]]}, "properties": {"station": "BIKA", "magnitude": 3.35, "azimuth": 49.21, "type": "vector"}}, {"type": "Feature", "geometry": {"type": "Point", "coordinates": [73.35978640809999, 28.1211191241]}, "properties": {"station": "BIKA", "magnitude": 3.35, "azimuth": 49.21, "type": "head"}}, {"type": "Feature", "geometry": {"type": "Point", "coordinates": [87.26702703820001, 26.4838001214]}, "properties": {"station": "BIRP", "magnitude": 1.33, "azimuth": 119.33, "type": "anchor"}}, {"type": "Feature", "geometry": {"type": "LineString", "coordinates": [[87.26702703820001, 26.4838001214], [87.31330703820001, 26.457800121400002]]}, "properties": {"station": "BIRP", "magnitude": 1.33, "azimuth": 119.33, "type": "vector"}}, {"type": "Feature", "geometry": {"type": "Point", "coordinates": [87.31330703820001, 26.457800121400002]}, "properties": {"station": "BIRP", "magnitude": 1.33, "azimuth": 119.33, "type": "head"}}, {"type": "Feature", "geometry": {"type": "Point", "coordinates": [81.7143624304, 28.6558195621]}, "properties": {"station": "BMCL", "magnitude": 2.19, "azimuth": 44.18, "type": "anchor"}}, {"type": "Feature", "geometry": {"type": "LineString", "coordinates": [[81.7143624304, 28.6558195621], [81.7753224304, 28.7185395621]]}, "properties": {"station": "BMCL", "magnitude": 2.19, "azimuth": 44.18, "type": "vector"}}, {"type": "Feature", "geometry": {"type": "Point", "coordinates": [81.7753224304, 28.7185395621]}, "properties": {"station": "BMCL", "magnitude": 2.19, "azimuth": 44.18, "type": "head"}}, {"type": "Feature", "geometry": {"type": "Point", "coordinates": [84.39508078749998, 27.9494650574]}, "properties": {"station": "BNDP", "magnitude": 2.06, "azimuth": 46.79, "type": "anchor"}}, {"type": "Feature", "geometry": {"type": "LineString", "coordinates": [[84.39508078749998, 27.9494650574], [84.45516078749998, 28.0059050574]]}, "properties": {"station": "BNDP", "magnitude": 2.06, "azimuth": 46.79, "type": "vector"}}, {"type": "Feature", "geometry": {"type": "Point", "coordinates": [84.45516078749998, 28.0059050574]}, "properties": {"station": "BNDP", "magnitude": 2.06, "azimuth": 46.79, "type": "head"}}, {"type": "Feature", "geometry": {"type": "Point", "coordinates": [89.66478958789997, 26.1191539511]}, "properties": {"station": "BNGM", "magnitude": 2.0, "azimuth": 11.69, "type": "anchor"}}, {"type": "Feature", "geometry": {"type": "LineString", "coordinates": [[89.66478958789997, 26.1191539511], [89.68098958789997, 26.1974739511]]}, "properties": {"station": "BNGM", "magnitude": 2.0, "azimuth": 11.69, "type": "vector"}}, {"type": "Feature", "geometry": {"type": "Point", "coordinates": [89.68098958789997, 26.1974739511]}, "properties": {"station": "BNGM", "magnitude": 2.0, "azimuth": 11.69, "type": "head"}}, {"type": "Feature", "geometry": {"type": "Point", "coordinates": [89.23009810939999, 22.4981372333]}, "properties": {"station": "BNTL", "magnitude": 0.64, "azimuth": 300.9, "type": "anchor"}}, {"type": "Feature", "geometry": {"type": "LineString", "coordinates": [[89.23009810939999, 22.4981372333], [89.2081781094, 22.5112572333]]}, "properties": {"station": "BNTL", "magnitude": 0.64, "azimuth": 300.9, "type": "vector"}}, {"type": "Feature", "geometry": {"type": "Point", "coordinates": [89.2081781094, 22.5112572333]}, "properties": {"station": "BNTL", "magnitude": 0.64, "azimuth": 300.9, "type": "head"}}, {"type": "Feature", "geometry": {"type": "Point", "coordinates": [87.2721923213, 26.5197132718]}, "properties": {"station": "BRN2", "magnitude": 1.53, "azimuth": 41.8, "type": "anchor"}}, {"type": "Feature", "geometry": {"type": "LineString", "coordinates": [[87.2721923213, 26.5197132718], [87.3130723213, 26.5654332718]]}, "properties": {"station": "BRN2", "magnitude": 1.53, "azimuth": 41.8, "type": "vector"}}, {"type": "Feature", "geometry": {"type": "Point", "coordinates": [87.3130723213, 26.5654332718]}, "properties": {"station": "BRN2", "magnitude": 1.53, "azimuth": 41.8, "type": "head"}}, {"type": "Feature", "geometry": {"type": "Point", "coordinates": [87.28125405930001, 26.4386702572]}, "properties": {"station": "BRNG", "magnitude": 1.39, "azimuth": 46.57, "type": "anchor"}}, {"type": "Feature", "geometry": {"type": "LineString", "coordinates": [[87.28125405930001, 26.4386702572], [87.32177405930001, 26.4770302572]]}, "properties": {"station": "BRNG", "magnitude": 1.39, "azimuth": 46.57, "type": "vector"}}, {"type": "Feature", "geometry": {"type": "Point", "coordinates": [87.32177405930001, 26.4770302572]}, "properties": {"station": "BRNG", "magnitude": 1.39, "azimuth": 46.57, "type": "head"}}, {"type": "Feature", "geometry": {"type": "Point", "coordinates": [85.4194280639, 27.3796693588]}, "properties": {"station": "BTNI", "magnitude": 3.25, "azimuth": 342.18, "type": "anchor"}}, {"type": "Feature", "geometry": {"type": "LineString", "coordinates": [[85.4194280639, 27.3796693588], [85.3796280639, 27.5034693588]]}, "properties": {"station": "BTNI", "magnitude": 3.25, "azimuth": 342.18, "type": "vector"}}, {"type": "Feature", "geometry": {"type": "Point", "coordinates": [85.3796280639, 27.5034693588]}, "properties": {"station": "BTNI", "magnitude": 3.25, "azimuth": 342.18, "type": "head"}}, {"type": "Feature", "geometry": {"type": "Point", "coordinates": [90.3626132636, 22.6604114764]}, "properties": {"station": "BUG1", "magnitude": 3.11, "azimuth": 52.68, "type": "anchor"}}, {"type": "Feature", "geometry": {"type": "LineString", "coordinates": [[90.3626132636, 22.6604114764], [90.4616932636, 22.7359314764]]}, "properties": {"station": "BUG1", "magnitude": 3.11, "azimuth": 52.68, "type": "vector"}}, {"type": "Feature", "geometry": {"type": "Point", "coordinates": [90.4616932636, 22.7359314764]}, "properties": {"station": "BUG1", "magnitude": 3.11, "azimuth": 52.68, "type": "head"}}, {"type": "Feature", "geometry": {"type": "Point", "coordinates": [90.72285881530001, 27.5447070362]}, "properties": {"station": "BUMT", "magnitude": 6.54, "azimuth": 351.36, "type": "anchor"}}, {"type": "Feature", "geometry": {"type": "LineString", "coordinates": [[90.72285881530001, 27.5447070362], [90.68357881530001, 27.803347036199998]]}, "properties": {"station": "BUMT", "magnitude": 6.54, "azimuth": 351.36, "type": "vector"}}, {"type": "Feature", "geometry": {"type": "Point", "coordinates": [90.68357881530001, 27.803347036199998]}, "properties": {"station": "BUMT", "magnitude": 6.54, "azimuth": 351.36, "type": "head"}}, {"type": "Feature", "geometry": {"type": "Point", "coordinates": [81.2006941811, 29.4741725867]}, "properties": {"station": "BYNA", "magnitude": 11.82, "azimuth": 27.92, "type": "anchor"}}, {"type": "Feature", "geometry": {"type": "LineString", "coordinates": [[81.2006941811, 29.4741725867], [81.42205418110001, 29.8918925867]]}, "properties": {"station": "BYNA", "magnitude": 11.82, "azimuth": 27.92, "type": "vector"}}, {"type": "Feature", "geometry": {"type": "Point", "coordinates": [81.42205418110001, 29.8918925867]}, "properties": {"station": "BYNA", "magnitude": 11.82, "azimuth": 27.92, "type": "head"}}, {"type": "Feature", "geometry": {"type": "Point", "coordinates": [92.7195501974, 11.6141859718]}, "properties": {"station": "CARI", "magnitude": 41.12, "azimuth": 65.4, "type": "anchor"}}, {"type": "Feature", "geometry": {"type": "LineString", "coordinates": [[92.7195501974, 11.6141859718], [94.21519019739999, 12.2990259718]]}, "properties": {"station": "CARI", "magnitude": 41.12, "azimuth": 65.4, "type": "vector"}}, {"type": "Feature", "geometry": {"type": "Point", "coordinates": [94.21519019739999, 12.2990259718]}, "properties": {"station": "CARI", "magnitude": 41.12, "azimuth": 65.4, "type": "head"}}, {"type": "Feature", "geometry": {"type": "Point", "coordinates": [73.7682961132, 17.3396149688]}, "properties": {"station": "CFAR", "magnitude": 0.78, "azimuth": 12.13, "type": "anchor"}}, {"type": "Feature", "geometry": {"type": "LineString", "coordinates": [[73.7682961132, 17.3396149688], [73.77485611319999, 17.3701349688]]}, "properties": {"station": "CFAR", "magnitude": 0.78, "azimuth": 12.13, "type": "vector"}}, {"type": "Feature", "geometry": {"type": "Point", "coordinates": [73.77485611319999, 17.3701349688]}, "properties": {"station": "CFAR", "magnitude": 0.78, "azimuth": 12.13, "type": "head"}}, {"type": "Feature", "geometry": {"type": "Point", "coordinates": [76.7783495383, 30.7142079308]}, "properties": {"station": "CHD1", "magnitude": 4.39, "azimuth": 349.18, "type": "anchor"}}, {"type": "Feature", "geometry": {"type": "LineString", "coordinates": [[76.7783495383, 30.7142079308], [76.7453895383, 30.886647930800002]]}, "properties": {"station": "CHD1", "magnitude": 4.39, "azimuth": 349.18, "type": "vector"}}, {"type": "Feature", "geometry": {"type": "Point", "coordinates": [76.7453895383, 30.886647930800002]}, "properties": {"station": "CHD1", "magnitude": 4.39, "azimuth": 349.18, "type": "head"}}, {"type": "Feature", "geometry": {"type": "Point", "coordinates": [91.7895062275, 22.4653143]}, "properties": {"station": "CHIT", "magnitude": 1.7, "azimuth": 78.67, "type": "anchor"}}, {"type": "Feature", "geometry": {"type": "LineString", "coordinates": [[91.7895062275, 22.4653143], [91.8559862275, 22.4786343]]}, "properties": {"station": "CHIT", "magnitude": 1.7, "azimuth": 78.67, "type": "vector"}}, {"type": "Feature", "geometry": {"type": "Point", "coordinates": [91.8559862275, 22.4786343]}, "properties": {"station": "CHIT", "magnitude": 1.7, "azimuth": 78.67, "type": "head"}}, {"type": "Feature", "geometry": {"type": "Point", "coordinates": [85.31408483569999, 28.2072192805]}, "properties": {"station": "CHLM", "magnitude": 21.99, "azimuth": 18.09, "type": "anchor"}}, {"type": "Feature", "geometry": {"type": "LineString", "coordinates": [[85.31408483569999, 28.2072192805], [85.58716483569998, 29.0432592805]]}, "properties": {"station": "CHLM", "magnitude": 21.99, "azimuth": 18.09, "type": "vector"}}, {"type": "Feature", "geometry": {"type": "Point", "coordinates": [85.58716483569998, 29.0432592805]}, "properties": {"station": "CHLM", "magnitude": 21.99, "azimuth": 18.09, "type": "head"}}, {"type": "Feature", "geometry": {"type": "Point", "coordinates": [91.51504158149999, 24.1897347285]}, "properties": {"station": "CHNR", "magnitude": 2.28, "azimuth": 66.19, "type": "anchor"}}, {"type": "Feature", "geometry": {"type": "LineString", "coordinates": [[91.51504158149999, 24.1897347285], [91.59860158149999, 24.2266147285]]}, "properties": {"station": "CHNR", "magnitude": 2.28, "azimuth": 66.19, "type": "vector"}}, {"type": "Feature", "geometry": {"type": "Point", "coordinates": [91.59860158149999, 24.2266147285]}, "properties": {"station": "CHNR", "magnitude": 2.28, "azimuth": 66.19, "type": "head"}}, {"type": "Feature", "geometry": {"type": "Point", "coordinates": [91.78009296980002, 22.3664898736]}, "properties": {"station": "CHT3", "magnitude": 2.3, "azimuth": 342.19, "type": "anchor"}}, {"type": "Feature", "geometry": {"type": "LineString", "coordinates": [[91.78009296980002, 22.3664898736], [91.75201296980002, 22.453889873599998]]}, "properties": {"station": "CHT3", "magnitude": 2.3, "azimuth": 342.19, "type": "vector"}}, {"type": "Feature", "geometry": {"type": "Point", "coordinates": [91.75201296980002, 22.453889873599998]}, "properties": {"station": "CHT3", "magnitude": 2.3, "azimuth": 342.19, "type": "head"}}, {"type": "Feature", "geometry": {"type": "Point", "coordinates": [91.80301611300001, 22.41354752]}, "properties": {"station": "CHTT", "magnitude": 7.21, "azimuth": 90.35, "type": "anchor"}}, {"type": "Feature", "geometry": {"type": "LineString", "coordinates": [[91.80301611300001, 22.41354752], [92.091456113, 22.41178752]]}, "properties": {"station": "CHTT", "magnitude": 7.21, "azimuth": 90.35, "type": "vector"}}, {"type": "Feature", "geometry": {"type": "Point", "coordinates": [92.091456113, 22.41178752]}, "properties": {"station": "CHTT", "magnitude": 7.21, "azimuth": 90.35, "type": "head"}}, {"type": "Feature", "geometry": {"type": "Point", "coordinates": [84.38534627590002, 27.6682419044]}, "properties": {"station": "CHWN", "magnitude": 2.51, "azimuth": 58.27, "type": "anchor"}}, {"type": "Feature", "geometry": {"type": "LineString", "coordinates": [[84.38534627590002, 27.6682419044], [84.47086627590002, 27.7211219044]]}, "properties": {"station": "CHWN", "magnitude": 2.51, "azimuth": 58.27, "type": "vector"}}, {"type": "Feature", "geometry": {"type": "Point", "coordinates": [84.47086627590002, 27.7211219044]}, "properties": {"station": "CHWN", "magnitude": 2.51, "azimuth": 58.27, "type": "head"}}, {"type": "Feature", "geometry": {"type": "Point", "coordinates": [79.87395050790002, 6.8919799812]}, "properties": {"station": "CLM1", "magnitude": 1.66, "azimuth": 272.93, "type": "anchor"}}, {"type": "Feature", "geometry": {"type": "LineString", "coordinates": [[79.87395050790002, 6.8919799812], [79.80747050790002, 6.8953799812000005]]}, "properties": {"station": "CLM1", "magnitude": 1.66, "azimuth": 272.93, "type": "vector"}}, {"type": "Feature", "geometry": {"type": "Point", "coordinates": [79.80747050790002, 6.8953799812000005]}, "properties": {"station": "CLM1", "magnitude": 1.66, "azimuth": 272.93, "type": "head"}}, {"type": "Feature", "geometry": {"type": "Point", "coordinates": [91.13630303719998, 23.4196997049]}, "properties": {"station": "COML", "magnitude": 1.5, "azimuth": 35.54, "type": "anchor"}}, {"type": "Feature", "geometry": {"type": "LineString", "coordinates": [[91.13630303719998, 23.4196997049], [91.17110303719998, 23.4684197049]]}, "properties": {"station": "COML", "magnitude": 1.5, "azimuth": 35.54, "type": "vector"}}, {"type": "Feature", "geometry": {"type": "Point", "coordinates": [91.17110303719998, 23.4684197049]}, "properties": {"station": "COML", "magnitude": 1.5, "azimuth": 35.54, "type": "head"}}, {"type": "Feature", "geometry": {"type": "Point", "coordinates": [84.9812955621, 19.3536744966]}, "properties": {"station": "CPUR", "magnitude": 6.13, "azimuth": 302.72, "type": "anchor"}}, {"type": "Feature", "geometry": {"type": "LineString", "coordinates": [[84.9812955621, 19.3536744966], [84.77505556210001, 19.4861944966]]}, "properties": {"station": "CPUR", "magnitude": 6.13, "azimuth": 302.72, "type": "vector"}}, {"type": "Feature", "geometry": {"type": "Point", "coordinates": [84.77505556210001, 19.4861944966]}, "properties": {"station": "CPUR", "magnitude": 6.13, "azimuth": 302.72, "type": "head"}}, {"type": "Feature", "geometry": {"type": "Point", "coordinates": [91.69121223920001, 25.2714641202]}, "properties": {"station": "CRPJ", "magnitude": 4.18, "azimuth": 22.93, "type": "anchor"}}, {"type": "Feature", "geometry": {"type": "LineString", "coordinates": [[91.69121223920001, 25.2714641202], [91.75637223920002, 25.4254641202]]}, "properties": {"station": "CRPJ", "magnitude": 4.18, "azimuth": 22.93, "type": "vector"}}, {"type": "Feature", "geometry": {"type": "Point", "coordinates": [91.75637223920002, 25.4254641202]}, "properties": {"station": "CRPJ", "magnitude": 4.18, "azimuth": 22.93, "type": "head"}}, {"type": "Feature", "geometry": {"type": "Point", "coordinates": [85.1076786429, 27.6081367978]}, "properties": {"station": "DAMA", "magnitude": 2.52, "azimuth": 45.4, "type": "anchor"}}, {"type": "Feature", "geometry": {"type": "LineString", "coordinates": [[85.1076786429, 27.6081367978], [85.1793986429, 27.6788567978]]}, "properties": {"station": "DAMA", "magnitude": 2.52, "azimuth": 45.4, "type": "vector"}}, {"type": "Feature", "geometry": {"type": "Point", "coordinates": [85.1793986429, 27.6788567978]}, "properties": {"station": "DAMA", "magnitude": 2.52, "azimuth": 45.4, "type": "head"}}, {"type": "Feature", "geometry": {"type": "Point", "coordinates": [91.77827099299998, 24.3027964493]}, "properties": {"station": "DCPS", "magnitude": 4.06, "azimuth": 65.39, "type": "anchor"}}, {"type": "Feature", "geometry": {"type": "LineString", "coordinates": [[91.77827099299998, 24.3027964493], [91.92595099299997, 24.3704364493]]}, "properties": {"station": "DCPS", "magnitude": 4.06, "azimuth": 65.39, "type": "vector"}}, {"type": "Feature", "geometry": {"type": "Point", "coordinates": [91.92595099299997, 24.3704364493]}, "properties": {"station": "DCPS", "magnitude": 4.06, "azimuth": 65.39, "type": "head"}}, {"type": "Feature", "geometry": {"type": "Point", "coordinates": [78.05465819770001, 30.3245512562]}, "properties": {"station": "DEHD", "magnitude": 2.38, "azimuth": 53.65, "type": "anchor"}}, {"type": "Feature", "geometry": {"type": "LineString", "coordinates": [[78.05465819770001, 30.3245512562], [78.1314181977, 30.3810312562]]}, "properties": {"station": "DEHD", "magnitude": 2.38, "azimuth": 53.65, "type": "vector"}}, {"type": "Feature", "geometry": {"type": "Point", "coordinates": [78.1314181977, 30.3810312562]}, "properties": {"station": "DEHD", "magnitude": 2.38, "azimuth": 53.65, "type": "head"}}, {"type": "Feature", "geometry": {"type": "Point", "coordinates": [77.09054959989999, 28.58062662]}, "properties": {"station": "DELH", "magnitude": 2.34, "azimuth": 14.53, "type": "anchor"}}, {"type": "Feature", "geometry": {"type": "LineString", "coordinates": [[77.09054959989999, 28.58062662], [77.11406959989999, 28.67138662]]}, "properties": {"station": "DELH", "magnitude": 2.34, "azimuth": 14.53, "type": "vector"}}, {"type": "Feature", "geometry": {"type": "Point", "coordinates": [77.11406959989999, 28.67138662]}, "properties": {"station": "DELH", "magnitude": 2.34, "azimuth": 14.53, "type": "head"}}, {"type": "Feature", "geometry": {"type": "Point", "coordinates": [91.46313628249999, 26.8597051559]}, "properties": {"station": "DEO1", "magnitude": 3.7, "azimuth": 324.75, "type": "anchor"}}, {"type": "Feature", "geometry": {"type": "LineString", "coordinates": [[91.46313628249999, 26.8597051559], [91.3777762825, 26.9804651559]]}, "properties": {"station": "DEO1", "magnitude": 3.7, "azimuth": 324.75, "type": "vector"}}, {"type": "Feature", "geometry": {"type": "Point", "coordinates": [91.3777762825, 26.9804651559]}, "properties": {"station": "DEO1", "magnitude": 3.7, "azimuth": 324.75, "type": "head"}}, {"type": "Feature", "geometry": {"type": "Point", "coordinates": [91.46426146210001, 26.8606024254]}, "properties": {"station": "DEOT", "magnitude": 5.16, "azimuth": 22.78, "type": "anchor"}}, {"type": "Feature", "geometry": {"type": "LineString", "coordinates": [[91.46426146210001, 26.8606024254], [91.54418146210001, 27.0509224254]]}, "properties": {"station": "DEOT", "magnitude": 5.16, "azimuth": 22.78, "type": "vector"}}, {"type": "Feature", "geometry": {"type": "Point", "coordinates": [91.54418146210001, 27.0509224254]}, "properties": {"station": "DEOT", "magnitude": 5.16, "azimuth": 22.78, "type": "head"}}, {"type": "Feature", "geometry": {"type": "Point", "coordinates": [72.37024243870002, -7.2696828797]}, "properties": {"station": "DGAR", "magnitude": 3.13, "azimuth": 301.92, "type": "anchor"}}, {"type": "Feature", "geometry": {"type": "LineString", "coordinates": [[72.37024243870002, -7.2696828797], [72.26408243870002, -7.203562879700001]]}, "properties": {"station": "DGAR", "magnitude": 3.13, "azimuth": 301.92, "type": "vector"}}, {"type": "Feature", "geometry": {"type": "Point", "coordinates": [72.26408243870002, -7.203562879700001]}, "properties": {"station": "DGAR", "magnitude": 3.13, "azimuth": 301.92, "type": "head"}}, {"type": "Feature", "geometry": {"type": "Point", "coordinates": [72.37024243510001, -7.2696828885]}, "properties": {"station": "DGAV", "magnitude": 2.61, "azimuth": 303.31, "type": "anchor"}}, {"type": "Feature", "geometry": {"type": "LineString", "coordinates": [[72.37024243510001, -7.2696828885], [72.28284243510001, -7.2122428885000005]]}, "properties": {"station": "DGAV", "magnitude": 2.61, "azimuth": 303.31, "type": "vector"}}, {"type": "Feature", "geometry": {"type": "Point", "coordinates": [72.28284243510001, -7.2122428885000005]}, "properties": {"station": "DGAV", "magnitude": 2.61, "azimuth": 303.31, "type": "head"}}, {"type": "Feature", "geometry": {"type": "Point", "coordinates": [90.39800731039998, 23.7561684783]}, "properties": {"station": "DHA1", "magnitude": 1.48, "azimuth": 33.73, "type": "anchor"}}, {"type": "Feature", "geometry": {"type": "LineString", "coordinates": [[90.39800731039998, 23.7561684783], [90.43096731039998, 23.8055284783]]}, "properties": {"station": "DHA1", "magnitude": 1.48, "azimuth": 33.73, "type": "vector"}}, {"type": "Feature", "geometry": {"type": "Point", "coordinates": [90.43096731039998, 23.8055284783]}, "properties": {"station": "DHA1", "magnitude": 1.48, "azimuth": 33.73, "type": "head"}}, {"type": "Feature", "geometry": {"type": "Point", "coordinates": [90.38789782330002, 23.8046692166]}, "properties": {"station": "DHA2", "magnitude": 1.27, "azimuth": 79.91, "type": "anchor"}}, {"type": "Feature", "geometry": {"type": "LineString", "coordinates": [[90.38789782330002, 23.8046692166], [90.43801782330003, 23.8135892166]]}, "properties": {"station": "DHA2", "magnitude": 1.27, "azimuth": 79.91, "type": "vector"}}, {"type": "Feature", "geometry": {"type": "Point", "coordinates": [90.43801782330003, 23.8135892166]}, "properties": {"station": "DHA2", "magnitude": 1.27, "azimuth": 79.91, "type": "head"}}, {"type": "Feature", "geometry": {"type": "Point", "coordinates": [90.40125806370003, 23.7266867885]}, "properties": {"station": "DHAK", "magnitude": 1.51, "azimuth": 109.45, "type": "anchor"}}, {"type": "Feature", "geometry": {"type": "LineString", "coordinates": [[90.40125806370003, 23.7266867885], [90.45833806370003, 23.7065267885]]}, "properties": {"station": "DHAK", "magnitude": 1.51, "azimuth": 109.45, "type": "vector"}}, {"type": "Feature", "geometry": {"type": "Point", "coordinates": [90.45833806370003, 23.7065267885]}, "properties": {"station": "DHAK", "magnitude": 1.51, "azimuth": 109.45, "type": "head"}}, {"type": "Feature", "geometry": {"type": "Point", "coordinates": [92.0669760403, 23.2501385889]}, "properties": {"station": "DIGH", "magnitude": 5.58, "azimuth": 60.66, "type": "anchor"}}, {"type": "Feature", "geometry": {"type": "LineString", "coordinates": [[92.0669760403, 23.2501385889], [92.2614560403, 23.3594585889]]}, "properties": {"station": "DIGH", "magnitude": 5.58, "azimuth": 60.66, "type": "vector"}}, {"type": "Feature", "geometry": {"type": "Point", "coordinates": [92.2614560403, 23.3594585889]}, "properties": {"station": "DIGH", "magnitude": 5.58, "azimuth": 60.66, "type": "head"}}, {"type": "Feature", "geometry": {"type": "Point", "coordinates": [82.81788532479999, 28.9836782995]}, "properties": {"station": "DLPA", "magnitude": 11.07, "azimuth": 15.65, "type": "anchor"}}, {"type": "Feature", "geometry": {"type": "LineString", "coordinates": [[82.81788532479999, 28.9836782995], [82.93728532479999, 29.4099982995]]}, "properties": {"station": "DLPA", "magnitude": 11.07, "azimuth": 15.65, "type": "vector"}}, {"type": "Feature", "geometry": {"type": "Point", "coordinates": [82.93728532479999, 29.4099982995]}, "properties": {"station": "DLPA", "magnitude": 11.07, "azimuth": 15.65, "type": "head"}}, {"type": "Feature", "geometry": {"type": "Point", "coordinates": [84.2651894896, 27.9733503068]}, "properties": {"station": "DMAU", "magnitude": 2.41, "azimuth": 39.25, "type": "anchor"}}, {"type": "Feature", "geometry": {"type": "LineString", "coordinates": [[84.2651894896, 27.9733503068], [84.3263094896, 28.0481503068]]}, "properties": {"station": "DMAU", "magnitude": 2.41, "azimuth": 39.25, "type": "vector"}}, {"type": "Feature", "geometry": {"type": "Point", "coordinates": [84.3263094896, 28.0481503068]}, "properties": {"station": "DMAU", "magnitude": 2.41, "azimuth": 39.25, "type": "head"}}, {"type": "Feature", "geometry": {"type": "Point", "coordinates": [85.24584480020002, 28.0769069528]}, "properties": {"station": "DNC4", "magnitude": 23.73, "azimuth": 36.42, "type": "anchor"}}, {"type": "Feature", "geometry": {"type": "LineString", "coordinates": [[85.24584480020002, 28.0769069528], [85.80936480020002, 28.840586952800003]]}, "properties": {"station": "DNC4", "magnitude": 23.73, "azimuth": 36.42, "type": "vector"}}, {"type": "Feature", "geometry": {"type": "Point", "coordinates": [85.80936480020002, 28.840586952800003]}, "properties": {"station": "DNC4", "magnitude": 23.73, "azimuth": 36.42, "type": "head"}}, {"type": "Feature", "geometry": {"type": "Point", "coordinates": [80.581782782, 28.7544444847]}, "properties": {"station": "DNGD", "magnitude": 0.58, "azimuth": 258.56, "type": "anchor"}}, {"type": "Feature", "geometry": {"type": "LineString", "coordinates": [[80.581782782, 28.7544444847], [80.558862782, 28.7498044847]]}, "properties": {"station": "DNGD", "magnitude": 0.58, "azimuth": 258.56, "type": "vector"}}, {"type": "Feature", "geometry": {"type": "Point", "coordinates": [80.558862782, 28.7498044847]}, "properties": {"station": "DNGD", "magnitude": 0.58, "azimuth": 258.56, "type": "head"}}, {"type": "Feature", "geometry": {"type": "Point", "coordinates": [83.76346535919998, 28.3450893795]}, "properties": {"station": "DNSG", "magnitude": 8.63, "azimuth": 18.08, "type": "anchor"}}, {"type": "Feature", "geometry": {"type": "LineString", "coordinates": [[83.76346535919998, 28.3450893795], [83.87054535919998, 28.6730893795]]}, "properties": {"station": "DNSG", "magnitude": 8.63, "azimuth": 18.08, "type": "vector"}}, {"type": "Feature", "geometry": {"type": "Point", "coordinates": [83.87054535919998, 28.6730893795]}, "properties": {"station": "DNSG", "magnitude": 8.63, "azimuth": 18.08, "type": "head"}}, {"type": "Feature", "geometry": {"type": "Point", "coordinates": [80.50093100800001, 29.7338053102]}, "properties": {"station": "DRCL", "magnitude": 4.27, "azimuth": 29.07, "type": "anchor"}}, {"type": "Feature", "geometry": {"type": "LineString", "coordinates": [[80.50093100800001, 29.7338053102], [80.583971008, 29.883165310200003]]}, "properties": {"station": "DRCL", "magnitude": 4.27, "azimuth": 29.07, "type": "vector"}}, {"type": "Feature", "geometry": {"type": "Point", "coordinates": [80.583971008, 29.883165310200003]}, "properties": {"station": "DRCL", "magnitude": 4.27, "azimuth": 29.07, "type": "head"}}, {"type": "Feature", "geometry": {"type": "Point", "coordinates": [78.04416939409998, 30.3402839535]}, "properties": {"station": "DRDN", "magnitude": 3.76, "azimuth": 49.98, "type": "anchor"}}, {"type": "Feature", "geometry": {"type": "LineString", "coordinates": [[78.04416939409998, 30.3402839535], [78.15936939409998, 30.4370039535]]}, "properties": {"station": "DRDN", "magnitude": 3.76, "azimuth": 49.98, "type": "vector"}}, {"type": "Feature", "geometry": {"type": "Point", "coordinates": [78.15936939409998, 30.4370039535]}, "properties": {"station": "DRDN", "magnitude": 3.76, "azimuth": 49.98, "type": "head"}}, {"type": "Feature", "geometry": {"type": "Point", "coordinates": [94.04982042, 19.7898759756]}, "properties": {"station": "EW02", "magnitude": 14.77, "azimuth": 47.58, "type": "anchor"}}, {"type": "Feature", "geometry": {"type": "LineString", "coordinates": [[94.04982042, 19.7898759756], [94.48602042, 20.188395975600002]]}, "properties": {"station": "EW02", "magnitude": 14.77, "azimuth": 47.58, "type": "vector"}}, {"type": "Feature", "geometry": {"type": "Point", "coordinates": [94.48602042, 20.188395975600002]}, "properties": {"station": "EW02", "magnitude": 14.77, "azimuth": 47.58, "type": "head"}}, {"type": "Feature", "geometry": {"type": "Point", "coordinates": [93.522402935, 19.4258212513]}, "properties": {"station": "EW03", "magnitude": 8.61, "azimuth": 41.49, "type": "anchor"}}, {"type": "Feature", "geometry": {"type": "LineString", "coordinates": [[93.522402935, 19.4258212513], [93.750562935, 19.6837812513]]}, "properties": {"station": "EW03", "magnitude": 8.61, "azimuth": 41.49, "type": "vector"}}, {"type": "Feature", "geometry": {"type": "Point", "coordinates": [93.750562935, 19.6837812513]}, "properties": {"station": "EW03", "magnitude": 8.61, "azimuth": 41.49, "type": "head"}}, {"type": "Feature", "geometry": {"type": "Point", "coordinates": [94.51738423289999, 20.3427559516]}, "properties": {"station": "EW04", "magnitude": 20.03, "azimuth": 38.91, "type": "anchor"}}, {"type": "Feature", "geometry": {"type": "LineString", "coordinates": [[94.51738423289999, 20.3427559516], [95.02070423289999, 20.9662759516]]}, "properties": {"station": "EW04", "magnitude": 20.03, "azimuth": 38.91, "type": "vector"}}, {"type": "Feature", "geometry": {"type": "Point", "coordinates": [95.02070423289999, 20.9662759516]}, "properties": {"station": "EW04", "magnitude": 20.03, "azimuth": 38.91, "type": "head"}}, {"type": "Feature", "geometry": {"type": "Point", "coordinates": [95.02809534279999, 20.3326036877]}, "properties": {"station": "EW05", "magnitude": 22.07, "azimuth": 32.4, "type": "anchor"}}, {"type": "Feature", "geometry": {"type": "LineString", "coordinates": [[95.02809534279999, 20.3326036877], [95.50109534279999, 21.0779236877]]}, "properties": {"station": "EW05", "magnitude": 22.07, "azimuth": 32.4, "type": "vector"}}, {"type": "Feature", "geometry": {"type": "Point", "coordinates": [95.50109534279999, 21.0779236877]}, "properties": {"station": "EW05", "magnitude": 22.07, "azimuth": 32.4, "type": "head"}}, {"type": "Feature", "geometry": {"type": "Point", "coordinates": [97.54697593869997, 20.9113372019]}, "properties": {"station": "EW08", "magnitude": 42.17, "azimuth": 20.11, "type": "anchor"}}, {"type": "Feature", "geometry": {"type": "LineString", "coordinates": [[97.54697593869997, 20.9113372019], [98.12681593869998, 22.4952572019]]}, "properties": {"station": "EW08", "magnitude": 42.17, "azimuth": 20.11, "type": "vector"}}, {"type": "Feature", "geometry": {"type": "Point", "coordinates": [98.12681593869998, 22.4952572019]}, "properties": {"station": "EW08", "magnitude": 42.17, "azimuth": 20.11, "type": "head"}}, {"type": "Feature", "geometry": {"type": "Point", "coordinates": [72.63567827359998, 23.2400729863]}, "properties": {"station": "GAAR", "magnitude": 2.21, "azimuth": 70.91, "type": "anchor"}}, {"type": "Feature", "geometry": {"type": "LineString", "coordinates": [[72.63567827359998, 23.2400729863], [72.71935827359998, 23.2690329863]]}, "properties": {"station": "GAAR", "magnitude": 2.21, "azimuth": 70.91, "type": "vector"}}, {"type": "Feature", "geometry": {"type": "Point", "coordinates": [72.71935827359998, 23.2690329863]}, "properties": {"station": "GAAR", "magnitude": 2.21, "azimuth": 70.91, "type": "head"}}, {"type": "Feature", "geometry": {"type": "Point", "coordinates": [79.17702570649999, 13.4595093774]}, "properties": {"station": "GDKG", "magnitude": 1.58, "azimuth": 14.7, "type": "anchor"}}, {"type": "Feature", "geometry": {"type": "LineString", "coordinates": [[79.17702570649999, 13.4595093774], [79.1930257065, 13.5205093774]]}, "properties": {"station": "GDKG", "magnitude": 1.58, "azimuth": 14.7, "type": "vector"}}, {"type": "Feature", "geometry": {"type": "Point", "coordinates": [79.1930257065, 13.5205093774]}, "properties": {"station": "GDKG", "magnitude": 1.58, "azimuth": 14.7, "type": "head"}}, {"type": "Feature", "geometry": {"type": "Point", "coordinates": [90.4320547557, 26.9086375031]}, "properties": {"station": "GELE", "magnitude": 3.69, "azimuth": 15.31, "type": "anchor"}}, {"type": "Feature", "geometry": {"type": "LineString", "coordinates": [[90.4320547557, 26.9086375031], [90.4710147557, 27.0509575031]]}, "properties": {"station": "GELE", "magnitude": 3.69, "azimuth": 15.31, "type": "vector"}}, {"type": "Feature", "geometry": {"type": "Point", "coordinates": [90.4710147557, 27.0509575031]}, "properties": {"station": "GELE", "magnitude": 3.69, "azimuth": 15.31, "type": "head"}}, {"type": "Feature", "geometry": {"type": "Point", "coordinates": [84.40972548460002, 28.3745993001]}, "properties": {"station": "GHER", "magnitude": 9.97, "azimuth": 16.82, "type": "anchor"}}, {"type": "Feature", "geometry": {"type": "LineString", "coordinates": [[84.40972548460002, 28.3745993001], [84.52508548460001, 28.756239300100003]]}, "properties": {"station": "GHER", "magnitude": 9.97, "azimuth": 16.82, "type": "vector"}}, {"type": "Feature", "geometry": {"type": "Point", "coordinates": [84.52508548460001, 28.756239300100003]}, "properties": {"station": "GHER", "magnitude": 9.97, "azimuth": 16.82, "type": "head"}}, {"type": "Feature", "geometry": {"type": "Point", "coordinates": [72.65315244189998, 23.210827376]}, "properties": {"station": "GJRT", "magnitude": 2.29, "azimuth": 52.0, "type": "anchor"}}, {"type": "Feature", "geometry": {"type": "LineString", "coordinates": [[72.65315244189998, 23.210827376], [72.72539244189997, 23.267267376]]}, "properties": {"station": "GJRT", "magnitude": 2.29, "azimuth": 52.0, "type": "vector"}}, {"type": "Feature", "geometry": {"type": "Point", "coordinates": [72.72539244189997, 23.267267376]}, "properties": {"station": "GJRT", "magnitude": 2.29, "azimuth": 52.0, "type": "head"}}, {"type": "Feature", "geometry": {"type": "Point", "coordinates": [80.62619507829999, 29.1765162782]}, "properties": {"station": "GNTW", "magnitude": 1.82, "azimuth": 56.86, "type": "anchor"}}, {"type": "Feature", "geometry": {"type": "LineString", "coordinates": [[80.62619507829999, 29.1765162782], [80.68727507829999, 29.2163962782]]}, "properties": {"station": "GNTW", "magnitude": 1.82, "azimuth": 56.86, "type": "vector"}}, {"type": "Feature", "geometry": {"type": "Point", "coordinates": [80.68727507829999, 29.2163962782]}, "properties": {"station": "GNTW", "magnitude": 1.82, "azimuth": 56.86, "type": "head"}}, {"type": "Feature", "geometry": {"type": "Point", "coordinates": [73.80092471479998, 15.4558252456]}, "properties": {"station": "GOA1", "magnitude": 0.72, "azimuth": 17.28, "type": "anchor"}}, {"type": "Feature", "geometry": {"type": "LineString", "coordinates": [[73.80092471479998, 15.4558252456], [73.80952471479998, 15.4834652456]]}, "properties": {"station": "GOA1", "magnitude": 0.72, "azimuth": 17.28, "type": "vector"}}, {"type": "Feature", "geometry": {"type": "Point", "coordinates": [73.80952471479998, 15.4834652456]}, "properties": {"station": "GOA1", "magnitude": 0.72, "azimuth": 17.28, "type": "head"}}, {"type": "Feature", "geometry": {"type": "Point", "coordinates": [73.72694394860002, 17.3973748886]}, "properties": {"station": "GOKL", "magnitude": 1.12, "azimuth": 44.78, "type": "anchor"}}, {"type": "Feature", "geometry": {"type": "LineString", "coordinates": [[73.72694394860002, 17.3973748886], [73.75846394860002, 17.4291348886]]}, "properties": {"station": "GOKL", "magnitude": 1.12, "azimuth": 44.78, "type": "vector"}}, {"type": "Feature", "geometry": {"type": "Point", "coordinates": [73.75846394860002, 17.4291348886]}, "properties": {"station": "GOKL", "magnitude": 1.12, "azimuth": 44.78, "type": "head"}}, {"type": "Feature", "geometry": {"type": "Point", "coordinates": [82.4911986715, 27.9508140388]}, "properties": {"station": "GRHI", "magnitude": 1.41, "azimuth": 32.35, "type": "anchor"}}, {"type": "Feature", "geometry": {"type": "LineString", "coordinates": [[82.4911986715, 27.9508140388], [82.5214786715, 27.9986140388]]}, "properties": {"station": "GRHI", "magnitude": 1.41, "azimuth": 32.35, "type": "vector"}}, {"type": "Feature", "geometry": {"type": "Point", "coordinates": [82.5214786715, 27.9986140388]}, "properties": {"station": "GRHI", "magnitude": 1.41, "azimuth": 32.35, "type": "head"}}, {"type": "Feature", "geometry": {"type": "Point", "coordinates": [85.87746492140002, 27.9097606126]}, "properties": {"station": "GUMB", "magnitude": 8.32, "azimuth": 17.57, "type": "anchor"}}, {"type": "Feature", "geometry": {"type": "LineString", "coordinates": [[85.87746492140002, 27.9097606126], [85.97798492140002, 28.2271206126]]}, "properties": {"station": "GUMB", "magnitude": 8.32, "azimuth": 17.57, "type": "vector"}}, {"type": "Feature", "geometry": {"type": "Point", "coordinates": [85.97798492140002, 28.2271206126]}, "properties": {"station": "GUMB", "magnitude": 8.32, "azimuth": 17.57, "type": "head"}}, {"type": "Feature", "geometry": {"type": "Point", "coordinates": [74.40970590429998, 30.7149158339]}, "properties": {"station": "GUR1", "magnitude": 3.5, "azimuth": 53.74, "type": "anchor"}}, {"type": "Feature", "geometry": {"type": "LineString", "coordinates": [[74.40970590429998, 30.7149158339], [74.52274590429998, 30.797835833900002]]}, "properties": {"station": "GUR1", "magnitude": 3.5, "azimuth": 53.74, "type": "vector"}}, {"type": "Feature", "geometry": {"type": "Point", "coordinates": [74.52274590429998, 30.797835833900002]}, "properties": {"station": "GUR1", "magnitude": 3.5, "azimuth": 53.74, "type": "head"}}, {"type": "Feature", "geometry": {"type": "Point", "coordinates": [96.02606740610003, 17.369914505]}, "properties": {"station": "GYBU", "magnitude": 24.93, "azimuth": 29.58, "type": "anchor"}}, {"type": "Feature", "geometry": {"type": "LineString", "coordinates": [[96.02606740610003, 17.369914505], [96.51838740610002, 18.237234505]]}, "properties": {"station": "GYBU", "magnitude": 24.93, "azimuth": 29.58, "type": "vector"}}, {"type": "Feature", "geometry": {"type": "Point", "coordinates": [96.51838740610002, 18.237234505]}, "properties": {"station": "GYBU", "magnitude": 24.93, "azimuth": 29.58, "type": "head"}}, {"type": "Feature", "geometry": {"type": "Point", "coordinates": [93.60451901440001, 22.6342542096]}, "properties": {"station": "HAK2", "magnitude": 21.91, "azimuth": 47.08, "type": "anchor"}}, {"type": "Feature", "geometry": {"type": "LineString", "coordinates": [[93.60451901440001, 22.6342542096], [94.2461990144, 23.231054209600003]]}, "properties": {"station": "HAK2", "magnitude": 21.91, "azimuth": 47.08, "type": "vector"}}, {"type": "Feature", "geometry": {"type": "Point", "coordinates": [94.2461990144, 23.231054209600003]}, "properties": {"station": "HAK2", "magnitude": 21.91, "azimuth": 47.08, "type": "head"}}, {"type": "Feature", "geometry": {"type": "Point", "coordinates": [93.60446726549998, 22.6344566797]}, "properties": {"station": "HAKA", "magnitude": 17.55, "azimuth": 46.83, "type": "anchor"}}, {"type": "Feature", "geometry": {"type": "LineString", "coordinates": [[93.60446726549998, 22.6344566797], [94.11646726549998, 23.1147766797]]}, "properties": {"station": "HAKA", "magnitude": 17.55, "azimuth": 46.83, "type": "vector"}}, {"type": "Feature", "geometry": {"type": "Point", "coordinates": [94.11646726549998, 23.1147766797]}, "properties": {"station": "HAKA", "magnitude": 17.55, "azimuth": 46.83, "type": "head"}}, {"type": "Feature", "geometry": {"type": "Point", "coordinates": [92.98044721370002, 12.0352258127]}, "properties": {"station": "HAV2", "magnitude": 47.8, "azimuth": 59.34, "type": "anchor"}}, {"type": "Feature", "geometry": {"type": "LineString", "coordinates": [[92.98044721370002, 12.0352258127], [94.62524721370002, 13.0102258127]]}, "properties": {"station": "HAV2", "magnitude": 47.8, "azimuth": 59.34, "type": "vector"}}, {"type": "Feature", "geometry": {"type": "Point", "coordinates": [94.62524721370002, 13.0102258127]}, "properties": {"station": "HAV2", "magnitude": 47.8, "azimuth": 59.34, "type": "head"}}, {"type": "Feature", "geometry": {"type": "Point", "coordinates": [96.79472787319997, 20.7259851181]}, "properties": {"station": "HEHO", "magnitude": 41.25, "azimuth": 21.45, "type": "anchor"}}, {"type": "Feature", "geometry": {"type": "LineString", "coordinates": [[96.79472787319997, 20.7259851181], [97.39820787319998, 22.2618251181]]}, "properties": {"station": "HEHO", "magnitude": 41.25, "azimuth": 21.45, "type": "vector"}}, {"type": "Feature", "geometry": {"type": "Point", "coordinates": [97.39820787319998, 22.2618251181]}, "properties": {"station": "HEHO", "magnitude": 41.25, "azimuth": 21.45, "type": "head"}}, {"type": "Feature", "geometry": {"type": "Point", "coordinates": [85.05160902030002, 27.4148616213]}, "properties": {"station": "HETA", "magnitude": 2.62, "azimuth": 53.58, "type": "anchor"}}, {"type": "Feature", "geometry": {"type": "LineString", "coordinates": [[85.05160902030002, 27.4148616213], [85.13584902030001, 27.477021621299997]]}, "properties": {"station": "HETA", "magnitude": 2.62, "azimuth": 53.58, "type": "vector"}}, {"type": "Feature", "geometry": {"type": "Point", "coordinates": [85.13584902030001, 27.477021621299997]}, "properties": {"station": "HETA", "magnitude": 2.62, "azimuth": 53.58, "type": "head"}}, {"type": "Feature", "geometry": {"type": "Point", "coordinates": [90.34069424749998, 25.1180429354]}, "properties": {"station": "HGAT", "magnitude": 0.55, "azimuth": 329.82, "type": "anchor"}}, {"type": "Feature", "geometry": {"type": "LineString", "coordinates": [[90.34069424749998, 25.1180429354], [90.32957424749998, 25.1371629354]]}, "properties": {"station": "HGAT", "magnitude": 0.55, "azimuth": 329.82, "type": "vector"}}, {"type": "Feature", "geometry": {"type": "Point", "coordinates": [90.32957424749998, 25.1371629354]}, "properties": {"station": "HGAT", "magnitude": 0.55, "azimuth": 329.82, "type": "head"}}, {"type": "Feature", "geometry": {"type": "Point", "coordinates": [73.54260329239997, 4.215913659]}, "properties": {"station": "HMMV", "magnitude": 1.43, "azimuth": 263.55, "type": "anchor"}}, {"type": "Feature", "geometry": {"type": "LineString", "coordinates": [[73.54260329239997, 4.215913659], [73.48560329239997, 4.2094736589999995]]}, "properties": {"station": "HMMV", "magnitude": 1.43, "azimuth": 263.55, "type": "vector"}}, {"type": "Feature", "geometry": {"type": "Point", "coordinates": [73.48560329239997, 4.2094736589999995]}, "properties": {"station": "HMMV", "magnitude": 1.43, "azimuth": 263.55, "type": "head"}}, {"type": "Feature", "geometry": {"type": "Point", "coordinates": [89.4594051574, 21.8164096902]}, "properties": {"station": "HRNP", "magnitude": 3.03, "azimuth": 99.82, "type": "anchor"}}, {"type": "Feature", "geometry": {"type": "LineString", "coordinates": [[89.4594051574, 21.8164096902], [89.5788451574, 21.7957296902]]}, "properties": {"station": "HRNP", "magnitude": 3.03, "azimuth": 99.82, "type": "vector"}}, {"type": "Feature", "geometry": {"type": "Point", "coordinates": [89.5788451574, 21.7957296902]}, "properties": {"station": "HRNP", "magnitude": 3.03, "azimuth": 99.82, "type": "head"}}, {"type": "Feature", "geometry": {"type": "Point", "coordinates": [92.5324055365, 10.6095096203]}, "properties": {"station": "HUTB", "magnitude": 44.02, "azimuth": 88.26, "type": "anchor"}}, {"type": "Feature", "geometry": {"type": "LineString", "coordinates": [[92.5324055365, 10.6095096203], [94.2924055365, 10.662829620300002]]}, "properties": {"station": "HUTB", "magnitude": 44.02, "azimuth": 88.26, "type": "vector"}}, {"type": "Feature", "geometry": {"type": "Point", "coordinates": [94.2924055365, 10.662829620300002]}, "properties": {"station": "HUTB", "magnitude": 44.02, "azimuth": 88.26, "type": "head"}}, {"type": "Feature", "geometry": {"type": "Point", "coordinates": [78.55087285960002, 17.4172610529]}, "properties": {"station": "HYDE", "magnitude": 0.28, "azimuth": 26.38, "type": "anchor"}}, {"type": "Feature", "geometry": {"type": "LineString", "coordinates": [[78.55087285960002, 17.4172610529], [78.55591285960001, 17.427421052899998]]}, "properties": {"station": "HYDE", "magnitude": 0.28, "azimuth": 26.38, "type": "vector"}}, {"type": "Feature", "geometry": {"type": "Point", "coordinates": [78.55591285960001, 17.427421052899998]}, "properties": {"station": "HYDE", "magnitude": 0.28, "azimuth": 26.38, "type": "head"}}, {"type": "Feature", "geometry": {"type": "Point", "coordinates": [88.73602828669999, 22.8998968542]}, "properties": {"station": "ICHA", "magnitude": 0.68, "azimuth": 32.95, "type": "anchor"}}, {"type": "Feature", "geometry": {"type": "LineString", "coordinates": [[88.73602828669999, 22.8998968542], [88.7509082867, 22.922856854200003]]}, "properties": {"station": "ICHA", "magnitude": 0.68, "azimuth": 32.95, "type": "vector"}}, {"type": "Feature", "geometry": {"type": "Point", "coordinates": [88.7509082867, 22.922856854200003]}, "properties": {"station": "ICHA", "magnitude": 0.68, "azimuth": 32.95, "type": "head"}}, {"type": "Feature", "geometry": {"type": "Point", "coordinates": [92.03772537980001, 24.4037898287]}, "properties": {"station": "ICPS", "magnitude": 5.04, "azimuth": 98.24, "type": "anchor"}}, {"type": "Feature", "geometry": {"type": "LineString", "coordinates": [[92.03772537980001, 24.4037898287], [92.23724537980002, 24.374909828699998]]}, "properties": {"station": "ICPS", "magnitude": 5.04, "azimuth": 98.24, "type": "vector"}}, {"type": "Feature", "geometry": {"type": "Point", "coordinates": [92.23724537980002, 24.374909828699998]}, "properties": {"station": "ICPS", "magnitude": 5.04, "azimuth": 98.24, "type": "head"}}, {"type": "Feature", "geometry": {"type": "Point", "coordinates": [96.32221176180002, 17.3969638982]}, "properties": {"station": "IGL1", "magnitude": 30.33, "azimuth": 23.3, "type": "anchor"}}, {"type": "Feature", "geometry": {"type": "LineString", "coordinates": [[96.32221176180002, 17.3969638982], [96.80221176180002, 18.5112838982]]}, "properties": {"station": "IGL1", "magnitude": 30.33, "azimuth": 23.3, "type": "vector"}}, {"type": "Feature", "geometry": {"type": "Point", "coordinates": [96.80221176180002, 18.5112838982]}, "properties": {"station": "IGL1", "magnitude": 30.33, "azimuth": 23.3, "type": "head"}}, {"type": "Feature", "geometry": {"type": "Point", "coordinates": [77.51155327100003, 13.0343312423]}, "properties": {"station": "IIN2", "magnitude": 1.04, "azimuth": 312.05, "type": "anchor"}}, {"type": "Feature", "geometry": {"type": "LineString", "coordinates": [[77.51155327100003, 13.0343312423], [77.48055327100002, 13.0622912423]]}, "properties": {"station": "IIN2", "magnitude": 1.04, "azimuth": 312.05, "type": "vector"}}, {"type": "Feature", "geometry": {"type": "Point", "coordinates": [77.48055327100002, 13.0622912423]}, "properties": {"station": "IIN2", "magnitude": 1.04, "azimuth": 312.05, "type": "head"}}, {"type": "Feature", "geometry": {"type": "Point", "coordinates": [77.57037866540003, 13.02116819]}, "properties": {"station": "IISC", "magnitude": 0.55, "azimuth": 295.04, "type": "anchor"}}, {"type": "Feature", "geometry": {"type": "LineString", "coordinates": [[77.57037866540003, 13.02116819], [77.55033866540003, 13.030528189999998]]}, "properties": {"station": "IISC", "magnitude": 0.55, "azimuth": 295.04, "type": "vector"}}, {"type": "Feature", "geometry": {"type": "Point", "coordinates": [77.55033866540003, 13.030528189999998]}, "properties": {"station": "IISC", "magnitude": 0.55, "azimuth": 295.04, "type": "head"}}, {"type": "Feature", "geometry": {"type": "Point", "coordinates": [80.2321418596, 26.5214322093]}, "properties": {"station": "IITK", "magnitude": 2.67, "azimuth": 77.62, "type": "anchor"}}, {"type": "Feature", "geometry": {"type": "LineString", "coordinates": [[80.2321418596, 26.5214322093], [80.3365418596, 26.544352209299998]]}, "properties": {"station": "IITK", "magnitude": 2.67, "azimuth": 77.62, "type": "vector"}}, {"type": "Feature", "geometry": {"type": "Point", "coordinates": [80.3365418596, 26.544352209299998]}, "properties": {"station": "IITK", "magnitude": 2.67, "azimuth": 77.62, "type": "head"}}, {"type": "Feature", "geometry": {"type": "Point", "coordinates": [80.18122113800001, 12.9902315472]}, "properties": {"station": "IMDC", "magnitude": 0.8, "azimuth": 316.94, "type": "anchor"}}, {"type": "Feature", "geometry": {"type": "LineString", "coordinates": [[80.18122113800001, 12.9902315472], [80.15950113800001, 13.0134715472]]}, "properties": {"station": "IMDC", "magnitude": 0.8, "azimuth": 316.94, "type": "vector"}}, {"type": "Feature", "geometry": {"type": "Point", "coordinates": [80.15950113800001, 13.0134715472]}, "properties": {"station": "IMDC", "magnitude": 0.8, "azimuth": 316.94, "type": "head"}}, {"type": "Feature", "geometry": {"type": "Point", "coordinates": [92.0190743187, 25.1794261703]}, "properties": {"station": "JAFL", "magnitude": 5.57, "azimuth": 16.73, "type": "anchor"}}, {"type": "Feature", "geometry": {"type": "LineString", "coordinates": [[92.0190743187, 25.1794261703], [92.08319431870001, 25.392786170300003]]}, "properties": {"station": "JAFL", "magnitude": 5.57, "azimuth": 16.73, "type": "vector"}}, {"type": "Feature", "geometry": {"type": "Point", "coordinates": [92.08319431870001, 25.392786170300003]}, "properties": {"station": "JAFL", "magnitude": 5.57, "azimuth": 16.73, "type": "head"}}, {"type": "Feature", "geometry": {"type": "Point", "coordinates": [70.90277896039998, 26.9248564987]}, "properties": {"station": "JAIS", "magnitude": 3.62, "azimuth": 5.93, "type": "anchor"}}, {"type": "Feature", "geometry": {"type": "LineString", "coordinates": [[70.90277896039998, 26.9248564987], [70.91773896039999, 27.068936498699998]]}, "properties": {"station": "JAIS", "magnitude": 3.62, "azimuth": 5.93, "type": "vector"}}, {"type": "Feature", "geometry": {"type": "Point", "coordinates": [70.91773896039999, 27.068936498699998]}, "properties": {"station": "JAIS", "magnitude": 3.62, "azimuth": 5.93, "type": "head"}}, {"type": "Feature", "geometry": {"type": "Point", "coordinates": [91.23709534570003, 25.0004189621]}, "properties": {"station": "JAML", "magnitude": 4.96, "azimuth": 355.19, "type": "anchor"}}, {"type": "Feature", "geometry": {"type": "LineString", "coordinates": [[91.23709534570003, 25.0004189621], [91.22045534570003, 25.1982989621]]}, "properties": {"station": "JAML", "magnitude": 4.96, "azimuth": 355.19, "type": "vector"}}, {"type": "Feature", "geometry": {"type": "Point", "coordinates": [91.22045534570003, 25.1982989621]}, "properties": {"station": "JAML", "magnitude": 4.96, "azimuth": 355.19, "type": "head"}}, {"type": "Feature", "geometry": {"type": "Point", "coordinates": [79.87639472810002, 23.1290993162]}, "properties": {"station": "JBPR", "magnitude": 0.99, "azimuth": 28.62, "type": "anchor"}}, {"type": "Feature", "geometry": {"type": "LineString", "coordinates": [[79.87639472810002, 23.1290993162], [79.89531472810002, 23.163779316200003]]}, "properties": {"station": "JBPR", "magnitude": 0.99, "azimuth": 28.62, "type": "vector"}}, {"type": "Feature", "geometry": {"type": "Point", "coordinates": [79.89531472810002, 23.163779316200003]}, "properties": {"station": "JBPR", "magnitude": 0.99, "azimuth": 28.62, "type": "head"}}, {"type": "Feature", "geometry": {"type": "Point", "coordinates": [73.0239496822, 26.2064463285]}, "properties": {"station": "JDPR", "magnitude": 1.99, "azimuth": 48.54, "type": "anchor"}}, {"type": "Feature", "geometry": {"type": "LineString", "coordinates": [[73.0239496822, 26.2064463285], [73.0836696822, 26.2592063285]]}, "properties": {"station": "JDPR", "magnitude": 1.99, "azimuth": 48.54, "type": "vector"}}, {"type": "Feature", "geometry": {"type": "Point", "coordinates": [73.0836696822, 26.2592063285]}, "properties": {"station": "JDPR", "magnitude": 1.99, "azimuth": 48.54, "type": "head"}}, {"type": "Feature", "geometry": {"type": "Point", "coordinates": [86.18699689509998, 27.6570521135]}, "properties": {"station": "JIR2", "magnitude": 12.56, "azimuth": 18.85, "type": "anchor"}}, {"type": "Feature", "geometry": {"type": "LineString", "coordinates": [[86.18699689509998, 27.6570521135], [86.34927689509998, 28.1324921135]]}, "properties": {"station": "JIR2", "magnitude": 12.56, "azimuth": 18.85, "type": "vector"}}, {"type": "Feature", "geometry": {"type": "Point", "coordinates": [86.34927689509998, 28.1324921135]}, "properties": {"station": "JIR2", "magnitude": 12.56, "azimuth": 18.85, "type": "head"}}, {"type": "Feature", "geometry": {"type": "Point", "coordinates": [82.19257208509998, 29.2778187345]}, "properties": {"station": "JMLA", "magnitude": 9.97, "azimuth": 22.97, "type": "anchor"}}, {"type": "Feature", "geometry": {"type": "LineString", "coordinates": [[82.19257208509998, 29.2778187345], [82.34821208509999, 29.6449387345]]}, "properties": {"station": "JMLA", "magnitude": 9.97, "azimuth": 22.97, "type": "vector"}}, {"type": "Feature", "geometry": {"type": "Point", "coordinates": [82.34821208509999, 29.6449387345]}, "properties": {"station": "JMLA", "magnitude": 9.97, "azimuth": 22.97, "type": "head"}}, {"type": "Feature", "geometry": {"type": "Point", "coordinates": [74.81630153430001, 32.7237407209]}, "properties": {"station": "JMMU", "magnitude": 5.11, "azimuth": 57.62, "type": "anchor"}}, {"type": "Feature", "geometry": {"type": "LineString", "coordinates": [[74.81630153430001, 32.7237407209], [74.98890153430001, 32.833180720899996]]}, "properties": {"station": "JMMU", "magnitude": 5.11, "azimuth": 57.62, "type": "vector"}}, {"type": "Feature", "geometry": {"type": "Point", "coordinates": [74.98890153430001, 32.833180720899996]}, "properties": {"station": "JMMU", "magnitude": 5.11, "azimuth": 57.62, "type": "head"}}, {"type": "Feature", "geometry": {"type": "Point", "coordinates": [83.7433002102, 28.805278838]}, "properties": {"station": "JMSM", "magnitude": 10.71, "azimuth": 13.17, "type": "anchor"}}, {"type": "Feature", "geometry": {"type": "LineString", "coordinates": [[83.7433002102, 28.805278838], [83.8409402102, 29.222518838]]}, "properties": {"station": "JMSM", "magnitude": 10.71, "azimuth": 13.17, "type": "vector"}}, {"type": "Feature", "geometry": {"type": "Point", "coordinates": [83.8409402102, 29.222518838]}, "properties": {"station": "JMSM", "magnitude": 10.71, "azimuth": 13.17, "type": "head"}}, {"type": "Feature", "geometry": {"type": "Point", "coordinates": [89.34445829830003, 22.2480445101]}, "properties": {"station": "JRSN", "magnitude": 0.96, "azimuth": 78.78, "type": "anchor"}}, {"type": "Feature", "geometry": {"type": "LineString", "coordinates": [[89.34445829830003, 22.2480445101], [89.38217829830002, 22.255524510100003]]}, "properties": {"station": "JRSN", "magnitude": 0.96, "azimuth": 78.78, "type": "vector"}}, {"type": "Feature", "geometry": {"type": "Point", "coordinates": [89.38217829830002, 22.255524510100003]}, "properties": {"station": "JRSN", "magnitude": 0.96, "azimuth": 78.78, "type": "head"}}, {"type": "Feature", "geometry": {"type": "Point", "coordinates": [92.13531548489999, 24.4984240907]}, "properties": {"station": "JURI", "magnitude": 4.99, "azimuth": 55.07, "type": "anchor"}}, {"type": "Feature", "geometry": {"type": "LineString", "coordinates": [[92.13531548489999, 24.4984240907], [92.2988754849, 24.612664090699997]]}, "properties": {"station": "JURI", "magnitude": 4.99, "azimuth": 55.07, "type": "vector"}}, {"type": "Feature", "geometry": {"type": "Point", "coordinates": [92.2988754849, 24.612664090699997]}, "properties": {"station": "JURI", "magnitude": 4.99, "azimuth": 55.07, "type": "head"}}, {"type": "Feature", "geometry": {"type": "Point", "coordinates": [79.96222939839998, 6.5820706808]}, "properties": {"station": "KALU", "magnitude": 4.15, "azimuth": 313.62, "type": "anchor"}}, {"type": "Feature", "geometry": {"type": "LineString", "coordinates": [[79.96222939839998, 6.5820706808], [79.84218939839998, 6.6964706808]]}, "properties": {"station": "KALU", "magnitude": 4.15, "azimuth": 313.62, "type": "vector"}}, {"type": "Feature", "geometry": {"type": "Point", "coordinates": [79.84218939839998, 6.6964706808]}, "properties": {"station": "KALU", "magnitude": 4.15, "azimuth": 313.62, "type": "head"}}, {"type": "Feature", "geometry": {"type": "Point", "coordinates": [94.30409672119998, 23.1972163538]}, "properties": {"station": "KALW", "magnitude": 21.75, "azimuth": 41.87, "type": "anchor"}}, {"type": "Feature", "geometry": {"type": "LineString", "coordinates": [[94.30409672119998, 23.1972163538], [94.88477672119998, 23.845056353799997]]}, "properties": {"station": "KALW", "magnitude": 21.75, "azimuth": 41.87, "type": "vector"}}, {"type": "Feature", "geometry": {"type": "Point", "coordinates": [94.88477672119998, 23.845056353799997]}, "properties": {"station": "KALW", "magnitude": 21.75, "azimuth": 41.87, "type": "head"}}, {"type": "Feature", "geometry": {"type": "Point", "coordinates": [91.52377504100002, 27.2869231693]}, "properties": {"station": "KAN4", "magnitude": 9.24, "azimuth": 11.76, "type": "anchor"}}, {"type": "Feature", "geometry": {"type": "LineString", "coordinates": [[91.52377504100002, 27.2869231693], [91.59909504100003, 27.6488431693]]}, "properties": {"station": "KAN4", "magnitude": 9.24, "azimuth": 11.76, "type": "vector"}}, {"type": "Feature", "geometry": {"type": "Point", "coordinates": [91.59909504100003, 27.6488431693]}, "properties": {"station": "KAN4", "magnitude": 9.24, "azimuth": 11.76, "type": "head"}}, {"type": "Feature", "geometry": {"type": "Point", "coordinates": [94.84651001129998, 22.4340152512]}, "properties": {"station": "KANI", "magnitude": 22.69, "azimuth": 40.91, "type": "anchor"}}, {"type": "Feature", "geometry": {"type": "LineString", "coordinates": [[94.84651001129998, 22.4340152512], [95.44083001129998, 23.1199352512]]}, "properties": {"station": "KANI", "magnitude": 22.69, "azimuth": 40.91, "type": "vector"}}, {"type": "Feature", "geometry": {"type": "Point", "coordinates": [95.44083001129998, 23.1199352512]}, "properties": {"station": "KANI", "magnitude": 22.69, "azimuth": 40.91, "type": "head"}}, {"type": "Feature", "geometry": {"type": "Point", "coordinates": [84.12985987280001, 27.6479612523]}, "properties": {"station": "KAWA", "magnitude": 1.95, "azimuth": 43.77, "type": "anchor"}}, {"type": "Feature", "geometry": {"type": "LineString", "coordinates": [[84.12985987280001, 27.6479612523], [84.18377987280002, 27.7042412523]]}, "properties": {"station": "KAWA", "magnitude": 1.95, "azimuth": 43.77, "type": "vector"}}, {"type": "Feature", "geometry": {"type": "Point", "coordinates": [84.18377987280002, 27.7042412523]}, "properties": {"station": "KAWA", "magnitude": 1.95, "azimuth": 43.77, "type": "head"}}, {"type": "Feature", "geometry": {"type": "Point", "coordinates": [80.34977910520001, 7.2551447083]}, "properties": {"station": "KEG1", "magnitude": 1.43, "azimuth": 282.84, "type": "anchor"}}, {"type": "Feature", "geometry": {"type": "LineString", "coordinates": [[80.34977910520001, 7.2551447083], [80.29397910520001, 7.267864708299999]]}, "properties": {"station": "KEG1", "magnitude": 1.43, "azimuth": 282.84, "type": "vector"}}, {"type": "Feature", "geometry": {"type": "Point", "coordinates": [80.29397910520001, 7.267864708299999]}, "properties": {"station": "KEG1", "magnitude": 1.43, "azimuth": 282.84, "type": "head"}}, {"type": "Feature", "geometry": {"type": "Point", "coordinates": [77.62315694490002, 12.9253541584]}, "properties": {"station": "KGDC", "magnitude": 5.78, "azimuth": 75.09, "type": "anchor"}}, {"type": "Feature", "geometry": {"type": "LineString", "coordinates": [[77.62315694490002, 12.9253541584], [77.84659694490001, 12.9848341584]]}, "properties": {"station": "KGDC", "magnitude": 5.78, "azimuth": 75.09, "type": "vector"}}, {"type": "Feature", "geometry": {"type": "Point", "coordinates": [77.84659694490001, 12.9848341584]}, "properties": {"station": "KGDC", "magnitude": 5.78, "azimuth": 75.09, "type": "head"}}, {"type": "Feature", "geometry": {"type": "Point", "coordinates": [91.61859156579999, 24.1862017247]}, "properties": {"station": "KGPS", "magnitude": 3.49, "azimuth": 71.53, "type": "anchor"}}, {"type": "Feature", "geometry": {"type": "LineString", "coordinates": [[91.61859156579999, 24.1862017247], [91.75107156579999, 24.230441724699997]]}, "properties": {"station": "KGPS", "magnitude": 3.49, "azimuth": 71.53, "type": "vector"}}, {"type": "Feature", "geometry": {"type": "Point", "coordinates": [91.75107156579999, 24.230441724699997]}, "properties": {"station": "KGPS", "magnitude": 3.49, "azimuth": 71.53, "type": "head"}}, {"type": "Feature", "geometry": {"type": "Point", "coordinates": [90.2196966134, 21.9866647662]}, "properties": {"station": "KHEP", "magnitude": 1.12, "azimuth": 47.68, "type": "anchor"}}, {"type": "Feature", "geometry": {"type": "LineString", "coordinates": [[90.2196966134, 21.9866647662], [90.2527766134, 22.0167847662]]}, "properties": {"station": "KHEP", "magnitude": 1.12, "azimuth": 47.68, "type": "vector"}}, {"type": "Feature", "geometry": {"type": "Point", "coordinates": [90.2527766134, 22.0167847662]}, "properties": {"station": "KHEP", "magnitude": 1.12, "azimuth": 47.68, "type": "head"}}, {"type": "Feature", "geometry": {"type": "Point", "coordinates": [89.5327381642, 22.8021213826]}, "properties": {"station": "KHL2", "magnitude": 2.13, "azimuth": 29.54, "type": "anchor"}}, {"type": "Feature", "geometry": {"type": "LineString", "coordinates": [[89.5327381642, 22.8021213826], [89.5746981642, 22.8761613826]]}, "properties": {"station": "KHL2", "magnitude": 2.13, "azimuth": 29.54, "type": "vector"}}, {"type": "Feature", "geometry": {"type": "Point", "coordinates": [89.5746981642, 22.8761613826]}, "properties": {"station": "KHL2", "magnitude": 2.13, "azimuth": 29.54, "type": "head"}}, {"type": "Feature", "geometry": {"type": "Point", "coordinates": [89.50685434579998, 22.9242004763]}, "properties": {"station": "KHU1", "magnitude": 1.53, "azimuth": 49.1, "type": "anchor"}}, {"type": "Feature", "geometry": {"type": "LineString", "coordinates": [[89.50685434579998, 22.9242004763], [89.55325434579999, 22.9644004763]]}, "properties": {"station": "KHU1", "magnitude": 1.53, "azimuth": 49.1, "type": "vector"}}, {"type": "Feature", "geometry": {"type": "Point", "coordinates": [89.55325434579999, 22.9644004763]}, "properties": {"station": "KHU1", "magnitude": 1.53, "azimuth": 49.1, "type": "head"}}, {"type": "Feature", "geometry": {"type": "Point", "coordinates": [89.53451947960002, 22.8028727998]}, "properties": {"station": "KHUL", "magnitude": 0.24, "azimuth": 256.54, "type": "anchor"}}, {"type": "Feature", "geometry": {"type": "LineString", "coordinates": [[89.53451947960002, 22.8028727998], [89.52515947960002, 22.8006327998]]}, "properties": {"station": "KHUL", "magnitude": 0.24, "azimuth": 256.54, "type": "vector"}}, {"type": "Feature", "geometry": {"type": "Point", "coordinates": [89.52515947960002, 22.8006327998]}, "properties": {"station": "KHUL", "magnitude": 0.24, "azimuth": 256.54, "type": "head"}}, {"type": "Feature", "geometry": {"type": "Point", "coordinates": [85.28816252799999, 27.6818773259]}, "properties": {"station": "KIRT", "magnitude": 3.23, "azimuth": 355.87, "type": "anchor"}}, {"type": "Feature", "geometry": {"type": "LineString", "coordinates": [[85.28816252799999, 27.6818773259], [85.27884252799998, 27.8109173259]]}, "properties": {"station": "KIRT", "magnitude": 3.23, "azimuth": 355.87, "type": "vector"}}, {"type": "Feature", "geometry": {"type": "Point", "coordinates": [85.27884252799998, 27.8109173259]}, "properties": {"station": "KIRT", "magnitude": 3.23, "azimuth": 355.87, "type": "head"}}, {"type": "Feature", "geometry": {"type": "Point", "coordinates": [85.27880460120002, 27.8007245562]}, "properties": {"station": "KKN4", "magnitude": 3.94, "azimuth": 37.08, "type": "anchor"}}, {"type": "Feature", "geometry": {"type": "LineString", "coordinates": [[85.27880460120002, 27.8007245562], [85.37380460120002, 27.9264445562]]}, "properties": {"station": "KKN4", "magnitude": 3.94, "azimuth": 37.08, "type": "vector"}}, {"type": "Feature", "geometry": {"type": "Point", "coordinates": [85.37380460120002, 27.9264445562]}, "properties": {"station": "KKN4", "magnitude": 3.94, "azimuth": 37.08, "type": "head"}}, {"type": "Feature", "geometry": {"type": "Point", "coordinates": [94.0645277035, 23.1926751209]}, "properties": {"station": "KLAY", "magnitude": 19.22, "azimuth": 43.11, "type": "anchor"}}, {"type": "Feature", "geometry": {"type": "LineString", "coordinates": [[94.0645277035, 23.1926751209], [94.58992770350001, 23.7538751209]]}, "properties": {"station": "KLAY", "magnitude": 19.22, "azimuth": 43.11, "type": "vector"}}, {"type": "Feature", "geometry": {"type": "Point", "coordinates": [94.58992770350001, 23.7538751209]}, "properties": {"station": "KLAY", "magnitude": 19.22, "azimuth": 43.11, "type": "head"}}, {"type": "Feature", "geometry": {"type": "Point", "coordinates": [86.06742923190001, 27.7862044695]}, "properties": {"station": "KLCK", "magnitude": 18.22, "azimuth": 8.24, "type": "anchor"}}, {"type": "Feature", "geometry": {"type": "LineString", "coordinates": [[86.06742923190001, 27.7862044695], [86.1719092319, 28.5074844695]]}, "properties": {"station": "KLCK", "magnitude": 18.22, "azimuth": 8.24, "type": "vector"}}, {"type": "Feature", "geometry": {"type": "Point", "coordinates": [86.1719092319, 28.5074844695]}, "properties": {"station": "KLCK", "magnitude": 18.22, "azimuth": 8.24, "type": "head"}}, {"type": "Feature", "geometry": {"type": "Point", "coordinates": [83.60329393310002, 27.7668508]}, "properties": {"station": "KLDN", "magnitude": 1.94, "azimuth": 45.54, "type": "anchor"}}, {"type": "Feature", "geometry": {"type": "LineString", "coordinates": [[83.60329393310002, 27.7668508], [83.65873393310002, 27.8212508]]}, "properties": {"station": "KLDN", "magnitude": 1.94, "azimuth": 45.54, "type": "vector"}}, {"type": "Feature", "geometry": {"type": "Point", "coordinates": [83.65873393310002, 27.8212508]}, "properties": {"station": "KLDN", "magnitude": 1.94, "azimuth": 45.54, "type": "head"}}, {"type": "Feature", "geometry": {"type": "Point", "coordinates": [89.53130102429998, 22.8526385508]}, "properties": {"station": "KLNA", "magnitude": 2.29, "azimuth": 333.1, "type": "anchor"}}, {"type": "Feature", "geometry": {"type": "LineString", "coordinates": [[89.53130102429998, 22.8526385508], [89.48982102429997, 22.934398550799997]]}, "properties": {"station": "KLNA", "magnitude": 2.29, "azimuth": 333.1, "type": "vector"}}, {"type": "Feature", "geometry": {"type": "Point", "coordinates": [89.48982102429997, 22.934398550799997]}, "properties": {"station": "KLNA", "magnitude": 2.29, "azimuth": 333.1, "type": "head"}}, {"type": "Feature", "geometry": {"type": "Point", "coordinates": [91.81219745430002, 26.1176666685]}, "properties": {"station": "KPRA", "magnitude": 5.96, "azimuth": 30.01, "type": "anchor"}}, {"type": "Feature", "geometry": {"type": "LineString", "coordinates": [[91.81219745430002, 26.1176666685], [91.93151745430002, 26.3242266685]]}, "properties": {"station": "KPRA", "magnitude": 5.96, "azimuth": 30.01, "type": "vector"}}, {"type": "Feature", "geometry": {"type": "Point", "coordinates": [91.93151745430002, 26.3242266685]}, "properties": {"station": "KPRA", "magnitude": 5.96, "azimuth": 30.01, "type": "head"}}, {"type": "Feature", "geometry": {"type": "Point", "coordinates": [92.21707675570002, 22.4986160491]}, "properties": {"station": "KPTI", "magnitude": 5.13, "azimuth": 64.1, "type": "anchor"}}, {"type": "Feature", "geometry": {"type": "LineString", "coordinates": [[92.21707675570002, 22.4986160491], [92.40175675570002, 22.588296049100002]]}, "properties": {"station": "KPTI", "magnitude": 5.13, "azimuth": 64.1, "type": "vector"}}, {"type": "Feature", "geometry": {"type": "Point", "coordinates": [92.40175675570002, 22.588296049100002]}, "properties": {"station": "KPTI", "magnitude": 5.13, "azimuth": 64.1, "type": "head"}}, {"type": "Feature", "geometry": {"type": "Point", "coordinates": [80.65707817430001, 17.5765687581]}, "properties": {"station": "KTGM", "magnitude": 0.51, "azimuth": 51.15, "type": "anchor"}}, {"type": "Feature", "geometry": {"type": "LineString", "coordinates": [[80.65707817430001, 17.5765687581], [80.67291817430001, 17.5893287581]]}, "properties": {"station": "KTGM", "magnitude": 0.51, "azimuth": 51.15, "type": "vector"}}, {"type": "Feature", "geometry": {"type": "Point", "coordinates": [80.67291817430001, 17.5893287581]}, "properties": {"station": "KTGM", "magnitude": 0.51, "azimuth": 51.15, "type": "head"}}, {"type": "Feature", "geometry": {"type": "Point", "coordinates": [85.53853102329998, 27.6184121439]}, "properties": {"station": "KUGE", "magnitude": 4.4, "azimuth": 43.56, "type": "anchor"}}, {"type": "Feature", "geometry": {"type": "LineString", "coordinates": [[85.53853102329998, 27.6184121439], [85.65989102329998, 27.7460521439]]}, "properties": {"station": "KUGE", "magnitude": 4.4, "azimuth": 43.56, "type": "vector"}}, {"type": "Feature", "geometry": {"type": "Point", "coordinates": [85.65989102329998, 27.7460521439]}, "properties": {"station": "KUGE", "magnitude": 4.4, "azimuth": 43.56, "type": "head"}}, {"type": "Feature", "geometry": {"type": "Point", "coordinates": [73.69411201700001, 17.1095733643]}, "properties": {"station": "KUND", "magnitude": 0.91, "azimuth": 49.48, "type": "anchor"}}, {"type": "Feature", "geometry": {"type": "LineString", "coordinates": [[73.69411201700001, 17.1095733643], [73.721632017, 17.133093364300002]]}, "properties": {"station": "KUND", "magnitude": 0.91, "azimuth": 49.48, "type": "vector"}}, {"type": "Feature", "geometry": {"type": "Point", "coordinates": [73.721632017, 17.133093364300002]}, "properties": {"station": "KUND", "magnitude": 0.91, "azimuth": 49.48, "type": "head"}}, {"type": "Feature", "geometry": {"type": "Point", "coordinates": [74.87552215980003, 12.7533245224]}, "properties": {"station": "KUNJ", "magnitude": 1.02, "azimuth": 114.98, "type": "anchor"}}, {"type": "Feature", "geometry": {"type": "LineString", "coordinates": [[74.87552215980003, 12.7533245224], [74.91252215980003, 12.7360845224]]}, "properties": {"station": "KUNJ", "magnitude": 1.02, "azimuth": 114.98, "type": "vector"}}, {"type": "Feature", "geometry": {"type": "Point", "coordinates": [74.91252215980003, 12.7360845224]}, "properties": {"station": "KUNJ", "magnitude": 1.02, "azimuth": 114.98, "type": "head"}}, {"type": "Feature", "geometry": {"type": "Point", "coordinates": [74.25683681999999, 34.5148499637]}, "properties": {"station": "KURA", "magnitude": 13.99, "azimuth": 49.21, "type": "anchor"}}, {"type": "Feature", "geometry": {"type": "LineString", "coordinates": [[74.25683681999999, 34.5148499637], [74.68059681999999, 34.8805299637]]}, "properties": {"station": "KURA", "magnitude": 13.99, "azimuth": 49.21, "type": "vector"}}, {"type": "Feature", "geometry": {"type": "Point", "coordinates": [74.68059681999999, 34.8805299637]}, "properties": {"station": "KURA", "magnitude": 13.99, "azimuth": 49.21, "type": "head"}}, {"type": "Feature", "geometry": {"type": "Point", "coordinates": [80.9559709916, 26.9125594091]}, "properties": {"station": "LCK2", "magnitude": 1.61, "azimuth": 62.63, "type": "anchor"}}, {"type": "Feature", "geometry": {"type": "LineString", "coordinates": [[80.9559709916, 26.9125594091], [81.0132909916, 26.9422394091]]}, "properties": {"station": "LCK2", "magnitude": 1.61, "azimuth": 62.63, "type": "vector"}}, {"type": "Feature", "geometry": {"type": "Point", "coordinates": [81.0132909916, 26.9422394091]}, "properties": {"station": "LCK2", "magnitude": 1.61, "azimuth": 62.63, "type": "head"}}, {"type": "Feature", "geometry": {"type": "Point", "coordinates": [80.95563769239999, 26.9121808671]}, "properties": {"station": "LCK3", "magnitude": 2.45, "azimuth": 70.41, "type": "anchor"}}, {"type": "Feature", "geometry": {"type": "LineString", "coordinates": [[80.95563769239999, 26.9121808671], [81.04811769239998, 26.9451008671]]}, "properties": {"station": "LCK3", "magnitude": 2.45, "azimuth": 70.41, "type": "vector"}}, {"type": "Feature", "geometry": {"type": "Point", "coordinates": [81.04811769239998, 26.9451008671]}, "properties": {"station": "LCK3", "magnitude": 2.45, "azimuth": 70.41, "type": "head"}}, {"type": "Feature", "geometry": {"type": "Point", "coordinates": [80.9556193258, 26.9121447634]}, "properties": {"station": "LCK4", "magnitude": 2.72, "azimuth": 66.38, "type": "anchor"}}, {"type": "Feature", "geometry": {"type": "LineString", "coordinates": [[80.9556193258, 26.9121447634], [81.0552193258, 26.9557047634]]}, "properties": {"station": "LCK4", "magnitude": 2.72, "azimuth": 66.38, "type": "vector"}}, {"type": "Feature", "geometry": {"type": "Point", "coordinates": [81.0552193258, 26.9557047634]}, "properties": {"station": "LCK4", "magnitude": 2.72, "azimuth": 66.38, "type": "head"}}, {"type": "Feature", "geometry": {"type": "Point", "coordinates": [80.95589298620001, 26.9124393426]}, "properties": {"station": "LCKI", "magnitude": 1.77, "azimuth": 82.66, "type": "anchor"}}, {"type": "Feature", "geometry": {"type": "LineString", "coordinates": [[80.95589298620001, 26.9124393426], [81.02605298620001, 26.921479342599998]]}, "properties": {"station": "LCKI", "magnitude": 1.77, "azimuth": 82.66, "type": "vector"}}, {"type": "Feature", "geometry": {"type": "Point", "coordinates": [81.02605298620001, 26.921479342599998]}, "properties": {"station": "LCKI", "magnitude": 1.77, "azimuth": 82.66, "type": "head"}}, {"type": "Feature", "geometry": {"type": "Point", "coordinates": [77.17160351069998, 28.6370696045]}, "properties": {"station": "LIAA", "magnitude": 1.16, "azimuth": 348.33, "type": "anchor"}}, {"type": "Feature", "geometry": {"type": "LineString", "coordinates": [[77.17160351069998, 28.6370696045], [77.16224351069998, 28.6823896045]]}, "properties": {"station": "LIAA", "magnitude": 1.16, "azimuth": 348.33, "type": "vector"}}, {"type": "Feature", "geometry": {"type": "Point", "coordinates": [77.16224351069998, 28.6823896045]}, "properties": {"station": "LIAA", "magnitude": 1.16, "azimuth": 348.33, "type": "head"}}, {"type": "Feature", "geometry": {"type": "Point", "coordinates": [84.573413937, 28.1741162485]}, "properties": {"station": "LMJG", "magnitude": 10.56, "azimuth": 25.99, "type": "anchor"}}, {"type": "Feature", "geometry": {"type": "LineString", "coordinates": [[84.573413937, 28.1741162485], [84.758493937, 28.553756248499997]]}, "properties": {"station": "LMJG", "magnitude": 10.56, "azimuth": 25.99, "type": "vector"}}, {"type": "Feature", "geometry": {"type": "Point", "coordinates": [84.758493937, 28.553756248499997]}, "properties": {"station": "LMJG", "magnitude": 10.56, "azimuth": 25.99, "type": "head"}}, {"type": "Feature", "geometry": {"type": "Point", "coordinates": [96.21651426969999, 20.4787178106]}, "properties": {"station": "M10E", "magnitude": 38.39, "azimuth": 24.29, "type": "anchor"}}, {"type": "Feature", "geometry": {"type": "LineString", "coordinates": [[96.21651426969999, 20.4787178106], [96.84819426969999, 21.878437810599998]]}, "properties": {"station": "M10E", "magnitude": 38.39, "azimuth": 24.29, "type": "vector"}}, {"type": "Feature", "geometry": {"type": "Point", "coordinates": [96.84819426969999, 21.878437810599998]}, "properties": {"station": "M10E", "magnitude": 38.39, "azimuth": 24.29, "type": "head"}}, {"type": "Feature", "geometry": {"type": "Point", "coordinates": [95.9709723117, 20.3844605378]}, "properties": {"station": "M10W", "magnitude": 29.22, "azimuth": 33.92, "type": "anchor"}}, {"type": "Feature", "geometry": {"type": "LineString", "coordinates": [[95.9709723117, 20.3844605378], [96.6232123117, 21.3545405378]]}, "properties": {"station": "M10W", "magnitude": 29.22, "azimuth": 33.92, "type": "vector"}}, {"type": "Feature", "geometry": {"type": "Point", "coordinates": [96.6232123117, 21.3545405378]}, "properties": {"station": "M10W", "magnitude": 29.22, "azimuth": 33.92, "type": "head"}}, {"type": "Feature", "geometry": {"type": "Point", "coordinates": [73.5262850217, 4.1886823777]}, "properties": {"station": "MALD", "magnitude": 0.43, "azimuth": 296.09, "type": "anchor"}}, {"type": "Feature", "geometry": {"type": "LineString", "coordinates": [[73.5262850217, 4.1886823777], [73.5108450217, 4.1962423777]]}, "properties": {"station": "MALD", "magnitude": 0.43, "azimuth": 296.09, "type": "vector"}}, {"type": "Feature", "geometry": {"type": "Point", "coordinates": [73.5108450217, 4.1962423777]}, "properties": {"station": "MALD", "magnitude": 0.43, "azimuth": 296.09, "type": "head"}}, {"type": "Feature", "geometry": {"type": "Point", "coordinates": [77.69393228809997, 27.4714980725]}, "properties": {"station": "MAT4", "magnitude": 1.95, "azimuth": 49.75, "type": "anchor"}}, {"type": "Feature", "geometry": {"type": "LineString", "coordinates": [[77.69393228809997, 27.4714980725], [77.75337228809997, 27.5218180725]]}, "properties": {"station": "MAT4", "magnitude": 1.95, "azimuth": 49.75, "type": "vector"}}, {"type": "Feature", "geometry": {"type": "Point", "coordinates": [77.75337228809997, 27.5218180725]}, "properties": {"station": "MAT4", "magnitude": 1.95, "azimuth": 49.75, "type": "head"}}, {"type": "Feature", "geometry": {"type": "Point", "coordinates": [91.90637274279999, 24.39719212]}, "properties": {"station": "MAU2", "magnitude": 4.9, "azimuth": 47.31, "type": "anchor"}}, {"type": "Feature", "geometry": {"type": "LineString", "coordinates": [[91.90637274279999, 24.39719212], [92.05029274279998, 24.52995212]]}, "properties": {"station": "MAU2", "magnitude": 4.9, "azimuth": 47.31, "type": "vector"}}, {"type": "Feature", "geometry": {"type": "Point", "coordinates": [92.05029274279998, 24.52995212]}, "properties": {"station": "MAU2", "magnitude": 4.9, "azimuth": 47.31, "type": "head"}}, {"type": "Feature", "geometry": {"type": "Point", "coordinates": [73.05869019059998, 8.2815326536]}, "properties": {"station": "MCOI", "magnitude": 0.9, "azimuth": 305.63, "type": "anchor"}}, {"type": "Feature", "geometry": {"type": "LineString", "coordinates": [[73.05869019059998, 8.2815326536], [73.02933019059998, 8.302572653599999]]}, "properties": {"station": "MCOI", "magnitude": 0.9, "azimuth": 305.63, "type": "vector"}}, {"type": "Feature", "geometry": {"type": "Point", "coordinates": [73.02933019059998, 8.302572653599999]}, "properties": {"station": "MCOI", "magnitude": 0.9, "azimuth": 305.63, "type": "head"}}, {"type": "Feature", "geometry": {"type": "Point", "coordinates": [91.84466556339999, 22.8512289448]}, "properties": {"station": "MKCH", "magnitude": 2.38, "azimuth": 99.22, "type": "anchor"}}, {"type": "Feature", "geometry": {"type": "LineString", "coordinates": [[91.84466556339999, 22.8512289448], [91.93850556339999, 22.8359889448]]}, "properties": {"station": "MKCH", "magnitude": 2.38, "azimuth": 99.22, "type": "vector"}}, {"type": "Feature", "geometry": {"type": "Point", "coordinates": [91.93850556339999, 22.8359889448]}, "properties": {"station": "MKCH", "magnitude": 2.38, "azimuth": 99.22, "type": "head"}}, {"type": "Feature", "geometry": {"type": "Point", "coordinates": [91.39092251030002, 23.9864724338]}, "properties": {"station": "MPU1", "magnitude": 1.74, "azimuth": 42.84, "type": "anchor"}}, {"type": "Feature", "geometry": {"type": "LineString", "coordinates": [[91.39092251030002, 23.9864724338], [91.43828251030001, 24.0375524338]]}, "properties": {"station": "MPU1", "magnitude": 1.74, "azimuth": 42.84, "type": "vector"}}, {"type": "Feature", "geometry": {"type": "Point", "coordinates": [91.43828251030001, 24.0375524338]}, "properties": {"station": "MPU1", "magnitude": 1.74, "azimuth": 42.84, "type": "head"}}, {"type": "Feature", "geometry": {"type": "Point", "coordinates": [90.03013020280002, 24.6042393328]}, "properties": {"station": "MPUR", "magnitude": 1.71, "azimuth": 330.06, "type": "anchor"}}, {"type": "Feature", "geometry": {"type": "LineString", "coordinates": [[90.03013020280002, 24.6042393328], [89.99601020280002, 24.663479332799998]]}, "properties": {"station": "MPUR", "magnitude": 1.71, "azimuth": 330.06, "type": "vector"}}, {"type": "Feature", "geometry": {"type": "Point", "coordinates": [89.99601020280002, 24.663479332799998]}, "properties": {"station": "MPUR", "magnitude": 1.71, "azimuth": 330.06, "type": "head"}}, {"type": "Feature", "geometry": {"type": "Point", "coordinates": [77.65012878409999, 8.762210417]}, "properties": {"station": "MSON", "magnitude": 0.55, "azimuth": 255.01, "type": "anchor"}}, {"type": "Feature", "geometry": {"type": "LineString", "coordinates": [[77.65012878409999, 8.762210417], [77.62876878409999, 8.756490417]]}, "properties": {"station": "MSON", "magnitude": 0.55, "azimuth": 255.01, "type": "vector"}}, {"type": "Feature", "geometry": {"type": "Point", "coordinates": [77.62876878409999, 8.756490417]}, "properties": {"station": "MSON", "magnitude": 0.55, "azimuth": 255.01, "type": "head"}}, {"type": "Feature", "geometry": {"type": "Point", "coordinates": [91.83360566840003, 25.5636516579]}, "properties": {"station": "MTWR", "magnitude": 5.08, "azimuth": 40.24, "type": "anchor"}}, {"type": "Feature", "geometry": {"type": "LineString", "coordinates": [[91.83360566840003, 25.5636516579], [91.96476566840002, 25.7186516579]]}, "properties": {"station": "MTWR", "magnitude": 5.08, "azimuth": 40.24, "type": "vector"}}, {"type": "Feature", "geometry": {"type": "Point", "coordinates": [91.96476566840002, 25.7186516579]}, "properties": {"station": "MTWR", "magnitude": 5.08, "azimuth": 40.24, "type": "head"}}, {"type": "Feature", "geometry": {"type": "Point", "coordinates": [68.25598644730002, 25.4006334255]}, "properties": {"station": "MUET", "magnitude": 2.56, "azimuth": 40.39, "type": "anchor"}}, {"type": "Feature", "geometry": {"type": "LineString", "coordinates": [[68.25598644730002, 25.4006334255], [68.32238644730002, 25.478673425500002]]}, "properties": {"station": "MUET", "magnitude": 2.56, "azimuth": 40.39, "type": "vector"}}, {"type": "Feature", "geometry": {"type": "Point", "coordinates": [68.32238644730002, 25.478673425500002]}, "properties": {"station": "MUET", "magnitude": 2.56, "azimuth": 40.39, "type": "head"}}, {"type": "Feature", "geometry": {"type": "Point", "coordinates": [85.52121514219999, 27.6927205478]}, "properties": {"station": "NAGA", "magnitude": 1.07, "azimuth": 16.89, "type": "anchor"}}, {"type": "Feature", "geometry": {"type": "LineString", "coordinates": [[85.52121514219999, 27.6927205478], [85.53361514219999, 27.7335605478]]}, "properties": {"station": "NAGA", "magnitude": 1.07, "azimuth": 16.89, "type": "vector"}}, {"type": "Feature", "geometry": {"type": "Point", "coordinates": [85.53361514219999, 27.7335605478]}, "properties": {"station": "NAGA", "magnitude": 1.07, "azimuth": 16.89, "type": "head"}}, {"type": "Feature", "geometry": {"type": "Point", "coordinates": [85.5209187785, 27.6933921795]}, "properties": {"station": "NAGR", "magnitude": 4.97, "azimuth": 36.67, "type": "anchor"}}, {"type": "Feature", "geometry": {"type": "LineString", "coordinates": [[85.5209187785, 27.6933921795], [85.6396387785, 27.852832179500002]]}, "properties": {"station": "NAGR", "magnitude": 4.97, "azimuth": 36.67, "type": "vector"}}, {"type": "Feature", "geometry": {"type": "Point", "coordinates": [85.6396387785, 27.852832179500002]}, "properties": {"station": "NAGR", "magnitude": 4.97, "azimuth": 36.67, "type": "head"}}, {"type": "Feature", "geometry": {"type": "Point", "coordinates": [85.32772612240001, 27.6566765598]}, "properties": {"station": "NAST", "magnitude": 3.97, "azimuth": 93.25, "type": "anchor"}}, {"type": "Feature", "geometry": {"type": "LineString", "coordinates": [[85.32772612240001, 27.6566765598], [85.48612612240001, 27.6476765598]]}, "properties": {"station": "NAST", "magnitude": 3.97, "azimuth": 93.25, "type": "vector"}}, {"type": "Feature", "geometry": {"type": "Point", "coordinates": [85.48612612240001, 27.6476765598]}, "properties": {"station": "NAST", "magnitude": 3.97, "azimuth": 93.25, "type": "head"}}, {"type": "Feature", "geometry": {"type": "Point", "coordinates": [81.57467300870002, 28.1340967034]}, "properties": {"station": "NEPA", "magnitude": 1.85, "azimuth": 155.88, "type": "anchor"}}, {"type": "Feature", "geometry": {"type": "LineString", "coordinates": [[81.57467300870002, 28.1340967034], [81.60495300870002, 28.0664567034]]}, "properties": {"station": "NEPA", "magnitude": 1.85, "azimuth": 155.88, "type": "vector"}}, {"type": "Feature", "geometry": {"type": "Point", "coordinates": [81.60495300870002, 28.0664567034]}, "properties": {"station": "NEPA", "magnitude": 1.85, "azimuth": 155.88, "type": "head"}}, {"type": "Feature", "geometry": {"type": "Point", "coordinates": [81.61535072890001, 28.0493497766]}, "properties": {"station": "NEPJ", "magnitude": 2.46, "azimuth": 65.21, "type": "anchor"}}, {"type": "Feature", "geometry": {"type": "LineString", "coordinates": [[81.61535072890001, 28.0493497766], [81.70471072890001, 28.0906297766]]}, "properties": {"station": "NEPJ", "magnitude": 2.46, "azimuth": 65.21, "type": "vector"}}, {"type": "Feature", "geometry": {"type": "Point", "coordinates": [81.70471072890001, 28.0906297766]}, "properties": {"station": "NEPJ", "magnitude": 2.46, "azimuth": 65.21, "type": "head"}}, {"type": "Feature", "geometry": {"type": "Point", "coordinates": [88.00022952760003, 26.9261083955]}, "properties": {"station": "NMS2", "magnitude": 1.3, "azimuth": 32.37, "type": "anchor"}}, {"type": "Feature", "geometry": {"type": "LineString", "coordinates": [[88.00022952760003, 26.9261083955], [88.02814952760002, 26.970148395499997]]}, "properties": {"station": "NMS2", "magnitude": 1.3, "azimuth": 32.37, "type": "vector"}}, {"type": "Feature", "geometry": {"type": "Point", "coordinates": [88.02814952760002, 26.970148395499997]}, "properties": {"station": "NMS2", "magnitude": 1.3, "azimuth": 32.37, "type": "head"}}, {"type": "Feature", "geometry": {"type": "Point", "coordinates": [81.5953041267, 28.117175492]}, "properties": {"station": "NPGJ", "magnitude": 0.92, "azimuth": 88.45, "type": "anchor"}}, {"type": "Feature", "geometry": {"type": "LineString", "coordinates": [[81.5953041267, 28.117175492], [81.6321841267, 28.118175492000002]]}, "properties": {"station": "NPGJ", "magnitude": 0.92, "azimuth": 88.45, "type": "vector"}}, {"type": "Feature", "geometry": {"type": "Point", "coordinates": [81.6321841267, 28.118175492000002]}, "properties": {"station": "NPGJ", "magnitude": 0.92, "azimuth": 88.45, "type": "head"}}, {"type": "Feature", "geometry": {"type": "Point", "coordinates": [87.39213854619999, 26.8660903735]}, "properties": {"station": "ODRE", "magnitude": 0.76, "azimuth": 46.87, "type": "anchor"}}, {"type": "Feature", "geometry": {"type": "LineString", "coordinates": [[87.39213854619999, 26.8660903735], [87.41429854619999, 26.8868503735]]}, "properties": {"station": "ODRE", "magnitude": 0.76, "azimuth": 46.87, "type": "vector"}}, {"type": "Feature", "geometry": {"type": "Point", "coordinates": [87.41429854619999, 26.8868503735]}, "properties": {"station": "ODRE", "magnitude": 0.76, "azimuth": 46.87, "type": "head"}}, {"type": "Feature", "geometry": {"type": "Point", "coordinates": [80.0414135519, 15.497057637]}, "properties": {"station": "ONG1", "magnitude": 0.29, "azimuth": 20.67, "type": "anchor"}}, {"type": "Feature", "geometry": {"type": "LineString", "coordinates": [[80.0414135519, 15.497057637], [80.04553355190001, 15.507977637]]}, "properties": {"station": "ONG1", "magnitude": 0.29, "azimuth": 20.67, "type": "vector"}}, {"type": "Feature", "geometry": {"type": "Point", "coordinates": [80.04553355190001, 15.507977637]}, "properties": {"station": "ONG1", "magnitude": 0.29, "azimuth": 20.67, "type": "head"}}, {"type": "Feature", "geometry": {"type": "Point", "coordinates": [80.70262386259998, 7.2727545448]}, "properties": {"station": "PALK", "magnitude": 2.71, "azimuth": 266.42, "type": "anchor"}}, {"type": "Feature", "geometry": {"type": "LineString", "coordinates": [[80.70262386259998, 7.2727545448], [80.59442386259998, 7.2659945448]]}, "properties": {"station": "PALK", "magnitude": 2.71, "azimuth": 266.42, "type": "vector"}}, {"type": "Feature", "geometry": {"type": "Point", "coordinates": [80.59442386259998, 7.2659945448]}, "properties": {"station": "PALK", "magnitude": 2.71, "azimuth": 266.42, "type": "head"}}, {"type": "Feature", "geometry": {"type": "Point", "coordinates": [92.71224569869997, 11.6378062053]}, "properties": {"station": "PBR2", "magnitude": 40.68, "azimuth": 65.4, "type": "anchor"}}, {"type": "Feature", "geometry": {"type": "LineString", "coordinates": [[92.71224569869997, 11.6378062053], [94.19184569869998, 12.3152062053]]}, "properties": {"station": "PBR2", "magnitude": 40.68, "azimuth": 65.4, "type": "vector"}}, {"type": "Feature", "geometry": {"type": "Point", "coordinates": [94.19184569869998, 12.3152062053]}, "properties": {"station": "PBR2", "magnitude": 40.68, "azimuth": 65.4, "type": "head"}}, {"type": "Feature", "geometry": {"type": "Point", "coordinates": [92.71242855539998, 11.6374404089]}, "properties": {"station": "PBR4", "magnitude": 29.45, "azimuth": 67.66, "type": "anchor"}}, {"type": "Feature", "geometry": {"type": "LineString", "coordinates": [[92.71242855539998, 11.6374404089], [93.80206855539998, 12.0852004089]]}, "properties": {"station": "PBR4", "magnitude": 29.45, "azimuth": 67.66, "type": "vector"}}, {"type": "Feature", "geometry": {"type": "Point", "coordinates": [93.80206855539998, 12.0852004089]}, "properties": {"station": "PBR4", "magnitude": 29.45, "azimuth": 67.66, "type": "head"}}, {"type": "Feature", "geometry": {"type": "Point", "coordinates": [92.7121366179, 11.6377802038]}, "properties": {"station": "PBRI", "magnitude": 37.22, "azimuth": 65.16, "type": "anchor"}}, {"type": "Feature", "geometry": {"type": "LineString", "coordinates": [[92.7121366179, 11.6377802038], [94.0630566179, 12.263220203800001]]}, "properties": {"station": "PBRI", "magnitude": 37.22, "azimuth": 65.16, "type": "vector"}}, {"type": "Feature", "geometry": {"type": "Point", "coordinates": [94.0630566179, 12.263220203800001]}, "properties": {"station": "PBRI", "magnitude": 37.22, "azimuth": 65.16, "type": "head"}}, {"type": "Feature", "geometry": {"type": "Point", "coordinates": [89.43590368809998, 22.5045733021]}, "properties": {"station": "PD32", "magnitude": 2.02, "azimuth": 50.58, "type": "anchor"}}, {"type": "Feature", "geometry": {"type": "LineString", "coordinates": [[89.43590368809998, 22.5045733021], [89.49842368809999, 22.5559733021]]}, "properties": {"station": "PD32", "magnitude": 2.02, "azimuth": 50.58, "type": "vector"}}, {"type": "Feature", "geometry": {"type": "Point", "coordinates": [89.49842368809999, 22.5559733021]}, "properties": {"station": "PD32", "magnitude": 2.02, "azimuth": 50.58, "type": "head"}}, {"type": "Feature", "geometry": {"type": "Point", "coordinates": [89.39485062670002, 26.850120115]}, "properties": {"station": "PHUN", "magnitude": 4.59, "azimuth": 2.55, "type": "anchor"}}, {"type": "Feature", "geometry": {"type": "LineString", "coordinates": [[89.39485062670002, 26.850120115], [89.40301062670002, 27.033440114999998]]}, "properties": {"station": "PHUN", "magnitude": 4.59, "azimuth": 2.55, "type": "vector"}}, {"type": "Feature", "geometry": {"type": "Point", "coordinates": [89.40301062670002, 27.033440114999998]}, "properties": {"station": "PHUN", "magnitude": 4.59, "azimuth": 2.55, "type": "head"}}, {"type": "Feature", "geometry": {"type": "Point", "coordinates": [96.47236162159999, 22.0253462605]}, "properties": {"station": "POL5", "magnitude": 38.64, "azimuth": 23.4, "type": "anchor"}}, {"type": "Feature", "geometry": {"type": "LineString", "coordinates": [[96.47236162159999, 22.0253462605], [97.08628162159998, 23.4438262605]]}, "properties": {"station": "POL5", "magnitude": 38.64, "azimuth": 23.4, "type": "vector"}}, {"type": "Feature", "geometry": {"type": "Point", "coordinates": [97.08628162159998, 23.4438262605]}, "properties": {"station": "POL5", "magnitude": 38.64, "azimuth": 23.4, "type": "head"}}, {"type": "Feature", "geometry": {"type": "Point", "coordinates": [73.88155287479998, 18.5576670781]}, "properties": {"station": "PUNE", "magnitude": 2.26, "azimuth": 31.37, "type": "anchor"}}, {"type": "Feature", "geometry": {"type": "LineString", "coordinates": [[73.88155287479998, 18.5576670781], [73.92859287479997, 18.6348270781]]}, "properties": {"station": "PUNE", "magnitude": 2.26, "azimuth": 31.37, "type": "vector"}}, {"type": "Feature", "geometry": {"type": "Point", "coordinates": [73.92859287479997, 18.6348270781]}, "properties": {"station": "PUNE", "magnitude": 2.26, "azimuth": 31.37, "type": "head"}}, {"type": "Feature", "geometry": {"type": "Point", "coordinates": [90.38332769639999, 22.4650187329]}, "properties": {"station": "PUST", "magnitude": 1.03, "azimuth": 120.87, "type": "anchor"}}, {"type": "Feature", "geometry": {"type": "LineString", "coordinates": [[90.38332769639999, 22.4650187329], [90.41872769639998, 22.4438587329]]}, "properties": {"station": "PUST", "magnitude": 1.03, "azimuth": 120.87, "type": "vector"}}, {"type": "Feature", "geometry": {"type": "Point", "coordinates": [90.41872769639998, 22.4438587329]}, "properties": {"station": "PUST", "magnitude": 1.03, "azimuth": 120.87, "type": "head"}}, {"type": "Feature", "geometry": {"type": "Point", "coordinates": [82.98671167139997, 28.101259846]}, "properties": {"station": "PYUT", "magnitude": 2.39, "azimuth": 51.65, "type": "anchor"}}, {"type": "Feature", "geometry": {"type": "LineString", "coordinates": [[82.98671167139997, 28.101259846], [83.06175167139997, 28.160619846000003]]}, "properties": {"station": "PYUT", "magnitude": 2.39, "azimuth": 51.65, "type": "vector"}}, {"type": "Feature", "geometry": {"type": "Point", "coordinates": [83.06175167139997, 28.160619846000003]}, "properties": {"station": "PYUT", "magnitude": 2.39, "azimuth": 51.65, "type": "head"}}, {"type": "Feature", "geometry": {"type": "Point", "coordinates": [80.7250777909, 7.2744161929]}, "properties": {"station": "QKNP", "magnitude": 1.47, "azimuth": 248.65, "type": "anchor"}}, {"type": "Feature", "geometry": {"type": "LineString", "coordinates": [[80.7250777909, 7.2744161929], [80.6704377909, 7.253056192900001]]}, "properties": {"station": "QKNP", "magnitude": 1.47, "azimuth": 248.65, "type": "vector"}}, {"type": "Feature", "geometry": {"type": "Point", "coordinates": [80.6704377909, 7.253056192900001]}, "properties": {"station": "QKNP", "magnitude": 1.47, "azimuth": 248.65, "type": "head"}}, {"type": "Feature", "geometry": {"type": "Point", "coordinates": [88.63801571850001, 24.3709475703]}, "properties": {"station": "RAJS", "magnitude": 2.22, "azimuth": 78.46, "type": "anchor"}}, {"type": "Feature", "geometry": {"type": "LineString", "coordinates": [[88.63801571850001, 24.3709475703], [88.72521571850001, 24.3887475703]]}, "properties": {"station": "RAJS", "magnitude": 2.22, "azimuth": 78.46, "type": "vector"}}, {"type": "Feature", "geometry": {"type": "Point", "coordinates": [88.72521571850001, 24.3887475703]}, "properties": {"station": "RAJS", "magnitude": 2.22, "azimuth": 78.46, "type": "head"}}, {"type": "Feature", "geometry": {"type": "Point", "coordinates": [89.2215832485, 25.7640121139]}, "properties": {"station": "RANG", "magnitude": 1.42, "azimuth": 63.31, "type": "anchor"}}, {"type": "Feature", "geometry": {"type": "LineString", "coordinates": [[89.2215832485, 25.7640121139], [89.27242324849999, 25.7895721139]]}, "properties": {"station": "RANG", "magnitude": 1.42, "azimuth": 63.31, "type": "vector"}}, {"type": "Feature", "geometry": {"type": "Point", "coordinates": [89.27242324849999, 25.7895721139]}, "properties": {"station": "RANG", "magnitude": 1.42, "azimuth": 63.31, "type": "head"}}, {"type": "Feature", "geometry": {"type": "Point", "coordinates": [80.38076960069998, 6.7129897769]}, "properties": {"station": "RAT2", "magnitude": 1.9, "azimuth": 259.64, "type": "anchor"}}, {"type": "Feature", "geometry": {"type": "LineString", "coordinates": [[80.38076960069998, 6.7129897769], [80.30596960069998, 6.6993097769]]}, "properties": {"station": "RAT2", "magnitude": 1.9, "azimuth": 259.64, "type": "vector"}}, {"type": "Feature", "geometry": {"type": "Point", "coordinates": [80.30596960069998, 6.6993097769]}, "properties": {"station": "RAT2", "magnitude": 1.9, "azimuth": 259.64, "type": "head"}}, {"type": "Feature", "geometry": {"type": "Point", "coordinates": [89.39230897599998, 26.8492525049]}, "properties": {"station": "RBIT", "magnitude": 7.23, "azimuth": 259.78, "type": "anchor"}}, {"type": "Feature", "geometry": {"type": "LineString", "coordinates": [[89.39230897599998, 26.8492525049], [89.10770897599998, 26.7979325049]]}, "properties": {"station": "RBIT", "magnitude": 7.23, "azimuth": 259.78, "type": "vector"}}, {"type": "Feature", "geometry": {"type": "Point", "coordinates": [89.10770897599998, 26.7979325049]}, "properties": {"station": "RBIT", "magnitude": 7.23, "azimuth": 259.78, "type": "head"}}, {"type": "Feature", "geometry": {"type": "Point", "coordinates": [75.78662030380002, 26.9675104125]}, "properties": {"station": "RGDC", "magnitude": 2.18, "azimuth": 19.69, "type": "anchor"}}, {"type": "Feature", "geometry": {"type": "LineString", "coordinates": [[75.78662030380002, 26.9675104125], [75.81602030380002, 27.0496704125]]}, "properties": {"station": "RGDC", "magnitude": 2.18, "azimuth": 19.69, "type": "vector"}}, {"type": "Feature", "geometry": {"type": "Point", "coordinates": [75.81602030380002, 27.0496704125]}, "properties": {"station": "RGDC", "magnitude": 2.18, "azimuth": 19.69, "type": "head"}}, {"type": "Feature", "geometry": {"type": "Point", "coordinates": [86.55001042790002, 27.3051259636]}, "properties": {"station": "RMJT", "magnitude": 6.44, "azimuth": 10.78, "type": "anchor"}}, {"type": "Feature", "geometry": {"type": "LineString", "coordinates": [[86.55001042790002, 27.3051259636], [86.59821042790001, 27.5583659636]]}, "properties": {"station": "RMJT", "magnitude": 6.44, "azimuth": 10.78, "type": "vector"}}, {"type": "Feature", "geometry": {"type": "Point", "coordinates": [86.59821042790001, 27.5583659636]}, "properties": {"station": "RMJT", "magnitude": 6.44, "azimuth": 10.78, "type": "head"}}, {"type": "Feature", "geometry": {"type": "Point", "coordinates": [86.5970592269, 26.9909482142]}, "properties": {"station": "RMTE", "magnitude": 3.17, "azimuth": 59.93, "type": "anchor"}}, {"type": "Feature", "geometry": {"type": "LineString", "coordinates": [[86.5970592269, 26.9909482142], [86.7066192269, 27.0543882142]]}, "properties": {"station": "RMTE", "magnitude": 3.17, "azimuth": 59.93, "type": "vector"}}, {"type": "Feature", "geometry": {"type": "Point", "coordinates": [86.7066192269, 27.0543882142]}, "properties": {"station": "RMTE", "magnitude": 3.17, "azimuth": 59.93, "type": "head"}}, {"type": "Feature", "geometry": {"type": "Point", "coordinates": [85.3156473825, 23.4466372207]}, "properties": {"station": "RNCI", "magnitude": 1.99, "azimuth": 107.1, "type": "anchor"}}, {"type": "Feature", "geometry": {"type": "LineString", "coordinates": [[85.3156473825, 23.4466372207], [85.3915673825, 23.4232772207]]}, "properties": {"station": "RNCI", "magnitude": 1.99, "azimuth": 107.1, "type": "vector"}}, {"type": "Feature", "geometry": {"type": "Point", "coordinates": [85.3915673825, 23.4232772207]}, "properties": {"station": "RNCI", "magnitude": 1.99, "azimuth": 107.1, "type": "head"}}, {"type": "Feature", "geometry": {"type": "Point", "coordinates": [92.90638449289997, 12.5135600847]}, "properties": {"station": "RNGT", "magnitude": 25.63, "azimuth": 79.46, "type": "anchor"}}, {"type": "Feature", "geometry": {"type": "LineString", "coordinates": [[92.90638449289997, 12.5135600847], [93.91446449289998, 12.701080084700001]]}, "properties": {"station": "RNGT", "magnitude": 25.63, "azimuth": 79.46, "type": "vector"}}, {"type": "Feature", "geometry": {"type": "Point", "coordinates": [93.91446449289998, 12.701080084700001]}, "properties": {"station": "RNGT", "magnitude": 25.63, "azimuth": 79.46, "type": "head"}}, {"type": "Feature", "geometry": {"type": "Point", "coordinates": [90.76319000000001, 23.036452596]}, "properties": {"station": "RPUR", "magnitude": 1.18, "azimuth": 61.76, "type": "anchor"}}, {"type": "Feature", "geometry": {"type": "LineString", "coordinates": [[90.76319000000001, 23.036452596], [90.80467000000002, 23.058732596]]}, "properties": {"station": "RPUR", "magnitude": 1.18, "azimuth": 61.76, "type": "vector"}}, {"type": "Feature", "geometry": {"type": "Point", "coordinates": [90.80467000000002, 23.058732596]}, "properties": {"station": "RPUR", "magnitude": 1.18, "azimuth": 61.76, "type": "head"}}, {"type": "Feature", "geometry": {"type": "Point", "coordinates": [74.03187215719998, 18.3475934902]}, "properties": {"station": "SASW", "magnitude": 1.33, "azimuth": 86.72, "type": "anchor"}}, {"type": "Feature", "geometry": {"type": "LineString", "coordinates": [[74.03187215719998, 18.3475934902], [74.08499215719999, 18.3506334902]]}, "properties": {"station": "SASW", "magnitude": 1.33, "azimuth": 86.72, "type": "vector"}}, {"type": "Feature", "geometry": {"type": "Point", "coordinates": [74.08499215719999, 18.3506334902]}, "properties": {"station": "SASW", "magnitude": 1.33, "azimuth": 86.72, "type": "head"}}, {"type": "Feature", "geometry": {"type": "Point", "coordinates": [97.09694775240001, 17.4624110666]}, "properties": {"station": "SATG", "magnitude": 43.64, "azimuth": 18.36, "type": "anchor"}}, {"type": "Feature", "geometry": {"type": "LineString", "coordinates": [[97.09694775240001, 17.4624110666], [97.6466677524, 19.119011066600002]]}, "properties": {"station": "SATG", "magnitude": 43.64, "azimuth": 18.36, "type": "vector"}}, {"type": "Feature", "geometry": {"type": "Point", "coordinates": [97.6466677524, 19.119011066600002]}, "properties": {"station": "SATG", "magnitude": 43.64, "azimuth": 18.36, "type": "head"}}, {"type": "Feature", "geometry": {"type": "Point", "coordinates": [96.11896210830002, 22.5864456084]}, "properties": {"station": "SDWN", "magnitude": 37.76, "azimuth": 23.5, "type": "anchor"}}, {"type": "Feature", "geometry": {"type": "LineString", "coordinates": [[96.11896210830002, 22.5864456084], [96.72112210830002, 23.971405608399998]]}, "properties": {"station": "SDWN", "magnitude": 37.76, "azimuth": 23.5, "type": "vector"}}, {"type": "Feature", "geometry": {"type": "Point", "coordinates": [96.72112210830002, 23.971405608399998]}, "properties": {"station": "SDWN", "magnitude": 37.76, "azimuth": 23.5, "type": "head"}}, {"type": "Feature", "geometry": {"type": "Point", "coordinates": [79.87417985899998, 6.8920775572]}, "properties": {"station": "SGOC", "magnitude": 1.45, "azimuth": 269.01, "type": "anchor"}}, {"type": "Feature", "geometry": {"type": "LineString", "coordinates": [[79.87417985899998, 6.8920775572], [79.81637985899998, 6.8910775572]]}, "properties": {"station": "SGOC", "magnitude": 1.45, "azimuth": 269.01, "type": "vector"}}, {"type": "Feature", "geometry": {"type": "Point", "coordinates": [79.81637985899998, 6.8910775572]}, "properties": {"station": "SGOC", "magnitude": 1.45, "azimuth": 269.01, "type": "head"}}, {"type": "Feature", "geometry": {"type": "Point", "coordinates": [91.8847890243, 25.5657924726]}, "properties": {"station": "SHIL", "magnitude": 3.74, "azimuth": 351.28, "type": "anchor"}}, {"type": "Feature", "geometry": {"type": "LineString", "coordinates": [[91.8847890243, 25.5657924726], [91.86210902430001, 25.713632472599997]]}, "properties": {"station": "SHIL", "magnitude": 3.74, "azimuth": 351.28, "type": "vector"}}, {"type": "Feature", "geometry": {"type": "Point", "coordinates": [91.86210902430001, 25.713632472599997]}, "properties": {"station": "SHIL", "magnitude": 3.74, "azimuth": 351.28, "type": "head"}}, {"type": "Feature", "geometry": {"type": "Point", "coordinates": [91.91330309710003, 25.6739410661]}, "properties": {"station": "SHLG", "magnitude": 4.51, "azimuth": 17.45, "type": "anchor"}}, {"type": "Feature", "geometry": {"type": "LineString", "coordinates": [[91.91330309710003, 25.6739410661], [91.96742309710002, 25.8461410661]]}, "properties": {"station": "SHLG", "magnitude": 4.51, "azimuth": 17.45, "type": "vector"}}, {"type": "Feature", "geometry": {"type": "Point", "coordinates": [91.96742309710002, 25.8461410661]}, "properties": {"station": "SHLG", "magnitude": 4.51, "azimuth": 17.45, "type": "head"}}, {"type": "Feature", "geometry": {"type": "Point", "coordinates": [84.98521842420001, 27.1656427596]}, "properties": {"station": "SIM4", "magnitude": 1.6, "azimuth": 67.73, "type": "anchor"}}, {"type": "Feature", "geometry": {"type": "LineString", "coordinates": [[84.98521842420001, 27.1656427596], [85.04441842420002, 27.1898827596]]}, "properties": {"station": "SIM4", "magnitude": 1.6, "azimuth": 67.73, "type": "vector"}}, {"type": "Feature", "geometry": {"type": "Point", "coordinates": [85.04441842420002, 27.1898827596]}, "properties": {"station": "SIM4", "magnitude": 1.6, "azimuth": 67.73, "type": "head"}}, {"type": "Feature", "geometry": {"type": "Point", "coordinates": [84.98441601830001, 27.164633372]}, "properties": {"station": "SIM9", "magnitude": 2.11, "azimuth": 53.1, "type": "anchor"}}, {"type": "Feature", "geometry": {"type": "LineString", "coordinates": [[84.98441601830001, 27.164633372], [85.05181601830002, 27.215233372]]}, "properties": {"station": "SIM9", "magnitude": 2.11, "azimuth": 53.1, "type": "vector"}}, {"type": "Feature", "geometry": {"type": "Point", "coordinates": [85.05181601830002, 27.215233372]}, "properties": {"station": "SIM9", "magnitude": 2.11, "azimuth": 53.1, "type": "head"}}, {"type": "Feature", "geometry": {"type": "Point", "coordinates": [84.98381253939999, 27.1650779926]}, "properties": {"station": "SIMP", "magnitude": 9.89, "azimuth": 68.23, "type": "anchor"}}, {"type": "Feature", "geometry": {"type": "LineString", "coordinates": [[84.98381253939999, 27.1650779926], [85.35101253939999, 27.3117579926]]}, "properties": {"station": "SIMP", "magnitude": 9.89, "azimuth": 68.23, "type": "vector"}}, {"type": "Feature", "geometry": {"type": "Point", "coordinates": [85.35101253939999, 27.3117579926]}, "properties": {"station": "SIMP", "magnitude": 9.89, "azimuth": 68.23, "type": "head"}}, {"type": "Feature", "geometry": {"type": "Point", "coordinates": [91.66245624589999, 22.6148276799]}, "properties": {"station": "SITA", "magnitude": 2.31, "azimuth": 341.02, "type": "anchor"}}, {"type": "Feature", "geometry": {"type": "LineString", "coordinates": [[91.66245624589999, 22.6148276799], [91.63233624589999, 22.7023876799]]}, "properties": {"station": "SITA", "magnitude": 2.31, "azimuth": 341.02, "type": "vector"}}, {"type": "Feature", "geometry": {"type": "Point", "coordinates": [91.63233624589999, 22.7023876799]}, "properties": {"station": "SITA", "magnitude": 2.31, "azimuth": 341.02, "type": "head"}}, {"type": "Feature", "geometry": {"type": "Point", "coordinates": [80.03971901210002, 6.8259892541]}, "properties": {"station": "SL02", "magnitude": 1.99, "azimuth": 249.28, "type": "anchor"}}, {"type": "Feature", "geometry": {"type": "LineString", "coordinates": [[80.03971901210002, 6.8259892541], [79.96539901210002, 6.797869254099999]]}, "properties": {"station": "SL02", "magnitude": 1.99, "azimuth": 249.28, "type": "vector"}}, {"type": "Feature", "geometry": {"type": "Point", "coordinates": [79.96539901210002, 6.797869254099999]}, "properties": {"station": "SL02", "magnitude": 1.99, "azimuth": 249.28, "type": "head"}}, {"type": "Feature", "geometry": {"type": "Point", "coordinates": [91.83660315729998, 24.9254864319]}, "properties": {"station": "SLET", "magnitude": 4.5, "azimuth": 357.62, "type": "anchor"}}, {"type": "Feature", "geometry": {"type": "LineString", "coordinates": [[91.83660315729998, 24.9254864319], [91.82912315729997, 25.1054864319]]}, "properties": {"station": "SLET", "magnitude": 4.5, "azimuth": 357.62, "type": "vector"}}, {"type": "Feature", "geometry": {"type": "Point", "coordinates": [91.82912315729997, 25.1054864319]}, "properties": {"station": "SLET", "magnitude": 4.5, "azimuth": 357.62, "type": "head"}}, {"type": "Feature", "geometry": {"type": "Point", "coordinates": [81.80654166419998, 29.9693848567]}, "properties": {"station": "SMKT", "magnitude": 13.98, "azimuth": 15.19, "type": "anchor"}}, {"type": "Feature", "geometry": {"type": "LineString", "coordinates": [[81.80654166419998, 29.9693848567], [81.95302166419998, 30.5089048567]]}, "properties": {"station": "SMKT", "magnitude": 13.98, "azimuth": 15.19, "type": "vector"}}, {"type": "Feature", "geometry": {"type": "Point", "coordinates": [81.95302166419998, 30.5089048567]}, "properties": {"station": "SMKT", "magnitude": 13.98, "azimuth": 15.19, "type": "head"}}, {"type": "Feature", "geometry": {"type": "Point", "coordinates": [85.79885870020001, 27.3848275966]}, "properties": {"station": "SNDL", "magnitude": 3.21, "azimuth": 46.15, "type": "anchor"}}, {"type": "Feature", "geometry": {"type": "LineString", "coordinates": [[85.79885870020001, 27.3848275966], [85.89141870020002, 27.473747596600003]]}, "properties": {"station": "SNDL", "magnitude": 3.21, "azimuth": 46.15, "type": "vector"}}, {"type": "Feature", "geometry": {"type": "Point", "coordinates": [85.89141870020002, 27.473747596600003]}, "properties": {"station": "SNDL", "magnitude": 3.21, "azimuth": 46.15, "type": "head"}}, {"type": "Feature", "geometry": {"type": "Point", "coordinates": [89.8050549257, 22.2521783743]}, "properties": {"station": "SNT1", "magnitude": 1.31, "azimuth": 4.77, "type": "anchor"}}, {"type": "Feature", "geometry": {"type": "LineString", "coordinates": [[89.8050549257, 22.2521783743], [89.80941492570001, 22.3044583743]]}, "properties": {"station": "SNT1", "magnitude": 1.31, "azimuth": 4.77, "type": "vector"}}, {"type": "Feature", "geometry": {"type": "Point", "coordinates": [89.80941492570001, 22.3044583743]}, "properties": {"station": "SNT1", "magnitude": 1.31, "azimuth": 4.77, "type": "head"}}, {"type": "Feature", "geometry": {"type": "Point", "coordinates": [89.80553297239999, 22.2555686423]}, "properties": {"station": "SNT2", "magnitude": 1.47, "azimuth": 92.72, "type": "anchor"}}, {"type": "Feature", "geometry": {"type": "LineString", "coordinates": [[89.80553297239999, 22.2555686423], [89.86445297239999, 22.252768642299998]]}, "properties": {"station": "SNT2", "magnitude": 1.47, "azimuth": 92.72, "type": "vector"}}, {"type": "Feature", "geometry": {"type": "Point", "coordinates": [89.86445297239999, 22.252768642299998]}, "properties": {"station": "SNT2", "magnitude": 1.47, "azimuth": 92.72, "type": "head"}}, {"type": "Feature", "geometry": {"type": "Point", "coordinates": [73.65976968870001, 17.2332287079]}, "properties": {"station": "SPUR", "magnitude": 0.93, "azimuth": 29.07, "type": "anchor"}}, {"type": "Feature", "geometry": {"type": "LineString", "coordinates": [[73.65976968870001, 17.2332287079], [73.6778896887, 17.2658287079]]}, "properties": {"station": "SPUR", "magnitude": 0.93, "azimuth": 29.07, "type": "vector"}}, {"type": "Feature", "geometry": {"type": "Point", "coordinates": [73.6778896887, 17.2658287079]}, "properties": {"station": "SPUR", "magnitude": 0.93, "azimuth": 29.07, "type": "head"}}, {"type": "Feature", "geometry": {"type": "Point", "coordinates": [91.72658971430002, 24.3093012771]}, "properties": {"station": "SRIM", "magnitude": 6.75, "azimuth": 66.96, "type": "anchor"}}, {"type": "Feature", "geometry": {"type": "LineString", "coordinates": [[91.72658971430002, 24.3093012771], [91.97506971430002, 24.4149812771]]}, "properties": {"station": "SRIM", "magnitude": 6.75, "azimuth": 66.96, "type": "vector"}}, {"type": "Feature", "geometry": {"type": "Point", "coordinates": [91.97506971430002, 24.4149812771]}, "properties": {"station": "SRIM", "magnitude": 6.75, "azimuth": 66.96, "type": "head"}}, {"type": "Feature", "geometry": {"type": "Point", "coordinates": [83.93580734850002, 28.2602050323]}, "properties": {"station": "SRNK", "magnitude": 5.54, "azimuth": 15.91, "type": "anchor"}}, {"type": "Feature", "geometry": {"type": "LineString", "coordinates": [[83.93580734850002, 28.2602050323], [83.99656734850002, 28.4734050323]]}, "properties": {"station": "SRNK", "magnitude": 5.54, "azimuth": 15.91, "type": "vector"}}, {"type": "Feature", "geometry": {"type": "Point", "coordinates": [83.99656734850002, 28.4734050323]}, "properties": {"station": "SRNK", "magnitude": 5.54, "azimuth": 15.91, "type": "head"}}, {"type": "Feature", "geometry": {"type": "Point", "coordinates": [91.8950420233, 24.2819294751]}, "properties": {"station": "SSPS", "magnitude": 4.04, "azimuth": 55.56, "type": "anchor"}}, {"type": "Feature", "geometry": {"type": "LineString", "coordinates": [[91.8950420233, 24.2819294751], [92.0281620233, 24.3732094751]]}, "properties": {"station": "SSPS", "magnitude": 4.04, "azimuth": 55.56, "type": "vector"}}, {"type": "Feature", "geometry": {"type": "Point", "coordinates": [92.0281620233, 24.3732094751]}, "properties": {"station": "SSPS", "magnitude": 4.04, "azimuth": 55.56, "type": "head"}}, {"type": "Feature", "geometry": {"type": "Point", "coordinates": [95.71806131340003, 22.572392556]}, "properties": {"station": "SWBO", "magnitude": 28.39, "azimuth": 23.58, "type": "anchor"}}, {"type": "Feature", "geometry": {"type": "LineString", "coordinates": [[95.71806131340003, 22.572392556], [96.17242131340002, 23.613152556]]}, "properties": {"station": "SWBO", "magnitude": 28.39, "azimuth": 23.58, "type": "vector"}}, {"type": "Feature", "geometry": {"type": "Point", "coordinates": [96.17242131340002, 23.613152556]}, "properties": {"station": "SWBO", "magnitude": 28.39, "azimuth": 23.58, "type": "head"}}, {"type": "Feature", "geometry": {"type": "Point", "coordinates": [86.71245892809998, 27.8142346671]}, "properties": {"station": "SYBC", "magnitude": 13.44, "azimuth": 7.19, "type": "anchor"}}, {"type": "Feature", "geometry": {"type": "LineString", "coordinates": [[86.71245892809998, 27.8142346671], [86.77973892809997, 28.3476346671]]}, "properties": {"station": "SYBC", "magnitude": 13.44, "azimuth": 7.19, "type": "vector"}}, {"type": "Feature", "geometry": {"type": "Point", "coordinates": [86.77973892809997, 28.3476346671]}, "properties": {"station": "SYBC", "magnitude": 13.44, "azimuth": 7.19, "type": "head"}}, {"type": "Feature", "geometry": {"type": "Point", "coordinates": [93.64941977439997, 23.3542367773]}, "properties": {"station": "TEDM", "magnitude": 20.34, "azimuth": 43.64, "type": "anchor"}}, {"type": "Feature", "geometry": {"type": "LineString", "coordinates": [[93.64941977439997, 23.3542367773], [94.21097977439997, 23.943036777299998]]}, "properties": {"station": "TEDM", "magnitude": 20.34, "azimuth": 43.64, "type": "vector"}}, {"type": "Feature", "geometry": {"type": "Point", "coordinates": [94.21097977439997, 23.943036777299998]}, "properties": {"station": "TEDM", "magnitude": 20.34, "azimuth": 43.64, "type": "head"}}, {"type": "Feature", "geometry": {"type": "Point", "coordinates": [89.63032803089999, 27.4801009742]}, "properties": {"station": "THIM", "magnitude": 7.59, "azimuth": 354.15, "type": "anchor"}}, {"type": "Feature", "geometry": {"type": "LineString", "coordinates": [[89.63032803089999, 27.4801009742], [89.5994080309, 27.7819809742]]}, "properties": {"station": "THIM", "magnitude": 7.59, "azimuth": 354.15, "type": "vector"}}, {"type": "Feature", "geometry": {"type": "Point", "coordinates": [89.5994080309, 27.7819809742]}, "properties": {"station": "THIM", "magnitude": 7.59, "azimuth": 354.15, "type": "head"}}, {"type": "Feature", "geometry": {"type": "Point", "coordinates": [94.60974553070002, 23.2021246931]}, "properties": {"station": "THKG", "magnitude": 26.73, "azimuth": 42.73, "type": "anchor"}}, {"type": "Feature", "geometry": {"type": "LineString", "coordinates": [[94.60974553070002, 23.2021246931], [95.33514553070002, 23.9874046931]]}, "properties": {"station": "THKG", "magnitude": 26.73, "azimuth": 42.73, "type": "vector"}}, {"type": "Feature", "geometry": {"type": "Point", "coordinates": [95.33514553070002, 23.9874046931]}, "properties": {"station": "THKG", "magnitude": 26.73, "azimuth": 42.73, "type": "head"}}, {"type": "Feature", "geometry": {"type": "Point", "coordinates": [95.15449628760001, 22.9986436511]}, "properties": {"station": "THKK", "magnitude": 27.16, "azimuth": 37.96, "type": "anchor"}}, {"type": "Feature", "geometry": {"type": "LineString", "coordinates": [[95.15449628760001, 22.9986436511], [95.82265628760001, 23.8551236511]]}, "properties": {"station": "THKK", "magnitude": 27.16, "azimuth": 37.96, "type": "vector"}}, {"type": "Feature", "geometry": {"type": "Point", "coordinates": [95.82265628760001, 23.8551236511]}, "properties": {"station": "THKK", "magnitude": 27.16, "azimuth": 37.96, "type": "head"}}, {"type": "Feature", "geometry": {"type": "Point", "coordinates": [89.63484110690001, 27.4719278873]}, "properties": {"station": "TIMP", "magnitude": 7.14, "azimuth": 0.59, "type": "anchor"}}, {"type": "Feature", "geometry": {"type": "LineString", "coordinates": [[89.63484110690001, 27.4719278873], [89.63780110690001, 27.7574078873]]}, "properties": {"station": "TIMP", "magnitude": 7.14, "azimuth": 0.59, "type": "vector"}}, {"type": "Feature", "geometry": {"type": "Point", "coordinates": [89.63780110690001, 27.7574078873]}, "properties": {"station": "TIMP", "magnitude": 7.14, "azimuth": 0.59, "type": "head"}}, {"type": "Feature", "geometry": {"type": "Point", "coordinates": [87.70981487649999, 27.3522424064]}, "properties": {"station": "TPLJ", "magnitude": 4.42, "azimuth": 14.42, "type": "anchor"}}, {"type": "Feature", "geometry": {"type": "LineString", "coordinates": [[87.70981487649999, 27.3522424064], [87.75385487649999, 27.523522406399998]]}, "properties": {"station": "TPLJ", "magnitude": 4.42, "azimuth": 14.42, "type": "vector"}}, {"type": "Feature", "geometry": {"type": "Point", "coordinates": [87.75385487649999, 27.523522406399998]}, "properties": {"station": "TPLJ", "magnitude": 4.42, "azimuth": 14.42, "type": "head"}}, {"type": "Feature", "geometry": {"type": "Point", "coordinates": [76.96911167360003, 8.4229501066]}, "properties": {"station": "TRI1", "magnitude": 2.15, "azimuth": 183.55, "type": "anchor"}}, {"type": "Feature", "geometry": {"type": "LineString", "coordinates": [[76.96911167360003, 8.4229501066], [76.96379167360003, 8.3371501066]]}, "properties": {"station": "TRI1", "magnitude": 2.15, "azimuth": 183.55, "type": "vector"}}, {"type": "Feature", "geometry": {"type": "Point", "coordinates": [76.96379167360003, 8.3371501066]}, "properties": {"station": "TRI1", "magnitude": 2.15, "azimuth": 183.55, "type": "head"}}, {"type": "Feature", "geometry": {"type": "Point", "coordinates": [73.7128475014, 24.5800467721]}, "properties": {"station": "UDAI", "magnitude": 1.95, "azimuth": 24.87, "type": "anchor"}}, {"type": "Feature", "geometry": {"type": "LineString", "coordinates": [[73.7128475014, 24.5800467721], [73.74572750140001, 24.650966772100002]]}, "properties": {"station": "UDAI", "magnitude": 1.95, "azimuth": 24.87, "type": "vector"}}, {"type": "Feature", "geometry": {"type": "Point", "coordinates": [73.74572750140001, 24.650966772100002]}, "properties": {"station": "UDAI", "magnitude": 1.95, "azimuth": 24.87, "type": "head"}}, {"type": "Feature", "geometry": {"type": "Point", "coordinates": [83.32247521760002, 17.7249429169]}, "properties": {"station": "VIS1", "magnitude": 0.6, "azimuth": 35.98, "type": "anchor"}}, {"type": "Feature", "geometry": {"type": "LineString", "coordinates": [[83.32247521760002, 17.7249429169], [83.33647521760001, 17.7442229169]]}, "properties": {"station": "VIS1", "magnitude": 0.6, "azimuth": 35.98, "type": "vector"}}, {"type": "Feature", "geometry": {"type": "Point", "coordinates": [83.33647521760001, 17.7442229169]}, "properties": {"station": "VIS1", "magnitude": 0.6, "azimuth": 35.98, "type": "head"}}, {"type": "Feature", "geometry": {"type": "Point", "coordinates": [90.3988697922, 24.4097629979]}, "properties": {"station": "VLKA", "magnitude": 1.57, "azimuth": 2.27, "type": "anchor"}}, {"type": "Feature", "geometry": {"type": "LineString", "coordinates": [[90.3988697922, 24.4097629979], [90.40134979220001, 24.4723229979]]}, "properties": {"station": "VLKA", "magnitude": 1.57, "azimuth": 2.27, "type": "vector"}}, {"type": "Feature", "geometry": {"type": "Point", "coordinates": [90.40134979220001, 24.4723229979]}, "properties": {"station": "VLKA", "magnitude": 1.57, "azimuth": 2.27, "type": "head"}}, {"type": "Feature", "geometry": {"type": "Point", "coordinates": [96.66716673230002, 17.4693657846]}, "properties": {"station": "WAAW", "magnitude": 42.08, "azimuth": 19.07, "type": "anchor"}}, {"type": "Feature", "geometry": {"type": "LineString", "coordinates": [[96.66716673230002, 17.4693657846], [97.21724673230001, 19.0602057846]]}, "properties": {"station": "WAAW", "magnitude": 42.08, "azimuth": 19.07, "type": "vector"}}, {"type": "Feature", "geometry": {"type": "Point", "coordinates": [97.21724673230001, 19.0602057846]}, "properties": {"station": "WAAW", "magnitude": 42.08, "azimuth": 19.07, "type": "head"}}, {"type": "Feature", "geometry": {"type": "Point", "coordinates": [73.88449927580001, 17.1229830695]}, "properties": {"station": "WRNA", "magnitude": 0.54, "azimuth": 0.43, "type": "anchor"}}, {"type": "Feature", "geometry": {"type": "LineString", "coordinates": [[73.88449927580001, 17.1229830695], [73.8846592758, 17.144383069499998]]}, "properties": {"station": "WRNA", "magnitude": 0.54, "azimuth": 0.43, "type": "vector"}}, {"type": "Feature", "geometry": {"type": "Point", "coordinates": [73.8846592758, 17.144383069499998]}, "properties": {"station": "WRNA", "magnitude": 0.54, "azimuth": 0.43, "type": "head"}}, {"type": "Feature", "geometry": {"type": "Point", "coordinates": [85.89964772270002, 27.7781140315]}, "properties": {"station": "XBAR", "magnitude": 25.1, "azimuth": 10.9, "type": "anchor"}}, {"type": "Feature", "geometry": {"type": "LineString", "coordinates": [[85.89964772270002, 27.7781140315], [86.08952772270003, 28.7639940315]]}, "properties": {"station": "XBAR", "magnitude": 25.1, "azimuth": 10.9, "type": "vector"}}, {"type": "Feature", "geometry": {"type": "Point", "coordinates": [86.08952772270003, 28.7639940315]}, "properties": {"station": "XBAR", "magnitude": 25.1, "azimuth": 10.9, "type": "head"}}, {"type": "Feature", "geometry": {"type": "Point", "coordinates": [85.53732041580002, 27.556759097]}, "properties": {"station": "XYAK", "magnitude": 5.3, "azimuth": 29.3, "type": "anchor"}}, {"type": "Feature", "geometry": {"type": "LineString", "coordinates": [[85.53732041580002, 27.556759097], [85.64112041580003, 27.741719097]]}, "properties": {"station": "XYAK", "magnitude": 5.3, "azimuth": 29.3, "type": "vector"}}, {"type": "Feature", "geometry": {"type": "Point", "coordinates": [85.64112041580003, 27.741719097]}, "properties": {"station": "XYAK", "magnitude": 5.3, "azimuth": 29.3, "type": "head"}}]}